Name,Rating,Review,Salaries,Interviews,Jobs,Benefits,Photos
TCS,3.2,(1.2L),10.4L,11.4k,4.6k,11.1k,100
Accenture,3.7,(77.6k),7.3L,9.6k,14.6k,7k,49
Wipro,3.6,(68.3k),4.9L,7k,7,5k,123
Cognizant,3.7,(64.5k),6.1L,6.6k,726,5.7k,105
Capgemini,3.6,(56.7k),5L,5.7k,2k,3.9k,54
HDFC Bank,3.8,(55.7k),1.5L,3.3k,284,3.5k,113
Infosys,3.5,(51.4k),5.3L,8.6k,4k,5k,120
HCLTech,3.4,(48.5k),4L,4.7k,353,4k,74
ICICI Bank,4.0,(47.7k),1.6L,3.1k,23,3.8k,74
Tech Mahindra,3.3,(45.6k),2.8L,4.7k,735,3.5k,91
Genpact,3.6,(44.9k),2.4L,4.1k,541,3.7k,78
TP,3.8,(40.9k),1L,2.3k,1.5k,2k,41
Axis Bank,3.6,(35.2k),1L,2.1k,226,2.3k,140
Jio,4.4,(34.7k),61.2k,4.6k,--,2.6k,97
Concentrix Corporation,3.5,(34k),1.3L,2.1k,60,3.3k,75
Amazon,3.9,(33.4k),1.6L,6.2k,76,3.5k,106
Reliance Retail,3.9,(28.5k),76.5k,2k,72,1.9k,162
iEnergizer,4.5,(28.2k),25.5k,1.7k,81,976,30
LTM Limited,3.6,(27.9k),2.1L,3.5k,545,922,34
IBM,3.9,(27k),2.2L,2.7k,443,2.7k,23
HDB Financial Services,3.9,(27k),48.8k,1.2k,10,1.4k,84
Larsen & Toubro Limited,3.9,(25.3k),77.3k,2k,287,2.7k,74
Deloitte,3.6,(25k),2.9L,3.5k,470,2.5k,19
Kotak Mahindra Bank,3.6,(23.7k),88.2k,1.5k,164,1.4k,46
Reliance Industries,4.0,(21.3k),75.8k,1.7k,99,1.9k,41
Vodafone Idea,3.9,(18.2k),48.6k,724,58,2k,23
Bharti Airtel,3.8,(17.9k),50.3k,1.2k,184,1.6k,105
BYJU'S,3.2,(16.4k),49.2k,2.1k,5,1.7k,28
WNS,3.3,(16.2k),70.8k,1.3k,48,1.4k,24
IDFC FIRST Bank,4.0,(16k),51.6k,1.1k,129,838,30
Ernst & Young,3.4,(15.6k),1.5L,1.4k,3.7k,1.1k,10
IndusInd Bank,3.4,(15.1k),52.9k,802,135,841,17
AU Small Finance Bank,3.8,(15k),30.6k,742,3.2k,637,28
Tata Motors,4.1,(14.8k),44.1k,1.4k,41,1.7k,59
Bajaj Finserv,3.9,(14.2k),32.8k,842,5,763,24
Flipkart,3.9,(13.8k),57.6k,1.8k,84,1.4k,116
PwC,3.3,(13.7k),1.3L,1.6k,1.5k,907,24
Muthoot FinCorp,4.5,(13.6k),10k,2.4k,60,334,108
Mahindra & Mahindra,4.0,(12.8k),41.8k,924,2,1.2k,22
HDFC Life,3.8,(12.8k),34.2k,856,227,670,60
Infosys BPM,3.5,(12.7k),79.5k,1.1k,172,1.2k,15
DXC Technology,3.6,(12.5k),73.8k,918,96,1.2k,9
Bandhan Bank,3.6,(12.1k),27.9k,801,--,597,53
Yes Bank,3.6,(10.8k),43.1k,588,158,649,19
Digitide Solutions,3.4,(10.9k),27.4k,604,335,797,49
Mphasis,3.3,(10.7k),75.4k,963,57,883,148
Tata Steel,4.0,(10.5k),34.9k,1.1k,--,701,53
Quess,3.8,(10.3k),32.1k,562,8,473,26
UltraTech Cement,4.1,(10.2k),25.3k,865,101,686,51
Asian Paints,3.9,(10.2k),26.9k,922,94,950,37
Maruti Suzuki,4.1,(10k),29.7k,846,693,1k,32
Startek,3.0,(10.1k),25.1k,694,277,723,16
Bajaj Finance,3.9,(9.9k),24k,474,8k,548,20
Paytm,3.2,(9.8k),35.1k,937,1.1k,585,26
Sutherland Global Services,3.3,(9.7k),37.2k,846,456,953,35
Shriram Finance,3.9,(9.6k),16.1k,488,5,97,54
Equitas Small Finance Bank,4.3,(9.4k),14.2k,1k,67,473,44
Coforge,3.3,(9.5k),69.4k,1k,333,457,106
Wells Fargo,3.5,(9.3k),67.3k,722,190,918,15
Cipla,4.1,(9.1k),26.9k,636,39,906,24
EXL Service,3.6,(9k),45.4k,955,135,839,20
Ericsson,3.9,(8.7k),42.6k,485,22,1k,18
Samsung,3.9,(8.6k),26.7k,649,59,557,17
Dr. Reddy's,4.0,(8.6k),26.4k,552,56,775,30
JSW Steel,3.9,(8.5k),32.7k,901,154,659,34
Optum Global Solutions,4.0,(8.4k),53.3k,806,349,741,9
Delhivery,3.7,(8.3k),23.2k,651,367,665,81
Hexaware Technologies,3.4,(8.2k),57.1k,868,1.6k,599,30
JPMorgan Chase & Co.,3.8,(8.2k),94k,908,332,897,14
ICICI Prudential Life Insurance,3.9,(8.2k),23.1k,504,19,642,16
Ujjivan Small Finance Bank,4.0,(8.1k),13.3k,349,199,603,27
Jana Small Finance Bank,3.7,(8.1k),14.2k,325,135,621,19
Ekart Logistics,3.9,(8.1k),18k,431,--,440,95
Zydus Lifesciences,4.0,(8k),20.7k,598,28,724,21
Sun Pharmaceutical Industries,4.0,(8k),24.1k,731,309,645,8
KPMG India,3.4,(7.9k),72k,975,67,789,10
HGS,3.7,(7.8k),20.1k,281,40,970,33
Axis Max Life Insurance,4.0,(7.7k),20.9k,447,2.4k,564,22
Lupin,4.1,(7.7k),22.9k,466,75,797,11
Amazon Development Centre India,3.8,(7.6k),39.7k,919,23,612,13
ITC,3.8,(7.6k),25.7k,733,37,665,19
Hindustan Unilever,4.1,(7.5k),21.1k,493,29,719,6
L&T Construction,4.0,(7.5k),19.4k,966,--,928,42
Megha Engineering & Infrastructures,3.9,(7.4k),19.6k,614,22,573,39
Cholamandalam Investment & Finance,3.9,(7.2k),13.3k,316,106,328,43
Tata Projects,4.2,(7.3k),23k,657,65,602,64
Bajaj Life Insurance,3.8,(7.1k),18k,468,99,514,18
L&T Technology Services,3.1,(7.1k),46.1k,665,1,525,11
FIS,3.7,(6.9k),38.7k,556,138,749,17
Oracle,3.3,(6.9k),65.9k,977,23,666,39
Omega Healthcare,3.7,(6.8k),28.8k,584,137,422,32
JLL,4.1,(6.9k),26.4k,516,574,586,21
Muthoot Finance,3.7,(6.8k),13.4k,392,127,362,17
eClerx,3.0,(6.7k),34k,667,485,580,26
IIFL Finance,4.0,(6.7k),14.1k,346,75,406,23
PolicyBazaar,3.7,(6.6k),19.3k,682,1.4k,309,52
Indian Army,4.7,(6.6k),9.6k,218,--,758,16
DMart,3.9,(6.7k),20k,592,195,504,18
Indiamart Intermesh,3.6,(6.5k),21.7k,833,231,536,27
Piramal Finance,4.2,(6.5k),13.1k,312,103,461,84
Virtusa Consulting Services,3.6,(6.5k),58.2k,701,249,349,23
HSBC Group,3.8,(6.4k),46.4k,573,106,1.2k,26
SMFG India Credit,3.9,(6.3k),11.5k,229,96,364,23
BigBasket,3.9,(6.2k),20.4k,525,92,414,36
Access Healthcare,3.7,(6.3k),30.4k,426,653,398,9
GlobalLogic,3.5,(6.2k),42.8k,711,50,560,21
Manappuram Finance,4.0,(6.2k),9.6k,242,6,254,38
HCL Group,3.5,(6.2k),38.7k,529,--,658,1
ICICI Lombard General Insurance Company,3.5,(6.1k),20.8k,388,224,409,26
Firstsource Solutions,3.5,(6.1k),25.4k,383,62,583,14
Siemens,4.0,(6.1k),35.7k,530,42,654,13
Swiggy,3.7,(6.1k),25.3k,626,219,388,22
Apollo Hospitals,4.0,(6.1k),17.4k,523,328,534,3
Shapoorji Pallonji Group,4.1,(6.1k),15.6k,461,61,662,14
UST,3.7,(6k),41.6k,626,641,421,27
Aurobindo Pharma,4.0,(6k),20.4k,310,18,478,9
Tata Capital,3.9,(6k),17.2k,309,5.8k,288,24
Mahindra Finance,3.8,(6k),12.2k,234,146,538,13
Standard Chartered,3.6,(6k),42.5k,338,9,327,--
Bosch Global Software Technologies,3.7,(5.9k),41k,401,28,663,21
Ashok Leyland,4.0,(5.8k),19.1k,342,2,660,16
Citicorp,3.6,(5.8k),55.6k,654,--,544,7
Hero MotoCorp,4.1,(5.8k),16.8k,445,--,616,11
Udaan,3.9,(5.8k),15.1k,377,4,707,16
CGI Inc,4.0,(5.7k),48.2k,590,450,380,6
Kalpataru Projects International,4.1,(5.7k),14.4k,362,2,244,23
NTT DATA,3.8,(5.7k),40.1k,791,10,557,2
Nagarjuna Construction Company,4.0,(5.6k),13.2k,479,13,438,13
SBI Cards & Payment Services,3.6,(5.6k),15.8k,346,113,359,14
IQVIA,3.7,(5.6k),32.7k,587,39,563,10
BNY,3.6,(5.5k),32.7k,410,58,562,1
Cyient,3.6,(5.5k),27.7k,348,173,461,3
Schneider Electric,4.1,(5.5k),27k,482,473,465,14
CBRE,4.1,(5.5k),19.7k,378,21,494,19
SBI Life Insurance Company,3.7,(5.5k),12.3k,334,12,351,25
Persistent Systems,3.6,(5.4k),48.5k,746,387,412,33
TVS Motor,3.8,(5.4k),17.1k,445,277,573,21
JustDial,3.5,(5.4k),15.7k,413,18,373,10
State Bank of India,3.9,(5.3k),12k,354,20,417,7
KEC International,4.0,(5.3k),14.2k,451,13,485,57
ITC Infotech,3.8,(5.3k),30.6k,436,69,307,11
Amdocs,3.6,(5.2k),38.1k,579,--,638,22
Utkarsh Small Finance Bank,3.6,(5.2k),11.9k,345,41,306,56
Atos,3.8,(5.1k),33k,423,75,480,10
Varun Beverages,4.0,(5.1k),12.6k,367,19,339,32
JBM Group,3.9,(5.1k),14.3k,382,79,365,22
vivo,4.0,(5.1k),12.9k,252,28,633,3
Lenskart,3.4,(5.1k),14.2k,554,216,370,48
Randstad,3.7,(5k),17.9k,349,18,366,7
Hetero,3.9,(5k),15.8k,478,90,405,16
Intas Pharmaceuticals,4.1,(4.9k),18.2k,279,34,408,9
Havells,3.9,(4.9k),16.1k,321,23,341,14
Nagarro,3.8,(4.9k),34.5k,849,316,1.1k,16
Ecom Express,4.1,(4.9k),9.3k,270,--,311,39
Bosch,4.1,(4.9k),21.5k,394,2,620,18
Aditya Birla Fashion and Retail,4.1,(4.9k),13.5k,290,86,423,14
Tata AIA Life Insurance,3.8,(4.9k),15.4k,271,926,325,25
R1 RCM,3.8,(4.9k),22.9k,380,184,365,23
L&T Finance,3.9,(4.9k),11.9k,244,--,255,45
EY Global Delivery Services ( EY GDS),3.4,(4.9k),55k,945,20,368,18
Eviden,3.6,(4.8k),25.8k,317,--,3,11
Berger Paints,3.7,(4.8k),11k,469,303,291,11
Cars24,3.5,(4.8k),16.1k,423,84,403,18
Hewlett Packard Enterprise,4.0,(4.8k),27.9k,275,307,556,18
Mahindra Logistics,3.7,(4.8k),12.9k,259,121,455,24
Dell,3.8,(4.7k),29.7k,447,17,562,25
Deutsche Bank,3.8,(4.7k),39.3k,450,290,432,81
Home Credit Finance,4.0,(4.7k),9k,157,114,604,7
TeamLease Services,3.9,(4.7k),16.8k,273,--,228,6
Motilal Oswal Financial Services,3.6,(4.7k),13.9k,563,60,182,90
VE Commercial Vehicles,3.9,(4.6k),14.8k,309,20,379,13
Hyundai Motor India Limited,4.1,(4.6k),14.6k,339,3,538,33
OPPO,3.9,(4.6k),11.4k,268,10,591,10
Thermax Limited,4.2,(4.6k),13.7k,368,34,405,24
Carelon Global Solutions,3.9,(4.5k),29.3k,441,62,38,13
Hindalco Industries,4.2,(4.5k),13.4k,335,15,380,23
Jindal Steel Limited,3.9,(4.5k),16.6k,460,47,368,39
Jubilant Foods Works,3.7,(4.5k),10k,275,271,215,20
Macleods Pharmaceuticals,3.7,(4.5k),16.1k,285,20,353,4
State Street Corporation,3.5,(4.4k),35.1k,309,11,287,11
Aakash Educational Services,3.2,(4.4k),14.1k,388,110,222,25
Bajaj Auto,3.8,(4.4k),15.1k,343,40,489,19
LG Electronics,3.8,(4.4k),11.4k,278,13,410,18
DCB Bank,3.8,(4.3k),9.9k,240,19,264,24
RBL Bank,3.5,(4.3k),19k,256,49,227,13
HDFC ERGO General Insurance,3.9,(4.3k),12.4k,220,32,284,7
Royal Enfield,4.2,(4.3k),15.3k,215,4,403,39
Cloudnine Hospital,4.5,(4.2k),3.3k,1.7k,30,243,7
John Deere,4.0,(4.2k),16.1k,281,4,448,12
Cummins,4.3,(4.2k),15.8k,305,234,473,17
Publicis Sapient,3.2,(4.2k),33.5k,727,95,422,70
Kogta Financial India Limited,4.6,(4.2k),2.1k,252,104,40,39
Grasim Industries,4.0,(4.2k),13.7k,306,2,311,17
Tata Communications,3.8,(4.2k),23.9k,314,296,432,13
Aditya Birla Sun Life Insurance,4.0,(4.2k),10.9k,198,--,227,23
Alembic Pharmaceuticals,3.9,(4.2k),15.8k,277,65,398,9
Blinkit,3.8,(4.1k),15.1k,435,2,260,45
Bank of America,4.1,(4.1k),30.9k,301,--,427,--
KPIT Technologies,2.8,(4.1k),24.8k,364,32,304,17
Pidilite Industries,4.2,(4.2k),12.4k,279,6,373,5
Kyndryl,3.9,(4.1k),29.1k,248,840,194,60
PhonePe,3.9,(4.1k),14.8k,466,38,222,14
Aditya Birla Capital,3.8,(4.1k),14.8k,280,123,241,32
American Express,4.1,(4.1k),26.4k,451,286,470,10
PNB MetLife,3.3,(4.1k),8.7k,204,1,229,18
JK Cement,4.0,(4.1k),10.5k,368,1,287,29
Subros,3.7,(4.1k),12.9k,240,1,404,23
Escorts Kubota Limited,4.1,(4.1k),14.1k,324,12,292,27
Oyo Rooms,3.0,(4k),13k,272,201,398,14
Maersk,3.9,(4k),20.3k,258,285,448,26
ADP Private Limited,3.8,(4k),22.3k,310,15,481,16
Viatris,4.1,(4k),14.6k,174,12,515,13
Synechron,3.4,(4k),29.5k,423,148,269,10
XpressBees,4.1,(4k),8.4k,453,5,165,28
Birlasoft,3.4,(4k),29.5k,325,517,264,8
Altruist Technologies,4.3,(4k),8.5k,729,3,86,6
Glenmark Pharmaceuticals,3.8,(4k),12.5k,209,151,347,3
PVR INOX,3.8,(4k),9.7k,228,19,254,5
Kotak Mahindra Life Insurance Company,3.4,(3.9k),13.1k,275,276,276,6
Bharat Electronics,4.2,(3.9k),13k,265,--,322,1
Sodexo,4.0,(3.9k),10.3k,222,1.8k,376,28
UNO Minda,3.9,(3.9k),12.1k,293,126,323,7
ArcelorMittal Nippon Steel India,4.1,(3.9k),13.5k,292,296,142,6
Cogent E Services,3.1,(3.9k),10.5k,304,3,226,15
Dabur,3.8,(3.9k),9.3k,358,35,288,5
Reliance Communications,4.0,(3.9k),9.4k,111,--,359,1
Godrej & Boyce Manufacturing,3.8,(3.8k),15.6k,251,28,413,4
Aarti Industries,4.1,(3.8k),14.7k,346,65,371,6
Abbott,4.1,(3.8k),12.3k,196,207,376,8
Ipca Laboratories,3.8,(3.8k),11.8k,231,40,257,4
MRF Tyres,3.6,(3.8k),13.1k,403,16,360,9
Samvardhana Motherson Group,3.7,(3.7k),11.9k,267,30,420,11
Reliance Digital,4.1,(3.7k),8.4k,192,--,262,28
IGT Solutions,3.1,(3.7k),13.9k,266,185,232,14
Indian Oil Corporation,4.3,(3.7k),8k,253,--,310,37
Tata Electronics,3.8,(3.7k),14.5k,320,45,146,7
Reliance Projects & Property Management Services,4.0,(3.7k),7.7k,221,--,38,8
Alkem Laboratories,3.9,(3.7k),10.3k,210,63,330,2
TVS Credit Services Ltd,4.1,(3.7k),7.8k,180,49,204,13
Vishal Mega Mart,3.7,(3.7k),6.4k,230,3,281,13
"NTT DATA, Inc.",3.9,(3.7k),21k,164,135,269,7
Sagility,3.9,(3.7k),14.4k,317,67,144,85
Honda Motorcycle & Scooter,4.1,(3.7k),11.4k,220,13,352,9
Johnson Controls,3.6,(3.7k),18.1k,315,--,279,28
Barclays,3.7,(3.6k),35.3k,336,--,280,28
ABB,4.0,(3.6k),19.4k,339,468,398,6
Bajaj General Insurance Limited,3.6,(3.6k),11.1k,149,18,253,9
[24]7.ai,3.4,(3.6k),11.7k,207,60,425,10
DTDC Express,3.7,(3.6k),9k,213,30,271,3
Hindustan Coca Cola Beverages,4.0,(3.6k),8.1k,199,97,389,4
RSPL Group,4.0,(3.6k),10.1k,282,110,313,8
AGS Health,3.9,(3.6k),15.6k,228,74,304,--
UBS,3.7,(3.6k),32.4k,383,--,135,11
Ceat Tyres,3.9,(3.6k),13.2k,219,47,357,8
IndusInd Nippon Life Insurance,3.3,(3.6k),8.1k,176,16,223,14
NatWest Group,3.9,(3.5k),22.3k,248,5,385,11
Croma,3.8,(3.5k),10.1k,202,52,211,11
Alstom Transportation,3.7,(3.5k),16.2k,297,174,199,8
Ford Motor,4.2,(3.5k),15.7k,183,3,409,12
Niva Bupa Health Insurance Company,3.9,(3.5k),9.1k,392,236,143,13
InterGlobe Aviation,3.4,(3.5k),14.2k,390,29,328,5
Jindal Stainless,4.1,(3.5k),12.3k,348,143,220,13
HARMAN,3.8,(3.5k),24.2k,305,128,114,3
Conduent,3.4,(3.5k),17.4k,251,209,383,10
Tata Technologies,3.4,(3.5k),23.9k,323,321,328,14
Tata AutoComp Systems,3.6,(3.5k),12.1k,231,105,197,6
Tata AIG,3.9,(3.4k),12.4k,205,54,250,6
GeBBS Healthcare Solutions,3.8,(3.4k),11.5k,193,68,305,11
Indian Air Force,4.6,(3.4k),5.5k,91,2,361,--
Canara HSBC Life Insurance,4.1,(3.4k),6.5k,581,5,182,10
PepsiCo,4.0,(3.4k),14.8k,263,274,276,19
Max Healthcare,4.0,(3.4k),10.8k,212,126,306,26
UPL,4.1,(3.4k),11.3k,238,50,303,2
Mankind Pharma,3.8,(3.3k),10k,273,16,267,15
Titan Company,4.2,(3.3k),10.2k,228,119,354,16
Quest Global,3.5,(3.3k),22.8k,387,256,215,--
MSN Laboratories,3.6,(3.3k),10.2k,188,35,169,7
Varroc Group,3.6,(3.3k),9.9k,233,40,259,5
Amazon Transportation Services,4.2,(3.3k),8.8k,268,--,259,27
Ola Electric Mobility,3.3,(3.3k),10.1k,321,7,103,32
Societe Generale Global Solution Centre,3.6,(3.3k),23.7k,310,13,308,--
Ambuja Cements,3.8,(3.3k),8.9k,262,28,313,6
Dilip Buildcon,3.8,(3.3k),8k,202,12,304,26
IDFC FIRST Bharat,4.1,(3.3k),5.3k,172,5,99,2
Walmart,3.4,(3.3k),25.4k,455,224,329,12
Afcons Infrastructure,4.2,(3.3k),8.8k,287,52,331,15
S&P Global,3.9,(3.3k),21.7k,346,102,237,2
Zepto,3.6,(3.3k),12k,507,33,78,17
Allcargo Logistics,3.8,(3.3k),6.8k,144,15,337,10
ESAF Small Finance Bank,3.6,(3.3k),8.2k,188,7,118,23
DS Group,4.0,(3.3k),8.2k,246,34,235,7
Torrent Pharmaceuticals,4.0,(3.3k),10.5k,196,34,349,3
Bharat Financial Inclusion,3.7,(3.3k),5.6k,132,4,187,30
Suzlon Group,4.0,(3.2k),7.7k,195,32,340,5
Tata Elxsi,3.4,(3.2k),24.7k,350,83,222,8
Indus Towers,3.6,(3.2k),9.7k,249,56,234,11
Eternal Limited,3.5,(3.2k),15.9k,381,15,235,12
Zensar Technologies,3.5,(3.2k),25.9k,292,349,258,26
Fujitsu,3.8,(3.1k),17.8k,215,117,209,19
Marpu Foundation,4.9,(3.1k),61,266,--,8,5
VVDN Technologies,3.6,(3.1k),14.6k,275,20,138,12
HDFC Sales,3.9,(3.1k),8.2k,204,30,192,2
Yazaki,3.9,(3.1k),9.5k,208,28,287,3
IKS Health,3.5,(3.1k),11.9k,281,21,249,72
Shree Cement,3.7,(3.1k),10.4k,254,22,238,15
Exl India,3.5,(3.1k),19.7k,142,1,198,1
I Process Services,3.8,(3.1k),5.5k,144,7,119,4
Physicswallah,3.6,(3.1k),10.2k,326,365,92,11
ACC,3.9,(3.1k),9.2k,245,--,274,8
CMS IT Services,3.0,(3.1k),9.1k,164,72,190,7
Square Yards,3.5,(3.1k),9.8k,262,50,225,37
Nokia,4.0,(3.1k),17.7k,339,68,556,15
Future Group,4.3,(3k),6.1k,87,--,400,3
Foxconn,3.8,(3k),12.8k,269,12,148,4
Shoppers Stop,3.9,(3k),7.1k,155,50,322,18
Apollo Tyres,4.0,(3k),10.2k,161,19,339,7
Fiserv,2.7,(3k),17.6k,205,21,327,11
Britannia,4.0,(3k),8.7k,254,45,260,8
Dalmia Bharat Cement,3.9,(3k),42,217,76,260,16
ZS,3.0,(3k),22.9k,544,85,287,23
Star Health & Allied Insurance,3.5,(3k),10.9k,167,55,179,17
Landmark Group,3.8,(3k),9.7k,182,4,274,9
SRF,4.1,(3k),9.4k,218,9,264,5
Kansai Nerolac Paints,3.8,(2.9k),8.5k,203,67,195,7
Nestlé,3.7,(2.9k),10.4k,301,26,316,20
Blue Dart Express Ltd,3.9,(2.9k),7k,141,13,248,9
Dalmia Bharat Cement,,,--,--,--,--,--
Exide Industries,3.4,(2.9k),9.1k,228,63,248,6
Tata Advanced Systems,3.7,(2.9k),13.6k,203,13,165,9
Blue Star,4.0,(2.8k),10.2k,211,275,263,18
Shell,3.9,(2.8k),14.5k,245,21,261,8
Gallagher,3.6,(2.8k),15.2k,290,23,154,1
TVS Supply Chain Solutions,3.8,(2.8k),8.6k,174,17,195,21
Micro Labs,3.6,(2.8k),10k,158,15,210,4
KPMG Global Services,3.4,(2.8k),24.7k,280,25,20,--
Flex,3.9,(2.8k),15.4k,218,47,445,14
Photon Interactive,4.0,(2.8k),7.8k,146,512,117,--
KFintech,3.3,(2.8k),11.4k,181,24,61,2
UnitedHealth,4.0,(2.8k),13.1k,84,--,435,--
Care Health Insurance,3.5,(2.8k),9.2k,177,31,185,11
Ajanta Pharma,3.9,(2.8k),9.3k,174,22,237,10
G4S,4.0,(2.8k),5.3k,145,163,248,15
Voltas,4.0,(2.8k),8.8k,183,41,265,3
ACT Fibernet,3.9,(2.8k),8k,187,220,286,10
ElasticRun,3.6,(2.8k),6.7k,283,7,228,45
Sonalika Tractors,3.5,(2.8k),9.4k,180,--,189,4
Movate,3.1,(2.8k),15.7k,304,245,18,24
Adani Power,3.8,(2.8k),10.4k,345,--,184,11
GAO Tek,4.4,(2.8k),270,820,--,157,1
NoBroker,3.0,(2.8k),11.4k,297,553,368,25
DBS Bank,3.7,(2.7k),13.4k,213,384,199,11
BlackBuck,3.7,(2.7k),6.8k,230,56,248,13
Capita,3.5,(2.7k),12.2k,170,19,326,3
Himalaya Wellness,3.9,(2.7k),6.1k,159,174,264,9
IntouchCX,2.8,(2.8k),10.8k,248,75,170,18
Foundever,3.3,(2.7k),9.6k,200,76,222,15
Laurus Labs,4.3,(2.7k),7.6k,165,4,232,11
Domino's Pizza,3.9,(2.7k),4.4k,148,1,399,16
BT Group,3.8,(2.7k),12.3k,239,21,294,24
Fortis Healthcare,4.1,(2.7k),7.9k,202,1.7k,154,3
Whitehat jr,3.3,(2.7k),8.4k,266,--,926,3
JCB,3.9,(2.7k),10.2k,186,--,252,8
CorroHealth Infotech,3.6,(2.7k),8.4k,293,192,40,19
V-Mart,4.0,(2.7k),4.7k,206,12,229,18
TaskUs,2.9,(2.6k),10.6k,244,132,149,16
Alldigi Tech,3.8,(2.6k),7.7k,244,3,117,33
Adani Group,3.8,(2.7k),12.4k,329,853,131,9
ICICI Securities,3.9,(2.6k),9.9k,202,73,203,4
Northern Trust Operating Services,3.6,(2.6k),18k,249,111,235,13
Sahrudaya Healthcare (Medicover Hospitals),4.3,(2.6k),3.8k,148,26,1,4
Sterlite Technologies,3.8,(2.6k),9.9k,192,114,216,10
Tractors and Farm Equipment,4.0,(2.6k),8.5k,142,28,290,9
Bajaj Electricals,3.8,(2.6k),7.1k,166,74,296,6
Cadila Pharmaceuticals,3.0,(2.6k),8.5k,183,60,190,13
Biocon Limited,4.0,(2.6k),11.6k,193,26,24,1
Parle Agro,3.9,(2.6k),7.2k,159,10,231,9
Hero FinCorp,3.9,(2.6k),6k,125,40,133,3
Emcure Pharmaceuticals,3.6,(2.6k),8.9k,141,101,257,13
Team Computers,3.8,(2.6k),8.9k,231,228,170,6
Intellect Design Arena,3.4,(2.6k),14.2k,185,19,121,8
Syngene International,3.7,(2.6k),12.9k,196,6,227,16
Planet Spark,3.7,(2.5k),3.9k,613,60,213,2
Newgen Software Technologies,4.1,(2.6k),11.8k,213,31,155,13
Mahindra Holidays & Resorts,3.5,(2.5k),6.2k,138,61,205,17
RMSI,3.5,(2.5k),9.2k,203,9,199,4
Datamatics Global Services,3.3,(2.5k),11.7k,184,93,179,5
Mahindra Rural Housing Finance,4.0,(2.5k),4.8k,110,9,180,6
McDonald's,3.8,(2.5k),5.1k,168,1,407,7
Bureau Veritas,3.8,(2.5k),8.7k,154,32,198,12
Cholamandalam MS General Insurance,3.6,(2.5k),6k,121,--,176,4
TCE,3.9,(2.5k),10.5k,313,46,195,9
3i Infotech,3.4,(2.5k),10.6k,173,87,155,3
Paras Hospital,4.1,(2.5k),3.3k,112,90,129,44
Lodha,4.2,(2.5k),9.3k,190,194,190,9
Aavas Financiers,3.9,(2.5k),5.7k,130,76,144,10
Patanjali Ayurved,3.9,(2.5k),5.9k,144,--,241,3
Info Edge,3.8,(2.5k),11.6k,394,434,308,28
Delhi Public School,3.7,(2.5k),5.3k,167,208,268,13
SBI Securities,3.6,(2.5k),7.2k,202,94,113,21
Taj Hotels Resorts and Palaces,4.2,(2.5k),5k,166,--,185,5
Straive,3.3,(2.5k),10.9k,237,47,133,15
Daikin Airconditioning India Pvt. Ltd.,4.2,(2.5k),8.4k,228,22,171,2
Apollo Pharmacy,3.7,(2.5k),7.8k,212,1.1k,141,6
Endurance Technologies Limited,3.9,(2.4k),8.2k,152,20,257,1
Sopra Steria,3.9,(2.4k),14.4k,193,128,247,13
Star Union Dai-ichi Life Insurance,3.8,(2.4k),5.5k,150,39,110,23
Cybage,3.7,(2.4k),16.9k,216,22,278,4
BNP Paribas,3.7,(2.4k),19.8k,229,27,193,8
Torrent Power,4.2,(2.4k),8.1k,321,57,317,5
Statestreet HCL Services,3.4,(2.4k),12.3k,224,--,203,--
Capgemini Engineering,3.3,(2.4k),12.8k,417,--,146,4
JK Tyre,3.9,(2.4k),7.2k,236,13,280,6
Kia India,3.9,(2.4k),8.5k,186,101,177,15
Axis Direct,3.7,(2.4k),4.6k,90,45,208,--
GVK Emergency Management and Research Institute,3.5,(2.4k),4.8k,124,76,185,7
Bharat Petroleum,4.2,(2.4k),7.6k,192,2,195,16
Akums Drugs & Pharmaceuticals Limited,4.2,(2.4k),6.3k,343,28,157,22
Sobha,3.7,(2.4k),8.6k,174,39,244,9
SBI General Insurance,3.4,(2.4k),6.9k,140,39,139,6
Xoriant,3.9,(2.4k),11.8k,240,53,409,48
AWL Agri Business,4.1,(2.4k),7.1k,150,16,196,8
Panasonic Life Solutions India,3.9,(2.4k),7.4k,106,22,125,7
KocharTech,3.6,(2.4k),3.8k,86,23,560,6
Eureka Forbes,3.6,(2.4k),5.7k,97,7,231,5
Myntra,3.8,(2.4k),10.9k,414,19,311,44
Bharti AXA Life Insurance,3.6,(2.4k),5.3k,156,855,172,10
Aditya Birla Group,4.1,(2.4k),9.8k,244,2,251,15
Renault Nissan Technology & Business Centre India,3.5,(2.4k),15.4k,164,26,219,--
Lifestyle,4.1,(2.4k),6.8k,92,21,273,11
Radisson Hotels,4.0,(2.3k),5.3k,112,388,318,12
Unacademy,3.0,(2.3k),10.4k,248,15,161,42
Meesho,3.7,(2.3k),10.4k,469,29,313,13
Infinite Computer Solutions,3.2,(2.3k),16.4k,189,207,116,18
Coromandel International Limited,4.0,(2.3k),7.9k,133,41,230,--
Cisco,4.1,(2.3k),19.6k,434,490,237,19
Manipal Hospitals,4.0,(2.3k),7.6k,149,48,161,7
Bank of Baroda,3.6,(2.3k),7.1k,132,--,156,15
ValueLabs,3.4,(2.3k),16.6k,224,123,277,12
Sify Technologies,3.6,(2.3k),10.3k,154,41,164,4
Whirlpool,4.0,(2.3k),8.1k,125,18,203,9
Indian Railways,4.2,(2.3k),3.6k,118,22,167,19
Spark Minda,3.7,(2.3k),7.6k,172,22,53,19
Saint-Gobain,3.8,(2.3k),12.3k,226,137,267,9
Nuvoco Vistas,4.1,(2.3k),7.5k,143,30,152,6
Allstate,3.7,(2.3k),12.2k,160,15,194,6
Shahi Exports,4.0,(2.3k),6.9k,131,66,233,26
Poonawalla Fincorp,3.5,(2.3k),6.4k,92,2,145,--
FirstCry,3.6,(2.3k),9.4k,225,1,87,19
Generali Central Life Insurance,3.5,(2.3k),6.8k,126,156,175,7
Lava International,3.9,(2.3k),4.4k,97,4,296,3
Power Mech Projects,3.8,(2.3k),6.9k,128,8,172,6
GlaxoSmithKline Pharmaceuticals,4.1,(2.3k),6k,135,15,118,1
Henry Harvin Education,4.0,(2.3k),1k,139,37,76,2
CAMS,3.5,(2.3k),9.3k,155,5,60,6
Brakes India,3.8,(2.2k),7.3k,112,32,219,2
Mercedes-Benz Research and Development India,3.5,(2.3k),18.7k,215,--,206,7
NTT DATA Business Solutions,4.1,(2.2k),13.8k,288,1.5k,40,59
Jio Platforms,3.3,(2.3k),15.5k,277,--,77,--
Kotak Securities,3.4,(2.2k),9.7k,151,40,158,3
Cargill,3.9,(2.2k),8.8k,116,125,161,7
CitiusTech,3.1,(2.2k),15.1k,330,50,178,15
BHEL,4.2,(2.2k),5.2k,143,53,234,11
Life Insurance Corporation of India,4.4,(2.2k),4.6k,112,3,235,27
"Maruti Suzuki India Limited, Hansalpur",4.3,(2.2k),6.9k,246,5,182,3
upGrad,3.3,(2.2k),9.8k,221,34,137,19
Force Motors,3.7,(2.2k),8.3k,154,22,163,5
Microsoft Corporation,3.8,(2.2k),33.5k,651,1,203,7
Provana,4.0,(2.2k),4.8k,284,14,332,4
SGS,3.7,(2.2k),6.8k,137,131,194,2
Nokia Networks,4.1,(2.2k),10.3k,131,1,14,--
EPAM Systems,3.6,(2.2k),26.1k,690,609,155,7
Biological E,4.3,(2.2k),7.3k,153,23,239,--
Pfizer,3.9,(2.2k),5.9k,92,85,286,6
IndusInd General Insurance,3.6,(2.2k),7.2k,107,12,135,2
Morgan Stanley,3.5,(2.2k),28.7k,349,68,166,8
Aditya Birla Health Insurance Co,3.7,(2.2k),8k,137,1,105,1
ITC Hotels,4.0,(2.2k),5.5k,110,--,204,16
Shadowfax Technologies,3.5,(2.2k),8k,178,72,90,18
Reliance Trends,4.0,(2.2k),3.9k,128,--,209,34
Delphi TVS,3.8,(2.1k),5.4k,104,1,203,2
K12 Techno Services,3.6,(2.1k),5.5k,449,344,80,1
Narayana Health,4.0,(2.1k),6.4k,104,138,156,--
Trent,3.8,(2.1k),5.5k,117,33,145,8
Raymond Lifestyle Limited,4.1,(2.1k),6.1k,127,26,235,11
TELUS Digital,3.5,(2.1k),11.2k,154,8,75,--
Simplex Infrastructures,3.3,(2.1k),4.2k,88,2,281,--
Huawei Technologies,4.1,(2.1k),7.5k,120,34,280,1
YASH Technologies,3.6,(2.1k),16.3k,186,445,189,35
Haier Appliances India,3.9,(2.1k),7.5k,179,36,183,8
Hinduja Leyland Finance,4.3,(2.1k),3.1k,536,6,350,3
Aye Finance,4.1,(2.1k),3.7k,111,110,126,18
Motherson Automotive Technologies and Engineering,3.7,(2.1k),7.9k,170,16,166,1
Novartis,4.1,(2.1k),10.8k,173,22,239,16
Tekwissen,4.9,(2.1k),632,341,326,183,12
IDBI Bank,3.3,(2.1k),6.3k,91,--,131,7
Microland,3.6,(2.1k),10.7k,170,653,186,6
Globiva,3.0,(2.1k),5.6k,146,281,87,11
Extramarks Education,3.2,(2.1k),7.1k,181,15,146,2
Ola Cabs,3.2,(2.1k),8.8k,157,--,213,10
Godrej Properties,3.5,(2.1k),9.9k,138,--,138,10
CMS Infosystems,3.5,(2.1k),5k,88,10,106,6
R.R. Donnelley,3.6,(2.1k),10.2k,132,18,215,1
AECOM,4.1,(2.1k),7.3k,159,565,260,14
Schindler,3.9,(2.1k),6.4k,127,39,196,3
Trident Group,3.4,(2.1k),5.6k,164,20,152,20
L&T Energy Hydrocarbon,3.8,(2.1k),8.3k,121,--,205,9
Honeywell Automation,3.8,(2.1k),12.9k,144,--,166,--
Orchids International School,4.0,(2.1k),4k,478,--,137,--
Spinny,3.6,(2.1k),8.1k,223,94,114,--
Uflex,3.9,(2.1k),7k,133,68,134,9
Dr Lal PathLabs,4.2,(2.1k),4.6k,202,127,199,3
SAP,4.1,(2k),18.7k,329,--,283,22
Rungta Mines,3.9,(2.1k),6.4k,221,2,77,12
Senco Gold,4.4,(2k),1.6k,634,4,30,9
Iris Software,3.8,(2k),8.4k,228,424,292,10
Adecco Group,3.9,(2k),7.7k,128,4,143,1
Tata Power,3.9,(2k),8.1k,228,23,149,12
Paisabazaar.com,3.4,(2k),7.1k,177,56,108,25
CNH (Case New Holland),3.7,(2k),6.3k,145,7,173,35
Aadhar Housing Finance,4.0,(2.1k),5k,126,19,112,12
Gabriel India Limited,4.0,(2k),5.8k,139,14,257,3
DHL Supply Chain,4.1,(2k),6.5k,143,20,143,29
Labmentix,4.5,(2.1k),49,689,--,114,1
HSBC Electronic Data Processing,4.0,(2k),8.2k,99,--,8,1
Crisil,3.5,(2k),13.8k,218,725,228,--
NTPC,4.2,(2k),4.5k,199,--,200,20
ICICI Home Finance,3.7,(2k),6k,106,11,100,4
V-Guard,4.3,(2.1k),4.8k,129,36,285,19
HTC Global Services,3.4,(2k),13.6k,172,21,113,--
CSB Bank,3.2,(2.1k),7.3k,115,1.4k,57,5
G R Infraprojects,4.1,(2k),5.5k,169,29,159,4
NCR Voyix,3.4,(2k),9.6k,147,45,177,--
Jindal Saw,4.1,(2k),7k,157,47,192,3
Sammaan Capital Limited,3.7,(2k),4.6k,58,25,160,2
Ninjacart,3.7,(2k),4.8k,106,40,127,23
Parle Products,3.9,(2k),3.6k,133,16,203,3
NeoSOFT,3.1,(2k),11.3k,312,52,111,39
Thomson Reuters,3.6,(2k),11.1k,144,105,238,--
Infinx,3.7,(2k),5.6k,215,56,80,1
Philips,3.8,(2k),11.4k,186,82,184,10
Capri Global Capital,3.6,(2k),4.5k,81,21,59,20
Angel One,3.5,(2k),7.9k,177,56,160,4
PI Industries,3.8,(2k),7.1k,148,24,177,9
Verizon,3.5,(2k),12.4k,136,--,216,5
Polycab Wires,4.0,(2k),7.4k,139,114,104,7
Safexpress,3.9,(2k),5.9k,135,2,158,37
Medi Assist India,3.4,(2k),7.6k,145,40,153,1
Lucas-TVS,3.8,(2k),6.2k,104,17,214,5
State Street Syntel,3.7,(2k),6.1k,81,8,283,--
Google,4.4,(2k),38.2k,1.1k,20,146,19
Digit Insurance,3.5,(2k),6.5k,244,4,120,30
Hindustan Aeronautics,4.3,(2k),4.5k,95,15,182,2
Fusion CX,3.2,(2k),4.7k,150,20,102,22
AXA Global Business Services,3.6,(1.9k),7.3k,113,45,182,5
Infra.Market,3.8,(1.9k),4k,284,--,28,14
Aragen Life Sciences,3.9,(1.9k),6.7k,129,5,292,18
TVS Sundram Fasteners,3.6,(1.9k),6.7k,96,16,214,4
Tata Tele Business Services,3.5,(1.9k),4.6k,58,84,273,--
Adani Green Energy,3.9,(1.9k),6.5k,173,1,101,34
Haldiram Foods International Limited,3.8,(1.9k),6.3k,173,--,115,1
First American (India),3.5,(1.9k),9.6k,102,77,176,7
KENT RO Systems,3.7,(1.9k),4.2k,109,27,113,19
Hindustan Petroleum,4.2,(1.9k),6.2k,120,--,139,6
Honda Cars,4.3,(1.9k),6.4k,121,--,192,2
DIVI'S Laboratories,3.6,(1.9k),6.8k,107,--,172,--
Air India,3.4,(1.9k),8.5k,237,49,177,6
AkzoNobel,4.1,(1.9k),4.6k,147,22,140,45
MetLife,3.9,(1.9k),9.9k,105,81,248,--
Pine Labs,3.2,(1.9k),8.1k,146,11,115,2
Isgec Heavy Engineering,3.8,(1.9k),7.2k,152,65,138,223
IIFL SAMASTA,3.7,(1.9k),3.5k,94,3,29,14
Innovsource Services,3.9,(1.9k),4.7k,81,1,121,6
USHA International,4.0,(1.9k),5k,121,25,177,13
Sterling & Wilson,4.1,(1.9k),6.5k,94,20,198,10
Annapurna Finance,3.8,(1.8k),3.9k,90,7,131,12
Hitachi Astemo,4.1,(1.9k),6.9k,148,--,134,7
USV,4.0,(1.8k),5.8k,93,43,181,--
Granules India Limited,3.8,(1.8k),6.6k,87,5,174,1
LivSpace,3.3,(1.8k),8.4k,175,235,94,3
HDFC Securities,3.4,(1.8k),6.2k,131,49,146,5
Cafe Coffee Day,3.7,(1.8k),3.8k,87,6,171,9
Reckitt Benckiser,3.8,(1.9k),6.4k,109,68,176,3
TTEC India,3.6,(1.8k),5.6k,201,11,160,28
Security and Intelligence Services (India),4.1,(1.8k),4.7k,89,30,134,8
NielsenIQ,3.4,(1.9k),12k,249,28,77,6
SS&C TECHNOLOGIES,3.2,(1.8k),13.6k,206,194,201,13
Bata,3.6,(1.8k),4.2k,91,5,126,17
Cushman & Wakefield,4.1,(1.8k),6.9k,130,217,146,2
Medanta the Medicity,4.0,(1.8k),5.3k,150,63,162,4
Tata 1mg,3.6,(1.8k),7.6k,241,234,119,25
XBP Global,3.2,(1.8k),7.6k,105,46,86,--
BVG India,4.1,(1.8k),4.1k,181,92,108,8
Mother Dairy Fruit & Vegetable,4.0,(1.8k),5.3k,108,4,159,3
Shriram Life Insurance,3.5,(1.8k),5.1k,128,102,95,5
Orange Business,4.1,(1.8k),9.1k,121,20,249,1
Tata Communications Transformation Services,3.7,(1.8k),8.4k,102,--,167,1
Kalyan Jewellers,4.3,(1.8k),1.6k,97,30,67,4
Suryoday Small Finance Bank,3.9,(1.8k),4.6k,109,15,119,15
BT Business,3.9,(1.8k),9.3k,90,--,272,--
Clover Infotech,3.3,(1.8k),12.5k,147,170,108,32
Patanjali Foods,3.8,(1.8k),4.8k,114,18,137,--
Caterpillar Inc,4.1,(1.8k),11.9k,218,76,152,9
HighRadius,2.4,(1.8k),9.6k,218,130,92,24
ReNew,4.3,(1.8k),6.9k,150,101,113,7
FactSet,3.6,(1.8k),10.9k,241,20,194,26
Vedantu,3.2,(1.8k),7.5k,202,17,152,7
Sysnet Global Technologies,3.6,(1.8k),4.4k,145,23,83,--
Stellar Migration,1.3,(1.8k),3,2,--,8,1
Metro Cash & Carry,3.9,(1.8k),4.9k,78,4,165,8
Cavinkare,3.9,(1.8k),5.1k,73,19,145,--
Compass Group Support Services,4.0,(1.8k),5.8k,95,27,149,33
L.G.Balakrishnan & Bros,3.5,(1.8k),6k,88,13,119,--
Urban Company,3.3,(1.8k),7.7k,188,112,112,14
Health Care Global Enterprises,4.4,(1.8k),2.9k,182,138,35,14
KONE,4.1,(1.8k),5.9k,158,49,209,36
Toyota Kirloskar Motor,4.3,(1.8k),5k,92,12,174,8
CG Power and Industrial Solutions,3.8,(1.8k),6.9k,113,--,228,5
Dhani Loans and Services,3.9,(1.7k),4.1k,72,38,41,1
Frankfinn Institute of Air Hostess Training,3.8,(1.7k),3.2k,131,17,173,289
Indian Navy,4.6,(1.7k),3.5k,40,--,240,2
Future Retail,4.4,(1.7k),3.4k,61,--,230,--
Vardhman Fabrics,4.0,(1.7k),5.4k,96,15,147,2
Yamaha Motor,4.0,(1.7k),5.4k,97,--,170,4
NEC,4.1,(1.7k),5.5k,81,16,81,24
Rane (Madras),3.8,(1.7k),4.7k,99,44,168,--
Veritas Finance,4.2,(1.7k),2.4k,95,1,41,33
DHL Express,4.0,(1.7k),6.2k,81,--,177,9
Krishna Maruti,3.9,(1.7k),5.3k,147,14,132,24
Goldman Sachs,3.3,(1.7k),21.7k,426,110,109,1
Procter & Gamble,4.0,(1.7k),6k,139,6,163,5
MagicBricks,3.8,(1.7k),4.7k,350,16,72,9
Matrimony.com,3.9,(1.7k),4.4k,123,47,83,--
Belrise Industries,3.7,(1.7k),6.2k,110,9,97,2
Arvind Group,4.0,(1.7k),5.5k,93,19,295,6
Satin Creditcare Network,3.9,(1.7k),3.2k,73,3,132,5
Dixon Technologies,3.9,(1.7k),5.9k,161,17,128,16
Coronis Ajuba Solutions,3.8,(1.7k),5.8k,96,1,145,1
JSW Bhushan Power & Steel,4.0,(1.7k),4.7k,89,--,180,2
CMA CGM,4.0,(1.7k),8k,107,34,213,9
IndiaFirst Life Insurance,3.7,(1.7k),4.1k,87,27,111,--
iOPEX Technologies,3.1,(1.7k),6.4k,98,32,519,66
Marico,3.8,(1.7k),6k,115,45,167,7
Godrej Industries Group,3.9,(1.7k),3.2k,161,--,171,3
SHYAM METALICS AND ENERGY,3.5,(1.7k),5.2k,165,122,59,16
Wipro Enterprises Ltd,3.7,(1.7k),8.5k,216,--,446,--
Teva Pharmaceuticals,3.9,(1.7k),5.9k,122,4,193,3
BA Continuum,3.9,(1.7k),9.7k,114,--,292,--
mPokket,4.5,(1.7k),1.8k,426,3,52,31
Johnson & Johnson,3.9,(1.7k),6k,118,109,184,9
Sanofi,4.0,(1.7k),6.3k,111,57,175,9
Welspun Living Limited,3.9,(1.7k),5.2k,94,--,156,8
Relaxo Footwear,4.0,(1.7k),4.7k,124,33,156,5
Tata Consumer Products,3.5,(1.7k),6.4k,109,2,101,6
Troikaa Pharmaceuticals,4.3,(1.7k),4k,167,21,193,6
Broadridge Financial Solutions,3.8,(1.7k),11.4k,168,84,143,8
Chegg,4.1,(1.7k),4k,169,10,86,--
Asahi India Glass,3.8,(1.7k),5.6k,120,4,140,5
Supreme Industries,4.0,(1.7k),5.9k,102,--,120,3
ZF Commercial Vehicle Control Systems,3.8,(1.7k),3.9k,86,4,12,5
Lumax Industries,3.9,(1.7k),5.9k,112,41,135,2
Kotak Mahindra Prime,3.9,(1.6k),5.3k,78,--,68,1
HERE Technologies,3.7,(1.6k),7.6k,114,10,285,--
Hero Motors Company,3.9,(1.6k),6.3k,102,2,120,4
Emami,3.8,(1.6k),5.4k,109,7,139,9
Karur Vysya Bank,3.5,(1.6k),5.3k,113,8,64,--
IFB,3.5,(1.6k),5.7k,128,23,66,1
Tata Play,4.0,(1.6k),4.5k,90,1,177,10
Muthoot Microfin,4.2,(1.6k),2.7k,87,8,68,19
Bisleri,4.2,(1.6k),4.6k,131,25,143,6
KFC,4.0,(1.6k),3.1k,89,1,152,4
Amul India,4.0,(1.6k),4.4k,166,5,15,14
Gujarat Fluorochemicals,3.9,(1.6k),7k,113,3,136,3
Wockhardt,3.8,(1.6k),4.1k,67,37,184,--
Mercer,3.7,(1.6k),10.1k,99,--,213,--
Patra India,3.5,(1.6k),6.6k,126,2,87,2
Chetu,3.8,(1.6k),7.3k,239,1,152,23
Marriott International,4.1,(1.6k),4.7k,110,2.3k,190,9
Bajaj Capital,3.5,(1.6k),4k,170,81,101,7
Suguna Foods,3.9,(1.6k),4.2k,96,23,131,10
Steel Strips Wheels,3.7,(1.6k),5.7k,89,21,126,8
PharmEasy,3.7,(1.6k),6.4k,122,4,150,15
SAI Life Sciences,3.9,(1.6k),6.2k,111,37,138,10
PNB Housing Finance,3.7,(1.6k),4.9k,59,15,91,--
Piramal Pharma,3.9,(1.6k),7.1k,139,35,121,18
Canara Bank,3.6,(1.6k),4.1k,54,--,97,6
Sonata Software,3.5,(1.6k),12.3k,150,154,93,--
Evalueserve,3.0,(1.6k),10.6k,143,44,136,3
Airtel Payments Bank,3.7,(1.6k),5.6k,130,31,108,4
Tanishq,4.2,(1.6k),3.2k,124,--,82,16
GE VERNOVA,4.1,(1.6k),5.9k,117,538,22,4
Cemindia Projects,4.2,(1.6k),3.6k,96,1,141,4
SBFC Finance,3.8,(1.6k),3k,105,31,54,8
GMR Group,4.0,(1.6k),4.7k,110,--,195,2
Page Industries,4.0,(1.6k),5.1k,82,7,113,11
XL Dynamics,3.8,(1.6k),3.6k,98,15,196,1
Dainik Bhaskar Group,4.1,(1.6k),4.5k,87,59,148,6
V5 Global Services,3.8,(1.6k),3.9k,95,7,71,2
Honda,4.1,(1.6k),3.7k,117,18,195,8
Acuity Analytics,3.1,(1.6k),13.3k,192,142,89,12
Tesco,3.6,(1.6k),9.4k,153,36,195,22
Wheelseye Technology,3.5,(1.6k),4.1k,127,16,98,6
QualityKiosk Technologies,3.2,(1.6k),11.8k,168,130,103,--
Devyani International,3.7,(1.6k),3.6k,76,14,117,18
VOIS,3.8,(1.6k),9.6k,189,24,34,--
Heritage Foods,4.0,(1.6k),3.9k,110,55,149,2
Happiest Minds Technologies,3.4,(1.5k),13.2k,157,577,99,20
Nayara Energy,4.2,(1.6k),5.9k,97,6,170,7
City Union Bank,2.9,(1.5k),6k,135,7,79,7
Amneal Pharmaceuticals,4.2,(1.6k),6.6k,88,140,153,2
Gland Pharma,3.9,(1.5k),6k,97,16,131,--
Ashoka Buildcon,4.1,(1.5k),4.1k,84,4,134,7
Oracle Cerner,3.3,(1.5k),9.8k,172,--,259,1
ALTEN,3.5,(1.5k),9k,174,85,79,8
Apexon,3.3,(1.5k),9.8k,183,68,50,1
Daimler India Commercial Vehicles,3.9,(1.5k),6.8k,80,1,187,--
Altimetrik,3.4,(1.5k),13.3k,309,228,122,10
Apco Infratech,3.8,(1.5k),4.4k,146,21,119,14
Valeo,3.9,(1.5k),8.2k,110,139,133,3
ISS Facility Services,4.0,(1.5k),4.3k,72,27,133,--
American Broadcasting Company,4.0,(1.5k),37.8k,609,4,9,--
Indoco Remedies,3.4,(1.5k),5.8k,95,27,112,6
Jaquar,4.1,(1.5k),5.2k,92,106,130,--
Fusion Finance,3.8,(1.5k),3.3k,64,1,82,3
Indegene,3.2,(1.5k),10.2k,180,28,139,--
Max Fashion,4.0,(1.5k),3.5k,78,14,170,16
Bharat Forge,3.8,(1.5k),6.5k,80,6,125,5
Aon,3.8,(1.5k),6.8k,98,83,216,--
Chandigarh University,4.2,(1.5k),2.9k,111,65,49,6
CIE Automotive India Limited (Formerly known as Mahindra CIE Automotive Limited),3.6,(1.5k),5.1k,94,22,13,99
Aumovio,3.7,(1.5k),9.5k,84,8,139,5
Amara Raja Energy & Mobility,4.0,(1.5k),4.4k,118,--,117,7
TEKsystems,3.1,(1.5k),11.7k,142,30,81,2
Honeywell Technology Solutions,3.6,(1.5k),11.3k,168,--,205,--
Morningstar,3.6,(1.5k),10.7k,273,46,134,12
Oberoi Group of Hotels,4.0,(1.5k),3.8k,97,--,234,1
R Systems International,3.8,(1.5k),7.8k,197,27,153,31
HCL Infosystems,4.0,(1.5k),6.3k,144,--,228,--
NIIT,3.4,(1.5k),6.1k,110,17,160,3
Nykaa,3.4,(1.5k),7.3k,165,23,66,5
Aerial Telecom Solutions,4.1,(1.5k),2.4k,132,19,73,3
JSW Cement,4.0,(1.5k),4.5k,147,18,120,13
MedPlus,3.5,(1.5k),4.7k,116,36,68,1
Sansera Engineering,4.0,(1.5k),5.8k,102,1,119,2
Narayana Educational Society,3.6,(1.5k),4.1k,70,7,120,--
Rashmi Metaliks,3.1,(1.5k),5k,120,4,64,6
AB InBev India,3.3,(1.5k),8k,121,83,146,2
Hyatt Regency,4.1,(1.5k),3.1k,64,419,200,1
Adobe,3.7,(1.5k),13.8k,279,97,156,3
Vfs Global Services,3.4,(1.5k),4.4k,75,15,125,--
TÜV SÜD,4.0,(1.5k),4k,110,34,119,--
Sony,4.2,(1.5k),4.7k,94,5,190,1
Tenarai,3.5,(1.5k),11.2k,141,65,127,206
Eaton,3.9,(1.5k),8.5k,157,216,134,10
Taurus BPO Services,3.9,(1.5k),1k,38,1,498,6
Tieto,4.1,(1.5k),9.4k,112,15,122,26
DCM Shriram,4.1,(1.5k),5.1k,116,20,103,1
Kantar,3.4,(1.5k),7k,121,--,81,1
Citco,3.2,(1.5k),10.3k,175,147,58,--
Incedo,2.9,(1.5k),10.8k,214,37,120,24
J. Kumar Infraprojects,4.1,(1.5k),4.5k,99,3,118,5
EOSGlobe,3.0,(1.5k),4k,93,8,86,3
Slk Software Services,3.2,(1.5k),9.4k,115,--,89,--
Agilus Diagnostics,4.1,(1.5k),3.4k,87,8,131,--
Xiaomi,3.8,(1.5k),5.6k,114,4,130,16
iMerit,3.2,(1.5k),6k,122,13,107,--
FedEx Express,4.0,(1.5k),5.4k,119,56,191,2
Unisys,3.4,(1.5k),10.1k,82,23,153,--
The Muthoot Group,3.6,(1.4k),3.6k,86,--,220,10
Acmegrade,3.9,(1.4k),307,69,--,1,1
Hire In Global,4.9,(1.4k),8,304,--,37,--
VLCC,3.2,(1.4k),3.4k,55,45,95,--
Novo Nordisk,3.6,(1.4k),6.7k,101,1,139,10
Oracle Financial Services Software,3.2,(1.4k),10.3k,206,--,188,7
Bajaj Housing Finance,3.5,(1.4k),6k,76,94,63,5
Grant Thornton,3.3,(1.4k),12.1k,122,329,90,--
Sunknowledge Services,3.4,(1.4k),4k,111,18,216,1
Fino Payments Bank,3.7,(1.4k),4.1k,65,10,103,8
AtkinsRealis,3.7,(1.5k),6.3k,115,383,99,--
Tata Group,4.1,(1.4k),5.7k,386,--,143,2
NetAmbit,4.0,(1.4k),3.2k,192,4,64,7
Worley,4.1,(1.4k),7.6k,143,22,122,--
Amity University,3.5,(1.4k),5.3k,120,4,124,--
The Ramco Cements,4.0,(1.4k),4.6k,549,11,107,4
SK Finance Limited,3.8,(1.4k),3.9k,95,--,32,35
TE Connectivity,4.1,(1.4k),7.8k,105,154,162,15
INDIUM,3.9,(1.4k),7.4k,271,8,54,65
Sharekhan,3.7,(1.4k),5.3k,100,109,117,--
NxtWave,3.4,(1.4k),3.7k,302,170,27,1
Unichem Laboratories,3.7,(1.4k),5.2k,99,21,39,--
More Supermarket,3.6,(1.4k),4.1k,101,30,66,11
IDC Technologies,3.0,(1.4k),6.8k,77,--,45,13
ZF Steering Gear,3.7,(1.4k),7.6k,63,12,100,3
Iffco Tokio General Insurance Co.,3.8,(1.4k),4.1k,55,--,111,6
Brillio,3.4,(1.4k),11.1k,144,130,86,27
Burger King,3.9,(1.4k),3.6k,107,4,140,6
CenturyPly,3.9,(1.4k),4.5k,109,23,66,13
Viraj Profiles,4.0,(1.4k),4.5k,103,14,158,2
Paytm Payments Bank,3.8,(1.4k),5.5k,144,--,102,--
Aptara,3.1,(1.4k),6.4k,80,17,116,5
Faurecia,3.9,(1.4k),5.9k,72,24,188,1
TCS iON,3.8,(1.4k),4.1k,412,--,173,1
Aforeserve,3.4,(1.4k),3.6k,93,20,84,3
Globant,3.2,(1.4k),10.8k,211,68,112,9
RBL FinServe,3.9,(1.4k),3.1k,73,10,81,6
FDC,3.7,(1.4k),3.8k,73,36,91,5
OM Logistics,3.9,(1.4k),4.1k,98,3,112,5
CreditAccess Grameen,3.9,(1.4k),2.7k,57,14,65,15
GEP Worldwide,3.6,(1.4k),9.7k,159,13,134,12
Bharat FIH,3.7,(1.4k),5.2k,94,--,129,1
Apex Group,2.6,(1.4k),8.9k,195,446,54,4
Baroda Global Shared Services,3.8,(1.4k),3.1k,137,26,39,6
Decathlon,3.7,(1.4k),4.5k,121,--,120,20
Astral Pipe,4.0,(1.4k),4.4k,100,73,38,4
Hindware Limited,3.9,(1.4k),4.6k,91,7,131,2
Hatsun Agro Product,3.7,(1.4k),4.9k,87,8,99,2
Punjab National Bank,3.9,(1.4k),3k,67,--,106,6
Nippon Paint India,4.0,(1.4k),4.1k,82,2,88,11
ICICI Prudential Mutual Fund,3.9,(1.4k),6k,93,--,97,--
ManpowerGroup,3.6,(1.4k),5.3k,71,169,90,14
Royal Migration Solutions,4.9,(1.4k),5,1,--,1,--
Collabera Talent Solutions,3.4,(1.4k),7k,154,--,114,--
Ion Exchange India,3.8,(1.4k),5.4k,103,37,91,5
Samsung Research,2.9,(1.4k),10.2k,153,1,146,--
Sheenlac Paints,4.1,(1.4k),1.8k,212,2,47,138
Mondelez International,4.1,(1.4k),4.8k,79,83,132,10
GE,4.1,(1.4k),7.5k,120,--,140,--
Centre for Development of Advanced Computing,3.6,(1.4k),7k,129,--,66,--
T-Systems ICT India,3.8,(1.4k),9.2k,115,32,108,14
Shubham Housing Development Finance,4.0,(1.4k),3k,56,6,76,9
JioMart,3.9,(1.4k),4.4k,121,--,76,6
Spicejet,3.3,(1.4k),5.1k,110,--,153,4
Spandana Sphoorty Financial,3.8,(1.4k),2.5k,62,9,92,9
Aarvee Associates,3.7,(1.4k),3.4k,108,--,109,9
VIBGYOR Group of Schools,3.4,(1.4k),4.2k,103,227,106,--
Atul,3.9,(1.4k),5.3k,106,2,118,8
Cinépolis,3.8,(1.4k),3k,87,--,148,1
Luminous Power Technologies,4.1,(1.4k),4.2k,105,25,128,--
Jakson Group,4.1,(1.4k),4.1k,111,47,101,4
DEXIT Global,3.4,(1.4k),5.3k,141,10,104,--
Tenneco,3.6,(1.3k),5.4k,77,6,130,--
Pantaloons,4.0,(1.3k),3k,72,--,134,5
OpenText Technologies,3.3,(1.3k),12.5k,200,15,94,--
Fabindia,3.7,(1.3k),4k,64,60,121,4
Hindustan Construction Company,4.2,(1.3k),3.2k,96,9,159,1
Diageo,3.7,(1.3k),6.5k,98,43,113,2
Godrej Consumer Products,4.0,(1.3k),5k,64,--,120,5
Vestas,4.2,(1.3k),5.4k,102,32,139,6
H.G. Infra Engineering,3.9,(1.3k),3.3k,112,12,104,11
Bluestock ™,4.5,(1.3k),69,390,--,2,1
Big Bazaar,4.4,(1.3k),2.1k,49,--,173,1
Willis Towers Watson,3.7,(1.3k),8.2k,123,23,114,12
ANZ Banking Group,3.7,(1.3k),8.5k,116,18,109,--
Fresenius Kabi,4.0,(1.3k),4.2k,62,56,124,8
Dassault Systemes,3.8,(1.3k),7.6k,195,--,140,3
Shriram Pistons & Rings,4.0,(1.3k),4.7k,80,4,139,5
DP World,3.8,(1.3k),5.6k,106,206,74,9
KIMS Hospital,3.7,(1.3k),3.9k,65,7,77,3
Prodapt,3.5,(1.3k),10k,122,109,80,11
Intertek,3.8,(1.3k),4.2k,86,73,110,9
DLF,4.0,(1.3k),5.2k,108,20,90,7
Arvind Fashions Limited,3.8,(1.3k),3.4k,50,37,32,4
Kalpataru Limited,4.1,(1.3k),4.6k,286,21,86,2
SKF,4.0,(1.3k),4.7k,80,75,157,3
Ahluwalia Contracts India,4.0,(1.3k),3.7k,85,11,76,4
Mu Sigma,2.6,(1.3k),6.7k,257,--,126,11
PNC Infratech,3.8,(1.3k),3.5k,85,2,74,6
Zoho,4.1,(1.3k),10.6k,591,--,105,24
Colliers India,3.8,(1.3k),5k,101,68,83,20
AIIMS,4.2,(1.3k),4.7k,74,--,69,21
Electronics Corporation of India Limited,4.2,(1.3k),3.2k,63,9,95,3
Panasonic,4.0,(1.3k),4.7k,53,6,148,--
Automotive Manufacturers,3.8,(1.3k),5.2k,106,61,71,2
iSON Xperiences,3.1,(1.3k),3.3k,82,15,90,2
Sigma Electric Manufacturing Corporation,4.0,(1.3k),2.7k,78,26,207,7
Nielsen,3.1,(1.3k),6.9k,165,--,136,7
Balkrishna Industries,4.0,(1.3k),4.6k,74,--,76,--
Oil And Natural Gas Corporation,4.3,(1.3k),3.1k,83,--,137,3
JTEKT,4.1,(1.3k),4.5k,101,4,101,4
Rockman Industries,3.8,(1.3k),3.9k,103,24,98,2
Parexel International,3.8,(1.3k),6.1k,91,13,130,9
Schaeffler India,4.0,(1.3k),6k,73,12,118,9
Indostar Capital Finance Limited,4.3,(1.3k),2.1k,205,1,50,6
Dell EMC,3.7,(1.3k),8.2k,75,1,188,1
Synchrony,4.3,(1.3k),5.6k,97,--,204,23
AGS Transact Technologies,2.9,(1.3k),3.8k,45,--,124,1
Birla Opus,4.0,(1.4k),3.2k,122,--,41,11
Federal Bank,3.6,(1.3k),6.1k,124,3,79,--
Innova Solutions,3.3,(1.3k),8.5k,108,110,31,1
Wind World,3.9,(1.3k),3.3k,89,--,127,--
JK Lakshmi Cement,3.7,(1.3k),3.9k,91,1,101,2
Strides Pharma,3.9,(1.3k),4.4k,81,--,159,9
Fidelity Investments,4.1,(1.3k),8.1k,133,--,166,--
Qualcomm,3.7,(1.3k),15.7k,306,10,139,2
Innodata India Private Limited,3.7,(1.3k),3.3k,218,75,66,--
ExcelR,3.6,(1.3k),1.2k,111,47,3,10
Kirloskar Oil Engines,4.1,(1.3k),4.3k,69,21,101,1
DENSO,4.1,(1.3k),3.8k,88,5,181,7
Meril,3.5,(1.3k),5.3k,93,38,82,44
Leadec India,4.0,(1.3k),3.6k,156,102,91,45
Zetwerk,4.0,(1.3k),4.4k,127,120,68,152
ACG Worldwide,3.8,(1.2k),4k,87,79,52,5
Fidelity National Financial,3.7,(1.2k),6.3k,64,--,156,7
Imperial Auto Industries,3.7,(1.2k),5k,81,11,73,13
Aptiv,3.4,(1.2k),8.8k,131,9,53,23
Jindal X,3.5,(1.2k),2.8k,114,--,151,1
Rupeek,4.1,(1.2k),3.4k,137,29,60,2
EbixCash Limited,3.5,(1.2k),5.2k,112,--,74,1
Prism Johnson,3.7,(1.2k),4.5k,73,--,74,5
Genius HRTech,3.7,(1.2k),4k,76,1,66,--
Salesforce,3.9,(1.2k),15.5k,261,431,111,18
HFCL Limited,3.8,(1.2k),4.3k,88,6,91,3
Indira IVF Hospital,3.9,(1.2k),3.2k,79,95,78,7
London Stock Exchange Group,3.6,(1.2k),11.6k,166,2,62,--
Best Sellers,4.1,(1.2k),3.2k,34,5,126,4
Aparna Constructions and Estates,3.8,(1.2k),4.2k,118,60,99,24
Sri Chaitanya Techno Schools,3.4,(1.2k),3.7k,80,1,6,1
Intel,4.1,(1.2k),9.5k,243,44,92,8
Birla Corporation,4.0,(1.2k),3.8k,79,12,91,7
IIFL Home Finance,3.8,(1.2k),3.2k,60,722,28,6
Baazar Retail Private Limited,4.4,(1.2k),1.6k,91,2,24,14
MDIndia Health Insurance TPA,3.6,(1.2k),3.9k,74,42,87,3
Thyrocare Technologies,3.7,(1.2k),4.4k,89,42,96,4
Electronica Finance,4.1,(1.2k),2.9k,147,16,39,20
PayPal,3.7,(1.2k),10.4k,247,--,123,6
Johnson Lifts,3.9,(1.2k),3.7k,53,8,93,1
Biocon Biologics,3.7,(1.2k),7.2k,118,--,351,14
PHN Technology,4.2,(1.2k),404,43,11,3,8
Nilkamal,3.6,(1.2k),3.8k,86,51,94,--
Svatantra Microfin,3.9,(1.2k),2.3k,51,12,84,19
Jabil Circuit India,4.0,(1.2k),4.4k,75,65,94,1
INDO-MIM,4.1,(1.2k),4.5k,84,17,119,--
Dhoot Transmission,3.7,(1.2k),4k,73,3,107,3
Coca-Cola Company,4.0,(1.2k),3.5k,113,--,105,28
Deccan Fine Chemicals,3.5,(1.2k),5.3k,111,9,66,--
The Jaypee Group,3.8,(1.2k),3.5k,54,11,118,1
V2 Retail,3.3,(1.2k),2.6k,94,55,82,13
Apollo Health and Lifestyle Limited,4.3,(1.2k),3.6k,134,53,68,59
CaratLane - A Tata Product,4.0,(1.2k),3.2k,69,11,81,49
Podar International School,4.0,(1.2k),3.3k,83,3,114,9
Navitasys India,4.0,(1.2k),2.8k,151,5,59,4
Stanza Living,3.3,(1.2k),3.7k,129,25,83,34
Kohler,3.6,(1.2k),5.3k,79,8,77,13
Kinara Capital,4.4,(1.2k),2.2k,139,--,212,41
1Point1 Solutions Ltd,3.7,(1.2k),3.2k,85,75,122,9
TÜV NORD,3.7,(1.2k),4.2k,85,145,75,1
Asirvad Microfinance,3.8,(1.2k),2.3k,50,2,68,18
Edelweiss Life Insurance,3.7,(1.2k),3.7k,61,43,98,3
FOCUS EDUMATICS,3.0,(1.2k),3.1k,128,--,36,20
Motilal Oswal Home Finance,4.2,(1.2k),1.5k,128,--,27,10
Bajaj Motors,3.9,(1.2k),3.5k,71,13,110,1
Hinduja Housing Finance,3.6,(1.2k),2.9k,50,16,33,8
Ocwen Financial Solutions,3.7,(1.2k),4.2k,53,22,175,1
Dishtv,3.4,(1.2k),3.5k,78,9,100,1
Unicharm,3.9,(1.2k),3k,68,2,107,--
Barclays Shared Services,3.7,(1.2k),4.5k,38,439,181,--
Jacobs Engineering Group,4.2,(1.2k),5.4k,94,5,102,1
TK Elevator,3.8,(1.2k),4.4k,69,5,101,1
Air India Sats Airport Services,3.6,(1.2k),2.6k,75,--,78,7
Onward Technologies Inc,2.8,(1.2k),6.4k,96,42,43,16
Advantmed,3.9,(1.2k),2.9k,175,24,57,5
MG Motor,3.9,(1.2k),4.9k,87,25,80,1
Aarvi Encon,3.9,(1.2k),3.1k,90,231,74,4
Unity Small Finance Bank,3.5,(1.2k),4.4k,82,37,26,3
ICON Plc,4.0,(1.2k),4.7k,151,3,67,100
Edelweiss,3.6,(1.2k),5.4k,66,--,135,--
Hyundai Mobis,3.7,(1.2k),5.3k,81,5,135,6
Tata Capital Housing Finance,3.9,(1.2k),3.4k,57,--,16,1
SLMG Beverages,3.9,(1.2k),3.7k,76,1,40,6
Piaggio,3.6,(1.2k),3.8k,75,47,128,4
Barbeque Nation,3.9,(1.2k),2.8k,53,5,120,23
Hitachi Energy,4.0,(1.2k),8k,131,492,69,4
MAHLE ANAND Filter Systems,3.9,(1.2k),3.6k,42,--,120,2
Sundaram Finance,3.9,(1.2k),3.1k,53,4,82,9
Hikal,3.8,(1.2k),4.8k,77,4,92,4
Knorr-Bremse,3.3,(1.2k),5.3k,76,3,122,--
Zydus Wellness,4.0,(1.1k),2.8k,112,32,75,9
BDR Pharmaceuticals International,4.2,(1.1k),2.1k,172,7,76,1
Godrej Agrovet,4.0,(1.1k),3.6k,67,3,85,10
Kirloskar Brothers,3.8,(1.1k),4.5k,96,23,100,12
Syngenta,4.1,(1.1k),3.8k,87,36,104,5
Tube Investments of India,3.8,(1.1k),3.8k,72,50,55,17
Malabar Gold and Diamonds,4.0,(1.1k),2.9k,112,97,79,24
Motherson Sumi Wiring,3.7,(1.1k),4.4k,114,9,18,14
HPCL-Mittal Energy Limited,4.3,(1.1k),4.7k,48,--,108,18
Vedanta Aluminium Metal,3.8,(1.1k),4.7k,74,--,119,16
Gmmco,4.1,(1.1k),2.9k,55,7,118,1
Shyam Steel Group,3.5,(1.1k),3.9k,88,6,52,2
Wonder Home Finance,4.6,(1.1k),815,193,4,9,32
Sri Chaitanya Educational Institutions,3.5,(1.1k),3k,54,2,65,10
Saipem,4.2,(1.1k),3.4k,55,22,154,19
Thermo Fisher Scientific,3.8,(1.1k),7k,111,182,95,1
Netcracker Technology,2.9,(1.1k),9.4k,145,--,93,13
CALIBEHR,3.9,(1.1k),2.7k,71,23,55,3
Wistron,4.1,(1.1k),5.1k,94,--,130,2
Power Grid Corporation of India,4.3,(1.1k),2.1k,81,--,79,11
Pernod Ricard,3.5,(1.1k),4.7k,63,1,109,6
Writer Information Management Services,3.2,(1.1k),3.7k,56,5,50,--
Crompton Greaves Consumer Electricals,3.7,(1.1k),4.1k,63,49,9,--
Dana Anand,4.0,(1.1k),3k,57,--,130,6
QX Global Group,3.0,(1.1k),4.8k,184,72,47,31
Fractal Analytics,3.9,(1.1k),11.9k,235,426,117,14
Gharda Chemicals Limited,3.9,(1.1k),4.9k,86,76,108,8
ALLEN Career Institute,3.7,(1.1k),4.5k,75,34,43,6
TKIL,4.0,(1.1k),4.6k,79,16,99,5
Skipper,3.9,(1.1k),3.3k,93,6,69,15
Aspire Systems,3.7,(1.1k),10k,132,92,90,--
Metropolis Healthcare,3.9,(1.1k),3.7k,71,13,75,3
Vertiv,3.8,(1.1k),4.9k,66,247,10,4
Siemens Energy,4.0,(1.1k),6.6k,105,--,75,--
Adani Ports and SEZ,3.7,(1.1k),4k,78,--,121,15
GVPR Engineers,3.9,(1.1k),3.1k,81,15,144,1
ValueMomentum,3.3,(1.1k),9k,101,27,62,14
GAIL,4.4,(1.1k),3.3k,84,2,86,5
Greenko Group,3.9,(1.1k),3.9k,75,--,106,18
Uber,4.0,(1.1k),9k,177,33,109,12
Wheels,3.9,(1.1k),5.2k,75,4,77,1
Vayona Energy,4.0,(1.1k),4.8k,60,--,105,4
Renault Nissan Automotive India Private Limited,4.2,(1.1k),167,26,--,7,--
Bajaj Capital Insurance Broking Limited,4.3,(1.1k),1.4k,231,2,39,12
IB Group,3.7,(1.1k),3.4k,87,1,51,5
IB Group,3.7,(1.1k),3.4k,87,1,51,5
Hindustan Zinc,3.7,(1.1k),4.5k,60,11,108,2
Syrma SGS Technologies,4.1,(1.1k),3.6k,77,9,13,3
Atlas Copco,4.0,(1.1k),5.7k,103,3,96,--
United Breweries,3.4,(1.1k),3.6k,60,35,96,1
NBC Bearings,3.9,(1.1k),3.9k,115,6,50,5
Integra Software Services,4.1,(1.1k),3.2k,85,30,72,1
Northcorp Software,4.8,(1.1k),229,867,--,54,1
Suzuki Motorcycle,4.0,(1.1k),4k,56,3,90,1
BirlaNu,3.8,(1.1k),3k,75,48,74,6
Vaco Binary Semantics,3.0,(1.1k),5.5k,101,34,82,7
Otis Elevator,4.1,(1.1k),4.3k,66,69,87,3
Zf Rane Automotive,3.9,(1.1k),3.8k,66,6,133,1
Bharat Sanchar Nigam,3.9,(1.1k),2.5k,50,--,94,3
Hitachi Payment Services,3.6,(1.1k),3.5k,56,31,69,--
Thomas Cook,4.1,(1.1k),3.7k,134,--,146,1
Amara Raja Group,4.1,(1.1k),3.5k,76,--,102,--
Arohan Financial Services,3.8,(1.1k),2.1k,42,11,63,19
Tata Cummins,4.4,(1.1k),1.6k,92,--,6,3
Lakshmi Machine Works,3.8,(1.1k),4.3k,64,27,70,3
Comviva Technology,2.7,(1.1k),6.3k,89,91,78,1
Xyz Company,3.8,(1.1k),49.3k,554,--,63,--
Nippon Life India Asset Management,4.6,(1.1k),1.6k,158,68,29,--
Skoda Auto Volkswagen India,3.8,(1.1k),4.9k,51,18,86,15
Nexa,3.9,(1.1k),2.5k,45,1,107,1
Vistaar Finance,3.9,(1.1k),2.2k,39,37,141,5
Allianz Technology,4.0,(1.1k),6.8k,74,3,115,6
Spencer's Retail,3.7,(1.1k),2.8k,68,4,91,--
Zudio,3.9,(1.1k),2.2k,67,--,30,11
Tiger Analytics,3.8,(1.1k),11.2k,268,77,42,116
Star Cement,4.0,(1.1k),3.3k,92,--,92,--
Jet Airways,4.6,(1.1k),1.8k,27,--,175,--
GlobalData,3.3,(1.1k),5.5k,96,18,101,--
Perfetti Van Melle,4.2,(1.1k),2.9k,41,23,95,2
Technip Energies,3.9,(1.1k),5.7k,97,37,48,7
Aparajitha Corporate Services,3.8,(1.1k),3.2k,63,6,66,--
Bounteous,3.1,(1.1k),8.7k,253,221,112,17
Klm Axiva Finvest,4.4,(1.1k),816,439,8,6,15
Merino Industries,3.7,(1.1k),3.7k,81,13,83,26
iQor Global Services,3.2,(1.1k),2.7k,47,22,118,6
MakeMyTrip,3.5,(1.1k),7.8k,151,64,103,11
Westside,3.7,(1.1k),2.1k,60,--,73,8
Fortrea Development India Private Limited,3.9,(1.1k),5.1k,87,59,65,11
Colgate Palmolive,3.9,(1.1k),4.5k,90,21,124,--
Visionet Systems,3.3,(1.1k),6k,82,40,85,--
Wonder Cement,4.2,(1.1k),3.8k,66,45,68,6
Mastek,3.5,(1.1k),6.6k,134,29,48,298
SitusAMC,3.2,(1.1k),5.7k,74,--,46,2
Secure Meters,3.9,(1.1k),4.7k,92,54,104,15
National Payments Corporation of India,4.0,(1.1k),4.5k,107,183,50,10
Ceasefire Industries,3.1,(1.1k),2.4k,122,6,74,--
MasterCard,3.8,(1.1k),13.6k,176,256,111,--
Marsh McLennan,3.8,(1.1k),9k,56,19,87,--
VeeTechnologies,4.0,(1.1k),4.4k,141,16,97,1
Lemon Tree Hotels,4.0,(1.1k),2.8k,67,2,141,5
Pristyn Care,3.1,(1.1k),4.3k,88,2,152,--
Xebia,2.9,(1.1k),6.7k,97,18,229,35
Salcomp Manufacturing,4.0,(1.1k),4.6k,89,6,75,--
Psp Projects,3.8,(1.1k),3.2k,85,2,49,4
Cult.fit,3.4,(1.1k),4.4k,89,206,87,10
Amazon Web Services,3.8,(1k),7.1k,197,--,85,--
TradeIndia (Infocom Network Private Limited),3.3,(1k),4.5k,91,30,63,58
C&S Electric,4.0,(1k),3.8k,69,30,95,14
Entain,3.5,(1k),7.5k,145,--,96,--
Collins Aerospace,3.8,(1k),8k,91,14,106,5
KEI Industries,4.2,(1k),3.4k,74,3,96,--
JSW Group,3.9,(1k),4.7k,139,--,67,11
M3M India,4.1,(1k),3.6k,71,--,47,4
Napino Auto & Electronics,4.0,(1k),4k,69,1,81,2
AstraZeneca,3.8,(1k),7.5k,72,1,151,--
Mahindra Automotives,3.8,(1k),5.3k,49,--,45,3
Capacit'e Infraprojects,3.7,(1k),3.4k,81,12,67,1
Quantiphi Analytics Solutions Private Limited,3.0,(1k),7.8k,212,215,61,--
eClinicalWorks,3.6,(1k),4.9k,78,3,161,1
Lumina Datamatics,3.1,(1k),4.8k,64,46,53,3
Temenos,3.2,(1k),8.4k,97,3,57,12
Guidehouse,3.5,(1k),6.1k,85,140,46,--
Astral Adhesives,3.8,(1k),2.7k,63,--,64,2
Defence Research & Development Organisation,4.4,(1k),4k,78,--,89,--
Rebel Foods,3.7,(1k),3.6k,78,5,62,3
General Mills,4.0,(1k),5.4k,89,21,123,--
Bhanzu,3.7,(1k),1.4k,208,1,18,24
JSW Paints,3.8,(1k),3.4k,106,1,41,10
Sahara India Pariwar,3.9,(1k),2.5k,31,--,89,9
Natco Pharma,4.0,(1k),3.6k,58,3,88,2
CarDekho Group,3.6,(1k),5.1k,87,106,110,34
Shriram General Insurance,3.6,(1k),2.9k,45,28,49,15
Xceedance,3.5,(1k),6.9k,139,15,90,--
Lowe's,4.0,(1k),10.6k,160,48,140,2
J B Chemicals And Pharmaceuticals,3.9,(1k),3.4k,67,10,86,--
Jyothy Labs,4.0,(1k),2.3k,57,24,80,--
Yokohama Off-Highway Tires,3.7,(1k),4.3k,74,1,42,4
TechnipFMC,3.9,(1k),5k,86,66,110,--
Everest Industries,3.9,(1k),3.3k,67,44,90,4
Pizza Hut,4.0,(1k),2.1k,51,--,80,19
Softenger,4.0,(1k),2.8k,79,12,163,14
Incheon Motors,4.7,(1k),368,297,10,7,7
Kendriya Vidyalaya Sangathan,4.2,(1k),1.6k,70,--,64,3
Hiranandani Financial Services,4.4,(1k),1.1k,208,19,28,22
Navayuga Engineering Company,3.9,(1k),2.5k,69,16,92,1
LOREAL,3.7,(1k),3.9k,71,49,97,1
LanceSoft,3.2,(1k),5.9k,80,9,51,4
Cohance Lifesciences,3.8,(1k),3.3k,43,3,50,5
Signify,3.4,(1k),4.7k,65,46,80,2
VIP Industries,3.8,(1k),3.1k,51,27,88,4
JW Marriott,4.2,(1k),2k,50,--,152,--
Amphenol Interconnect,4.2,(1k),3.9k,56,8,70,1
Pricol,3.9,(1k),4.4k,56,28,91,15
Barclays Global Service Centre,3.8,(1k),7.9k,104,--,144,--
Adani Enterprises,3.7,(1k),5.2k,111,--,77,1
Financial Software & Systems,3.6,(1k),5.1k,77,10,59,1
SYSKA LED Lights,2.8,(1k),2.2k,59,--,75,1
Jaro Education,3.3,(1k),2.3k,120,25,89,--
Timken,3.9,(1k),4.3k,63,3,102,12
KreditBee,4.0,(1k),3.7k,109,17,101,--
SFO Technologies,3.3,(999),5k,50,25,69,4
Pramerica Life Insurance,3.6,(999),2.5k,45,31,71,5
Knight Frank,4.0,(999),3.5k,63,8,83,2
Aristo Pharmaceuticals,3.9,(996),2.7k,57,1,69,--
MAS Financial Services Ltd,3.5,(996),2.4k,59,89,38,24
KMV Projects Limited,4.2,(995),2.3k,65,2,93,5
"Commonwealth Bank of Australia, India",2.7,(994),8.3k,118,3,62,14
Reliance Power,4.1,(994),3.3k,68,11,69,3
Velocis Systems,3.8,(993),5.1k,72,10,55,--
Regulated Council of Immigration Consultants,4.9,(993),--,--,--,--,--
Greenlam Industries,4.1,(991),3.5k,71,22,67,1
Re Sustainability Limited,3.8,(989),3.2k,69,25,91,1
Medha Servo Drives,4.3,(989),3.2k,95,15,114,1
Target,4.1,(989),7.4k,151,79,95,--
Godfrey Phillips India,3.9,(989),3.3k,46,4,103,--
Steag Energy Services,4.3,(987),2.8k,54,5,112,2
CIEL HR,3.9,(986),3.4k,76,4,57,5
Altisource,3.5,(986),3.4k,45,68,139,9
Gannon Dunkerley & Co.,3.4,(985),1.9k,45,2,117,2
SKH Metals,4.0,(983),3k,86,11,64,3
Sandhar Technologies,3.7,(982),3.5k,61,11,80,2
ICCS,3.0,(982),2.9k,69,15,46,23
Volvo,4.0,(981),5.9k,83,12,96,4
Renault-Nissan,3.9,(979),3.6k,100,--,211,9
Orient Electric,3.7,(978),3.6k,69,11,64,31
Tafe Motors & Tractors,3.8,(976),3.1k,61,--,25,--
OCS Group,4.1,(974),2.6k,67,26,55,3
Nasser S. Al Hajri Corporation,3.5,(973),1.8k,43,--,97,--
Medhaj Techno Concept,4.0,(972),2k,65,--,163,78
Wakefit,3.8,(979),3.3k,84,18,33,6
Wipro PARI,3.2,(971),3.9k,73,10,32,6
Alorica,3.1,(970),3.6k,100,103,30,16
Deepak Fertilisers and Petrochemicals,4.0,(969),3.6k,51,23,83,31
Sona Comstar,4.0,(967),4.2k,86,7,72,--
Hathway,3.4,(967),3.5k,50,2,74,--
Naukri,4.0,(967),3.4k,235,7,119,15
Mando Automotive,4.0,(965),4.2k,55,--,126,1
FLSmidth,3.6,(965),4.2k,47,26,111,4
Bayer,4.0,(964),4.6k,62,--,137,--
Tikona Infinet,3.3,(963),2.6k,33,7,84,1
Intellipaat Software Solutions,3.7,(962),2.1k,206,1,16,6
Jubilant Pharmova,3.8,(961),3.2k,63,73,113,5
Episource,3.9,(960),3k,229,--,78,2
Petrofac,4.3,(962),2.4k,47,--,120,5
Michelin,3.7,(959),5.2k,70,24,117,--
HomeLane,3.3,(959),4.2k,96,145,70,6
ACL Digital,3.5,(959),6.8k,97,69,52,--
Aviva Life Insurance India,3.3,(959),2.7k,39,23,66,3
Ascendion,3.1,(959),5.1k,132,90,24,12
Schlumberger,3.7,(957),5.7k,162,2,118,14
WSP in India,4.2,(955),4.6k,114,--,30,16
FastInfo,4.2,(963),914,116,--,346,6
HT Media,3.0,(956),4.8k,61,1,89,6
GE Healthcare,3.9,(955),6.3k,88,1,102,4
Carborundum Universal Limited,3.6,(954),3.7k,40,13,68,--
Vijay Sales,4.0,(954),3k,69,13,60,1
Simplilearn,3.7,(953),4.8k,150,89,62,8
Apotex Research,3.7,(953),3k,39,29,106,--
Impact Infotech Pvt. Ltd.,3.8,(953),2.8k,77,2,95,--
Test Yantra Software Solutions,2.9,(964),26.2k,154,2,132,--
Nirma,4.3,(951),3.1k,54,32,123,2
Truhome Finance,3.6,(950),2.8k,61,34,52,6
Nityo Infotech,3.2,(949),5.1k,99,2,48,--
Nibav Lifts,4.0,(951),1.8k,107,226,27,17
Experis IT,3.0,(958),3.8k,72,6,44,1
Ather Energy,4.1,(948),5k,77,18,40,9
Alok Industries,3.6,(948),3.4k,54,13,89,--
Yashoda Hospitals,3.9,(948),3.5k,71,38,94,9
Amazon Sellers Services,4.0,(947),2.6k,138,--,110,--
Sundaram Clayton,3.9,(946),2.8k,38,10,92,--
Ashirvad Pipes,3.8,(946),3.1k,72,13,91,5
Neel Metal Products,4.0,(944),2.8k,60,--,79,8
Ageas Federal Life Insurance,3.5,(942),2.4k,60,31,70,4
Netscribes,2.7,(941),3k,95,31,75,10
Egis India Consulting Engineers,4.3,(941),2.4k,58,13,101,3
Apar Industries,4.1,(939),3.7k,68,13,57,5
UKG,2.8,(937),6.9k,133,32,66,12
Casagrand,3.7,(938),4.8k,79,102,40,--
Musashi Auto Parts,3.8,(937),2.9k,46,5,79,--
Acme Cleantech Solutions,4.0,(936),2.8k,87,10,98,2
Fedbank Financial Services,4.0,(933),3.1k,50,7,42,--
Updater Services,3.7,(933),3k,50,24,51,13
Ups Logistics,3.6,(932),4.7k,92,165,84,--
Epsilon,3.6,(933),7.5k,109,156,94,7
Bosch Chassis Systems,4.1,(931),2.7k,50,--,111,1
Silaris Informations,2.9,(930),3k,61,12,57,2
H&M,3.8,(930),3.3k,124,82,84,15
Aircel,4.4,(929),1.2k,9,--,142,--
RAMTeCH Software Solutions,3.7,(930),3.5k,47,7,58,--
Centum Electronics,3.3,(929),3.7k,32,1,110,--
Satya MicroCapital,3.7,(927),2.2k,71,5,41,6
MOURI Tech,3.6,(925),6.5k,79,67,58,6
Shivalik Small Finance Bank,4.1,(924),1.8k,122,7,83,3
BDO,3.1,(921),6.7k,66,--,23,7
Victura Technologies Private Limited,4.0,(933),3.5k,50,6,49,3
India Shelter Finance Corporation,3.8,(922),2.4k,38,6,34,2
Magna International,3.9,(920),5.9k,54,77,73,--
TNQ Tech Private Limited,3.5,(919),4.1k,67,22,67,--
Patel Infrastructure Limited,4.4,(918),2.1k,128,13,93,9
IDEMIA,3.8,(916),3.8k,63,7,80,3
Tata Starbucks,4.1,(915),1.9k,68,406,108,8
Clarivate,3.7,(914),7.1k,98,13,50,--
Rohan Builders,4.1,(928),2.5k,65,69,71,6
Tata Chemicals,3.9,(913),2.9k,79,--,132,9
Parag Milk Foods,3.9,(913),2.7k,82,16,58,23
Parag Milk Foods,3.9,(913),2.7k,82,16,58,23
Volkswagen,4.1,(911),3.1k,55,--,101,15
Swaraj Tractors,4.1,(910),3k,45,--,132,8
KGISL,3.2,(910),5.4k,97,19,103,5
Shilpa Medicare,3.4,(910),3.9k,66,2,55,9
Nlb Services,3.6,(909),3.3k,37,3,60,6
Vedanta Limited,3.6,(909),3.2k,76,41,76,--
RR kabel,4.1,(910),3.2k,76,5,52,--
National Health Mission,3.4,(910),2.3k,38,--,51,1
Marks & Spencer,3.9,(907),3.2k,38,67,108,--
Porter,3.5,(906),4.1k,104,142,62,6
Nexdigm,3.7,(905),3.5k,76,54,18,5
Rico Auto Industries,3.8,(906),3.6k,64,5,55,6
Panacea Biotec,3.5,(904),2.8k,69,32,101,--
Waaree Energies,3.9,(904),3.7k,84,35,53,1
Athena BPO,3.3,(903),2.8k,59,4,55,5
Sutherland Healthcare Solutions,3.6,(903),4.1k,50,--,54,--
Khazana Jewellery,4.3,(902),1.8k,137,20,150,18
Tata Power Solar,4.1,(901),3.3k,88,--,52,11
AJIO,3.6,(901),2.8k,65,--,91,--
HP India,3.8,(901),6.2k,170,4,110,6
Jaya Hind Industries,3.7,(902),2.7k,69,5,62,2
Union Bank of India,3.9,(900),3k,45,--,70,8
Parekh Integrated Services,4.0,(900),2.7k,42,30,87,--
C.R.I. Pumps,3.9,(900),2.8k,37,7,73,2
Petpooja,3.9,(900),2k,103,45,91,31
BGR Energy Systems,3.9,(900),3.1k,48,7,115,--
Lumen Technologies,3.7,(899),4k,59,5,107,2
enGen Global,3.8,(898),5.9k,78,55,63,6
K Raheja Corp,4.1,(897),3.4k,75,74,78,10
Next Education India,3.2,(897),2.7k,50,7,122,42
Rockwell Automation,3.7,(898),6k,91,553,80,9
Shaktiman Tirth Agro Technology,3.8,(904),3k,66,1,83,1
Welspun Corp,3.9,(897),2.7k,50,--,53,--
Future Focus Infotech,3.3,(894),4.1k,63,--,47,--
Dineshchandra R. Agrawal Infracon,4.0,(894),2.8k,66,23,40,2
Eris Lifesciences,3.6,(892),2.5k,48,12,75,--
Principal Financial Group,3.6,(892),6.3k,86,56,107,5
Syneos Health,3.5,(892),4k,66,130,55,5
Tata Hitachi Construction Machinery,4.0,(891),3.2k,69,14,80,--
Tata Hitachi Construction Machinery,4.0,(891),3.2k,69,14,80,--
Precision Infomatic M Pvt Ltd,3.9,(888),2.8k,57,11,29,--
Bechtel,3.9,(888),4k,76,155,92,3
Rodic Consultants,4.2,(886),2k,50,12,81,8
Torry Harris Integration Solutions,4.1,(885),4.4k,191,34,38,--
Five-Star Business Finance,4.1,(898),2.2k,33,2,40,3
Poly Medicure,3.4,(884),3.2k,88,39,51,1
Ramkrishna Forgings,3.5,(882),3.2k,71,10,69,2
LEAD School,3.2,(882),3.4k,95,--,78,2
Greaves Cotton,4.0,(880),3k,33,14,98,11
Sanden Vikas,4.1,(881),2.8k,60,10,73,3
AuthBridge Research Services,3.0,(881),3.1k,53,3,59,11
IBS Software Services,3.6,(880),6.7k,125,79,74,4
Bank of India,4.0,(880),2.8k,58,--,89,13
Luxoft,3.6,(878),5.4k,142,542,105,4
DBG Technology,3.7,(877),2.3k,93,5,39,1
Royal Sundaram General Insurance,3.7,(876),3k,25,13,63,6
Fareportal,2.9,(876),3.6k,46,21,103,7
Guardian India,3.8,(873),4.6k,64,3,88,6
Praj Industries,4.0,(874),3.4k,49,29,73,1
Credence Resource Management,2.9,(872),3.6k,41,116,86,1
Vastu Housing Finance,4.1,(870),2.4k,59,11,136,10
Mahindra Tractors,4.1,(870),2.7k,59,--,6,--
Advik Hi Tech,3.7,(869),3.2k,65,2,67,8
eTeam,3.2,(870),3.8k,55,6,34,--
Mahindra First Choice,3.9,(870),3k,43,9,75,--
Amber Enterprises India,3.9,(870),3.1k,61,13,43,3
Sunbeam Auto,3.9,(869),2.9k,55,--,54,1
JK Paper,3.8,(867),2.9k,69,15,72,1
Universal Sompo General Insurance,4.4,(868),2.2k,165,10,55,--
Teamware Solutions,4.1,(867),3.3k,72,12,49,--
Baxter International,3.8,(866),3.9k,54,49,89,5
Medusind Solutions,3.4,(862),3.1k,38,67,101,--
Encore Capital Group,3.8,(862),2.2k,48,1,119,8
Linde India,3.9,(861),3.8k,59,--,92,--
Jio-bp,3.6,(861),3.1k,81,7,29,--
Creative Synergies Group,3.9,(860),2.5k,30,11,17,7
Zydus Healthcare,3.9,(866),2.3k,73,--,15,3
Prama Hikvision India,3.6,(860),3.2k,68,8,46,2
Bpo Convergence,3.5,(859),2.1k,68,2,33,4
Freshworks,3.3,(858),7.6k,189,44,63,--
Ugro Capital,3.8,(877),3k,50,43,32,3
Duck Creek Technologies,4.5,(857),1.3k,87,17,395,4
Ask Automotive,4.1,(857),3.2k,41,1,52,--
Artech Infosystems,3.2,(857),3.9k,86,--,74,--
Bill Gosling Outsourcing India,3.5,(856),2.9k,51,21,87,7
Novac Technology Solutions,3.5,(856),5.7k,78,40,51,5
Prince Pipes & Fittings,4.1,(856),2.7k,60,13,60,--
Radical Minds,2.7,(855),2.7k,70,22,38,1
Redcliffe Labs,4.1,(855),2k,86,12,81,31
Serco,4.3,(854),1.2k,33,--,136,2
Vijaya Diagnostic Centre,3.6,(851),2.2k,48,22,137,2
Orion Edutech,4.1,(850),1.3k,43,--,99,1
JSW Energy,4.1,(849),4.1k,64,6,54,9
Consolidated Contractors,4.2,(850),1.4k,41,--,165,--
Feedback Infrastructure Services,3.4,(849),2.4k,47,14,88,--
Aequs,3.5,(849),3.6k,62,31,54,--
Y-Axis Overseas Careers,4.0,(850),1.5k,158,6,241,22
Ramco Systems,3.7,(849),5.2k,73,15,63,12
Nippon Koei India,4.7,(848),1.4k,169,3,36,21
Wabtec,3.8,(847),4.3k,64,3,55,2
Qualitest,3.5,(854),7.2k,95,19,31,--
Progressive Techserve,3.1,(846),2.8k,46,21,69,15
FIITJEE,3.2,(846),2k,57,--,50,7
Axtria,2.7,(845),8.1k,137,154,83,1
Ford Business Solutions,4.0,(845),4.3k,54,42,26,9
Engineers India,4.2,(845),3.4k,92,10,85,7
Border Security Force,4.4,(844),1.4k,19,--,78,--
RenewBuy,3.3,(845),3k,67,1,27,14
Zuventus Healthcare,3.8,(844),2.3k,63,8,63,79
AISIN,4.1,(843),2.8k,59,14,95,3
IFFCO,4.1,(841),2k,63,--,92,2
Volkswagen Group Digital Solutions [India],3.9,(840),5.3k,87,17,13,4
THE LEELA PALACES HOTELS & RESORTS,4.0,(840),2.4k,42,--,117,4
Transrail Lighting,4.0,(840),2.8k,66,7,55,16
PUMA,4.1,(839),2.7k,76,29,86,2
Huhtamaki,3.9,(839),2.7k,29,12,89,--
Somany Ceramics,4.1,(840),2.8k,32,8,69,1
Chennai Radha Engineering Works,4.0,(837),2.4k,44,8,95,--
Avaada Group,4.4,(841),2.5k,93,73,81,7
Careernet,3.5,(836),4.7k,52,2,53,1
Indo Autotech,4.0,(837),2.9k,58,9,70,3
Avaada Group,4.4,(841),2.5k,93,73,81,7
Wipro Consumer Care & Lighting,3.6,(835),3.8k,77,1,269,1
Neurealm,3.4,(835),6.9k,103,109,61,2
Qinecsa Solutions,2.7,(835),2.7k,64,--,3,--
Denave,3.4,(835),2.8k,51,5,83,1
Protiviti,3.0,(835),5.8k,74,6,25,9
Eveready Industries,3.8,(833),2.5k,44,1,83,1
Allied Digital Services,3.1,(831),3.6k,71,14,36,30
Isuzu Motors,4.2,(831),3k,60,--,101,--
Hitachi,3.9,(831),5.1k,100,--,59,9
Travel Food Services Ltd,4.0,(831),2.2k,52,1,69,3
Alivus Life Sciences,3.8,(830),4.2k,42,12,55,--
Action Construction Equipment,3.7,(829),3k,78,1,43,--
Forever Living Products,4.2,(830),1.7k,80,--,50,12
Eastman Auto and Power Limited,3.9,(829),2.3k,111,4,37,8
Fluor Corporation,4.1,(828),1.8k,33,54,10,--
Investors Clinic,3.5,(827),1.6k,76,24,28,--
R.V.R. PROJECTS,3.9,(827),2k,74,13,39,1
JM Financial,3.7,(826),4k,61,--,36,10
Hilti,3.4,(827),3.8k,75,8,84,5
Toyo Engineering,4.0,(826),3.8k,63,7,83,8
Celebal Technologies,3.1,(825),5k,144,88,27,3
Punj Lloyd,4.0,(825),1.6k,20,--,138,--
Jai Balaji Group,3.2,(826),3.3k,58,--,69,3
Maveric Systems,3.3,(826),7.3k,132,15,72,147
ManipalCigna Health Insurance,3.7,(825),3k,48,94,47,6
First Advantage,3.4,(824),4.6k,32,35,64,--
Padget Electronics,3.8,(824),2.8k,86,--,27,2
Ksb Pumps,3.7,(823),3.6k,59,167,42,8
Lenovo,4.1,(823),4.3k,66,14,62,42
Neuland Laboratories,3.9,(822),3.1k,56,11,77,1
Rallis India,4.0,(822),2.6k,48,15,81,1
Fleetguard Filters Private Limited,4.3,(821),2.8k,53,15,64,1
Wapcos,3.0,(821),2.3k,44,--,37,--
Microtek International,3.7,(821),2.8k,56,4,55,2
Zidio Development,4.3,(820),115,195,--,28,6
Hitachi Digital Services,3.5,(818),2.5k,71,26,54,44
Stellantis,3.4,(817),5.7k,69,--,26,--
Franklin Templeton Investments,3.9,(817),3.9k,35,74,73,4
Vaaman Engineers,3.8,(816),2.3k,76,6,62,--
BDO RISE Private Limited,3.5,(816),3.5k,107,23,46,5
People Tech Group,2.3,(815),5.4k,89,16,38,13
Lea Associates South Asia,4.2,(815),1.9k,34,--,80,10
Exicom,3.9,(815),3.1k,63,10,77,1
Bses Rajdhani Power,3.8,(814),2.9k,64,--,64,1
Bunge India,3.9,(813),3.3k,51,266,62,--
ReSource Pro,3.6,(813),4.3k,145,39,60,2
Times Internet,3.3,(812),5.6k,76,9,74,11
Intex Technologies,3.5,(811),1.5k,20,5,98,2
Ameriprise Financial,3.7,(811),5.5k,76,2,109,--
Pratap Technocrats,3.7,(811),1.9k,37,6,39,1
Sterling Tools,4.5,(814),1.2k,237,15,33,12
India Japan Lighting,4.0,(810),2.7k,70,6,73,6
VA Tech Wabag,3.7,(809),3.1k,62,22,90,4
Fidelity International,3.5,(809),6k,63,35,85,--
bp,3.7,(809),5.2k,101,41,40,8
JioStar,3.5,(808),4.9k,65,200,27,--
Revolut,2.3,(809),3.8k,135,--,24,--
Reliance Smart,4.1,(811),2.2k,38,--,23,14
CMS Computers Limited (INDIA),3.5,(808),3.4k,46,10,60,1
Zaalima Development,4.3,(835),26,265,--,46,--
Forvia Hella,3.7,(804),3.7k,51,61,84,1
Assystem,3.3,(806),2.3k,51,179,6,--
National Informatics Centre,3.9,(804),4.2k,45,--,27,--
Amadeus,3.7,(805),7.7k,128,--,96,3
Mott MacDonald,3.9,(805),3k,58,122,55,7
Genus Power Infrastructures,3.8,(803),3.2k,74,--,53,15
TO THE NEW,3.5,(803),6.1k,159,20,102,1
Bitwise Solutions,3.5,(802),4.4k,63,8,130,--
Sharda Motor Industries,3.7,(802),2.9k,60,20,88,1
NTT,3.9,(801),4.9k,72,--,64,--
ESL Steel,3.8,(801),2.1k,39,--,92,--
Creambell,3.8,(807),2.1k,44,4,75,--
Central Industrial Security Force,4.3,(800),2k,24,--,78,5
Wipro Infrastructure Engineering,3.7,(798),4k,63,--,90,1
Google Operations Center,3.5,(799),4.5k,105,--,54,7
Edubridge Learning,3.7,(799),1.3k,67,67,150,11
McDermott International,4.2,(798),3.7k,66,58,78,1
Livguard,3.9,(801),2.4k,46,--,21,1
Eugia Pharma Specialities,4.0,(802),3k,52,--,42,3
Quatrro Business Support Services,3.2,(801),2.5k,62,--,87,--
Steel Authority Of India,4.1,(811),2.3k,51,--,61,4
Central Bank of India,4.0,(796),1.6k,46,--,38,1
Turtlemint,3.7,(795),2.7k,64,4,39,--
Greenply,3.8,(802),2.5k,59,3,58,3
Electrosteel Casting,3.7,(794),3k,57,3,44,2
UnitedLex,2.6,(794),3.7k,75,61,63,7
Tredence,3.3,(793),7.5k,157,123,58,9
Rackspace,3.6,(793),4.7k,86,5,63,2
LG Soft India,2.6,(792),4.8k,119,25,75,1
Hapag-Lloyd,3.8,(793),3.2k,32,56,76,--
BNP Paribas India Solutions,3.5,(791),6.3k,85,8,117,3
Razorpay,3.4,(789),7.1k,179,3,54,7
Skill Lync,3.1,(789),3.5k,93,1,29,4
Samsung E&A,3.9,(787),2.5k,73,5,118,4
Finolex Cables,3.7,(786),2.7k,45,11,48,--
AI Airport Services,3.2,(787),1.8k,50,--,10,--
Aurigo Software Technologies,4.6,(785),1.1k,37,20,127,14
EMERSON PROCESS MANAGEMENT,4.0,(785),4.6k,66,--,78,4
Delta Electronics,3.8,(786),3.8k,72,11,48,10
Zee Entertainment Enterprises,3.4,(785),4.4k,57,91,51,6
Thriveni Earthmovers and Infra Pvt. Ltd.,4.0,(784),2.6k,74,--,101,2
B. G. Shirke Construction Technology,4.2,(784),2.7k,44,3,85,1
Smollan Group,3.9,(792),1.9k,51,1,45,5
Primus Global Technologies,3.7,(783),3.2k,26,--,57,--
Integreon,3.2,(783),4.2k,59,9,89,--
BDO INDIA SERVICES PRIVATE LIMITED,3.0,(782),3.9k,94,182,42,8
LifeCell International,3.4,(782),2.9k,56,46,70,--
India Cements,3.9,(780),2.8k,56,13,64,1
Mitsubishi Electric India,4.2,(783),3.1k,50,8,64,5
RITES,3.9,(782),2.6k,42,10,62,1
Kissht,3.9,(780),2.2k,106,15,54,--
ASG Eye Hospital,3.5,(780),1.8k,66,22,43,--
Boeing,3.8,(779),7.2k,104,5,71,4
Trianz,3.6,(779),4.9k,61,28,61,2
Religare,3.6,(778),2.6k,36,29,35,--
Veradigm,3.7,(778),3.5k,45,67,2,--
URC Construction,3.5,(777),2.6k,82,34,41,5
HSBC Software Development,4.0,(777),7.7k,29,--,3,--
V-Trans,3.8,(776),2k,34,--,52,2
Care Hospital,4.1,(776),2.2k,38,2,67,11
Deepak Nitrite,3.8,(775),3.3k,53,33,76,--
Shalby Hospitals,4.2,(773),2.2k,121,73,68,1
Lohia Corp,4.0,(773),2.6k,94,4,57,39
Home First Finance Company India,3.5,(772),2.5k,68,232,30,--
PrimEra Medical Technologies,3.4,(772),4.1k,73,17,44,4
Sterlite Electric,4.1,(783),3.3k,42,46,76,--
Better.com,3.0,(769),3.8k,60,--,118,--
Koch Business Solutions,3.1,(769),5.3k,72,3,53,--
Bikanervala,3.9,(767),2.1k,35,2,60,--
Nvidia,3.4,(767),5.8k,137,371,70,20
Bahwan CyberTek,3.3,(766),5.2k,54,320,34,23
Brane Enterprises,2.1,(766),3.7k,151,--,19,10
BCD Travel,4.3,(765),1.8k,153,19,41,12
Sun Life Financial,3.8,(766),4.2k,55,--,114,10
Mswipe Technologies,3.3,(763),2.3k,37,4,49,3
TDK India Private Limited,3.9,(763),2.3k,48,29,64,24
YOKOGAWA,3.8,(763),3.8k,78,81,86,--
Jubilant Ingrevia,3.8,(762),3.1k,57,--,29,--
Cotiviti,3.5,(762),4.9k,94,52,58,9
Ag Industries,3.9,(760),2.8k,64,10,56,5
CADD Centre Training Services,3.8,(761),2k,38,4,91,--
Dunzo,3.5,(759),3.2k,71,--,22,5
GirnarSoft,3.7,(759),3.2k,36,1,92,2
Galfar,3.8,(758),1.9k,32,--,78,--
The Akshaya Patra Foundation,4.4,(758),2k,62,10,65,48
1 India Family Mart,4.6,(759),1.5k,40,--,40,2
OLX India,3.9,(757),3.2k,69,2,115,9
McKinsey & Company,3.9,(757),8.9k,255,12,71,--
Molex,3.8,(754),4.1k,73,4,65,--
Rentokil Pest Control,3.4,(763),2.1k,46,227,76,5
Adidas,3.8,(754),4.1k,88,73,60,1
Goodyear,3.4,(754),2.7k,76,2,54,14
Bristlecone,3.6,(753),6.2k,78,156,58,1
CtrlS,3.6,(754),3.4k,63,7,97,5
Vindhya Telelinks,4.0,(751),2.2k,51,3,38,10
Dodla Dairy,4.2,(751),2.1k,48,19,58,3
Expleo Solutions,3.5,(750),4.8k,76,1,29,5
Biba Apparels,3.6,(748),2.2k,52,--,68,3
Visteon,3.1,(748),4.8k,65,265,51,--
Adani Cement,3.4,(749),2.7k,69,--,16,5
Wolters Kluwer,3.8,(748),5.4k,97,5,57,1
TransUnion,3.6,(748),6.8k,107,69,64,13
SLK Global Services,4.0,(747),2.4k,35,--,86,--
Infor Global Solution,3.9,(746),7k,87,45,67,9
TTK Prestige,3.9,(746),2.6k,52,18,54,2
Indusind Marketing & Financial Services,3.6,(746),1.6k,33,--,57,--
Medreich,3.9,(745),3k,64,8,72,10
Apple,4.3,(745),5.8k,179,132,57,8
Magic Bus India Foundation,3.9,(745),1.9k,52,35,56,--
Tavant Technologies,3.8,(742),6.4k,81,62,95,11
Evision Technoserve,4.8,(741),214,324,--,25,--
Gartner,3.8,(739),6.9k,103,41,26,13
Vizag Steel,3.8,(738),1.7k,37,--,52,1
Amrit Cement,3.9,(738),1.6k,86,22,32,3
Progressive Infovision,3.9,(739),1.2k,69,--,76,--
Radico Khaitan,3.9,(738),2.1k,70,--,43,45
Autoliv,3.9,(737),3k,45,5,60,--
CJ Darcl Logistics Limited,3.9,(737),2.1k,47,1,51,425
Magic EdTech,3.5,(737),3.8k,104,14,34,44
BSH Home Appliances Group,3.7,(744),2.7k,40,8,8,--
Ness Digital Engineering,3.2,(737),5.7k,74,16,16,2
Lovely Professional University,3.3,(736),2.1k,68,6,53,--
Tejas Networks,3.8,(736),4.4k,95,--,34,1
Asb International,3.7,(736),2.8k,38,2,56,--
HRH Next Services,2.9,(736),2k,58,9,50,--
Diebold Nixdorf,3.6,(735),3.6k,57,9,88,11
PPG Asian Paints,3.8,(735),2.9k,46,4,68,5
Paytm Payments Services,3.2,(735),1.7k,32,1,19,1
IHG,3.6,(734),2.7k,41,168,92,--
DuPont,4.3,(734),3k,47,24,96,1
Impetus Technologies,3.2,(735),6.6k,123,46,66,245
Elite Elevators,4.2,(734),1.1k,54,1,72,12
Nomura Holdings,3.6,(732),7.3k,87,254,92,34
Moglix,3.3,(733),3.8k,72,22,49,6
Ramky Infrastructure,4.2,(732),2k,55,--,66,2
Patel Engineering,4.1,(735),2.4k,47,--,52,7
Technotask Business Solutions,3.4,(736),2.2k,66,7,11,8
Emami Agrotech,3.9,(732),2.6k,47,15,58,--
Wuerth,3.5,(730),2.4k,46,5,79,--
Bridgestone - Global Capability Center,4.0,(728),2.9k,51,16,64,--
LEAP India Limited,4.5,(741),1.4k,37,3,38,14
NephroPlus,3.9,(729),3.1k,336,23,46,3
Joyalukkas,4.5,(728),1.1k,192,4,195,4
SG Analytics,2.6,(728),3.9k,85,18,53,1
Vertex Customer Solutions,3.6,(728),1k,16,--,83,1
Raychem RPG,3.7,(727),2.5k,34,2,95,7
Capco Technologies,3.8,(727),5.4k,100,50,54,19
Rane NSK Steering Systems,3.9,(727),2.1k,44,--,69,1
Blue Yonder,3.4,(728),7.8k,76,211,76,8
Mahindra Integrated Business Solutions,3.3,(728),2.8k,49,3,25,10
Kaar Tech,4.2,(731),2.3k,236,16,19,7
Keventer,3.8,(726),2.2k,36,4,55,--
NecLife,3.5,(726),2.3k,62,2,56,2
HCL Healthcare,4.5,(726),1.1k,181,11,30,62
Bharat Serums and Vaccines,3.9,(725),2.4k,32,20,66,1
Grihum Housing Finance,3.7,(725),2.3k,33,30,14,3
Lavender Technology,4.9,(724),19,4,--,53,3
Surya Roshni,4.1,(726),2.3k,23,11,48,3
Grihum Housing Finance,3.7,(725),2.3k,33,30,14,3
Mynd Solutions Private,3.6,(724),3.2k,36,6,40,3
TVS Electronics,3.7,(723),2.4k,33,5,67,--
Medtronic,3.9,(723),4.9k,84,122,66,--
VRL Logistics,3.7,(723),1.8k,27,1,39,2
Caparo Engineering India,4.0,(722),2.5k,35,6,61,2
Quislex Legal Services,4.1,(722),1.8k,42,2,59,1
ffreedom app,3.4,(723),1.4k,64,--,2,12
Belstar Microfinance,3.9,(720),1.7k,47,--,21,7
R.S. Infraprojects,3.9,(720),1.8k,43,3,64,1
ChannelPlay,3.8,(718),2k,32,144,95,--
Triveni Engineering & Industries,4.1,(720),2.6k,51,2,59,2
Transsion,3.8,(721),2.6k,41,5,69,4
Micro Turners,3.9,(717),2.2k,36,4,53,--
Orient Technologies,3.7,(717),3k,50,5,47,2
Vasudha Pharma Chem,4.0,(717),2.3k,41,2,65,--
Flash Electronics,3.6,(716),2.6k,37,--,61,--
Myk Laticrete,3.7,(718),2.4k,31,27,39,1
TDS Lithium-Ion Battery,4.2,(715),2.5k,99,--,40,--
Csc E Governance Services,3.8,(714),1.7k,48,26,37,3
Wow Momo Foods,4.1,(714),2.1k,257,14,20,1
uFaber,2.2,(714),1.4k,54,--,55,3
Finova Capital,3.9,(714),1.7k,31,25,27,13
Titan Eye Plus,4.1,(714),1.5k,42,--,57,2
ANAROCK Property Consultants,3.4,(714),3.3k,67,69,39,10
PCBL Chemical Limited,3.9,(713),2.7k,75,1,54,1
BrightCHAMPS,4.2,(713),1.2k,107,19,52,4
Lionbridge Technologies,3.4,(713),3.9k,52,18,62,5
North East Small Finance Bank,3.5,(713),1.8k,30,--,41,8
My Home Industries,4.1,(713),2.3k,46,7,63,2
Wissen Technology,3.7,(713),5.6k,215,88,88,34
BASF,4.3,(712),2.6k,36,18,67,9
Welspun World,3.7,(712),2.6k,60,84,87,1
Leverage Edu,3.9,(712),1.9k,71,23,12,--
Wissen Infotech,3.5,(712),5.2k,64,54,59,9
Dhanuka Agritech,3.6,(711),1.9k,50,6,63,2
Solv,3.4,(712),1.7k,47,--,16,1
CSC,3.6,(723),4.8k,70,54,9,22
JoulestoWatts Business Solutions,3.3,(710),3.5k,81,--,20,--
Cohesity,3.7,(709),5.2k,87,11,88,--
XcelServ Solutions,4.4,(709),417,12,--,11,--
Corteva Agriscience,4.2,(710),2.7k,41,17,62,1
Teamlease Digital,3.2,(709),3.3k,40,4,47,--
NSB Bpo Solutions,2.7,(708),1.7k,36,2,33,1
Samunnati,4.5,(708),984,84,--,278,6
Suroj Buildcon,4.0,(707),1.7k,42,--,64,7
Testbook.com,3.4,(707),4.5k,111,--,22,10
HSBC Bank,4.0,(708),3k,46,--,26,--
Doosan Power Systems,4.3,(707),2.5k,45,--,85,29
MPS Limited,3.5,(707),3k,40,22,44,28
TCNS Clothing Company,4.2,(707),1.5k,27,2,60,--
TCI Express,3.8,(706),2k,51,2,59,--
Sintex BAPL,3.6,(708),2.4k,45,2,76,--
Sigma Engineered Solutions,4.0,(706),2.8k,36,--,20,4
Livpure,3.7,(706),2.4k,41,10,52,3
Indorama,3.9,(706),2.4k,44,14,44,2
Neeyamo Enterprise Solutions,3.5,(705),4.1k,73,11,67,--
InternEzy,4.9,(704),5,149,--,120,--
National Stock Exchange of India,3.5,(704),4.9k,58,--,43,--
DeHaat,3.6,(705),2.2k,71,5,23,3
Saint Gobain Glass,4.0,(704),2.1k,32,--,4,--
Surin Automotive,3.8,(704),2k,64,--,35,16
Narayana e-Techno School,3.5,(712),2.2k,57,1,32,--
Infinity Learn,4.1,(704),2.3k,106,195,11,4
Kiya.ai,4.0,(704),4.3k,52,111,29,--
SMC Global Securities,3.5,(703),2.7k,62,26,33,1
Licious,3.5,(703),3.2k,79,29,88,1
Bayer Crop Science Vegetable Seeds,4.2,(702),1k,38,7,4,--
Vyapar,3.6,(703),2.6k,86,101,41,5
Krsnaa Diagnostics,3.5,(701),1.7k,53,57,30,9
MAQ Software,2.9,(700),4.2k,180,3,32,5
Optimum Infosystem,3.2,(700),3.7k,60,106,19,18
Carrier,3.6,(700),4.9k,59,9,46,5
Vikram Solar,3.5,(699),2.5k,43,10,61,2
EPL Limited,3.9,(699),1.9k,32,--,72,7
Sykes Business Services Of India,3.4,(698),2.5k,53,22,199,33
Orient Cement,4.4,(698),2.5k,48,7,77,--
InsuranceDekho,3.5,(696),2.4k,83,60,12,4
Housing.com,3.5,(696),3k,83,61,68,40
InsuranceDekho,3.5,(696),2.4k,83,60,12,4
SOLAR INDUSTRIES INDIA,3.7,(695),3.2k,80,18,47,8
NiCE,3.5,(694),4.8k,106,22,66,61
Careon Healthcare Solutions,3.9,(693),3.2k,10,1,6,--
Office Beacon,4.5,(693),928,68,1,16,--
Corporate Infotech,3.5,(693),2.4k,89,3,19,1
Monte Carlo,4.3,(693),2.6k,38,6,51,4
Tata Power Delhi Distribution,3.8,(693),2.9k,38,2,71,2
Osource Global,3.4,(701),2.8k,30,41,5,--
Nihilent,3.1,(692),4.9k,65,37,49,25
RealPage,3.5,(692),4.3k,80,14,56,1
Kurlon,4.2,(691),2.1k,37,8,87,--
Centaur Pharmaceuticals,3.6,(691),2.9k,39,5,44,--
Gainwell Commosales,4.0,(692),2.4k,46,12,58,1
Chaitanya India Fin Credit,4.1,(691),1.6k,40,1,30,5
FCC Clutch,3.8,(690),2.4k,51,3,39,--
AML RightSource,2.5,(690),4k,71,28,22,3
3M,3.9,(689),3.4k,43,121,67,--
Airports Authority of India,4.3,(689),1.8k,59,--,74,6
Kaizen IT Services,3.6,(689),1.4k,42,--,20,17
Quality Austria Central Asia,3.5,(688),1.9k,32,18,52,--
Embibe,3.4,(687),2.6k,61,--,85,39
Government of India,4.2,(686),3.9k,71,--,84,2
Collegedunia,3.1,(686),3.4k,143,14,39,--
Ingram Micro,3.6,(690),3.4k,33,--,65,--
Hetero Healthcare,3.5,(686),2.4k,38,8,49,--
Marlabs,3.5,(685),5.2k,44,3,53,--
DAV Public School,4.0,(685),1.2k,38,--,82,2
Omaxe,4.2,(685),2.2k,41,4,59,--
Vindhya e-Info Media,4.1,(692),1.2k,90,2,50,1
Quess IT Staffing Solutions,3.4,(684),1.5k,45,--,10,--
Anudip Foundation,4.0,(684),1.4k,215,23,42,--
Sir H. N. Reliance Foundation Hospital and Research,4.3,(691),1.3k,183,32,34,22
Pennar Industries,3.4,(683),3.1k,40,6,63,--
Blackrock,3.4,(683),7.8k,121,--,70,--
Toppr,3.4,(682),3k,67,--,87,12
Varindera Constructions,4.4,(682),1.5k,56,2,36,12
Inspirisys Solution,3.6,(701),3.9k,66,50,28,3
Snapdeal,3.4,(682),2.8k,78,9,125,12
Times Group,3.7,(682),4.7k,35,8,79,2
B.L. Kashyap & Sons,3.7,(681),1.8k,72,8,53,5
PeopleStrong,3.3,(680),3.4k,55,3,46,--
Infotact Solutions,4.4,(684),60,170,--,37,4
Qatar Airways,3.4,(679),2.1k,73,12,65,--
Sapiens,2.9,(678),5.6k,70,29,69,--
Motilal Oswal Wealth Management,4.4,(679),478,45,--,23,--
South Indian Bank,3.4,(676),3.3k,51,--,35,2
Global Healthcare Billing Partners,3.5,(676),3.9k,47,84,16,6
Ramboll,3.9,(676),3.4k,48,109,74,22
Yatra,3.3,(676),3.1k,39,--,60,5
BankBazaar,3.3,(675),2.9k,63,32,63,6
Avalon Technologies,3.8,(674),3.5k,43,18,46,1
Talentpro,3.8,(674),2.4k,37,1,44,--
Geojit Financial Services,3.2,(674),2.2k,58,7,50,--
Me n Moms,4.1,(673),1.1k,158,4,42,13
Hamilton Housewares,3.8,(673),2.9k,45,128,34,4
Danfoss Industries,3.8,(672),3.6k,45,6,68,--
TVS Eurogrip,3.6,(672),2.2k,36,15,40,--
Epicenter Technologies,3.4,(671),2.2k,46,6,73,--
Fiat India Automobiles,3.6,(671),2.3k,48,12,59,--
Eli Lilly and Company,3.2,(672),5.2k,86,33,72,--
Schwing Stetter,3.8,(671),2.8k,50,104,54,--
Serum Institute of India,4.2,(670),3.6k,45,5,63,1
GKN,4.0,(670),2.4k,44,18,85,--
Sapphire Foods India,3.8,(670),2.1k,38,25,57,2
NextComm Corporation,4.8,(669),39,6,--,31,3
Forbes Marshall,3.9,(669),2.8k,47,22,52,3
Future Supply Chain Solutions,4.4,(671),2k,22,--,83,--
Kirloskar Ferrous Industries,3.6,(669),2.3k,35,2,35,--
Kutumbh Care,3.9,(668),1.6k,33,--,51,2
UKB Electronics Limited,3.4,(668),2.4k,56,3,95,14
ACKO,3.2,(668),3.3k,66,16,33,13
Uno Mindarika,4.0,(668),2.1k,53,--,61,--
Varun Motors,3.7,(668),2.2k,25,--,53,5
Philips Innovation Campus,3.7,(667),4.6k,58,--,49,--
Action Tesa,3.9,(667),1.5k,116,4,19,1
Healthians,4.1,(667),2k,146,--,23,11
L&T Power,3.9,(667),3.3k,38,--,97,--
Alshaya Group,3.7,(668),2.3k,52,2,83,9
Celebi Aviation Holding,4.0,(666),1.1k,37,--,5,--
Cashify,3.9,(666),2.9k,54,4,40,7
ICA Edu Skills,3.7,(665),1.4k,42,10,52,2
TIAA Global Business Services,3.7,(664),5k,52,26,124,--
Maharashtra Seamless,3.5,(664),2.3k,64,1,41,1
IDBI Intech Limited,3.2,(665),3.1k,60,1,48,4
Jubilant Agri and Consumer Products,4.0,(664),2.1k,39,--,32,--
Ferrero,3.9,(663),2.1k,32,15,68,--
The Saraswat Co-operative Bank,3.2,(662),3.3k,32,6,28,--
Sasken,3.6,(662),4.5k,97,67,53,73
Suraksha Diagnostic,3.6,(661),1.7k,53,23,40,1
NRB Bearings,4.0,(661),2.1k,53,52,66,1
Reliance Jewels,3.9,(661),1.4k,39,--,49,13
Electrotherm,4.0,(661),2.9k,42,5,58,--
Varthana,3.9,(660),1.4k,48,5,60,20
Cogoport,3.2,(660),1.9k,59,--,5,--
Mrs Bector's Food Specialities,3.8,(659),2k,38,24,38,20
The Lalit,3.3,(659),1.6k,26,15,78,1
NoBrokerHood,2.7,(658),2.1k,70,2,207,2
HashedIn by Deloitte,3.8,(658),6.4k,154,4,56,6
Central Reserve Police Force,4.6,(658),1.3k,10,--,46,--
Cyfuture,2.8,(657),2.8k,111,24,74,25
Finolex Industries,3.7,(657),2.4k,50,27,26,--
Emids Technologies Limited,3.6,(656),5.1k,49,20,69,1
Premier Energies,4.1,(656),2.5k,57,36,36,4
Manjushree Technopack,3.6,(657),2.8k,52,16,58,32
Tecnimont,3.8,(655),2.9k,44,82,66,2
NetConnectGlobal,3.1,(655),2.8k,33,114,30,9
Finastra,3.6,(655),4.6k,63,54,75,14
ExportersIndia,4.9,(655),130,32,--,11,77
Titan Engineering & Automation,3.8,(655),3.8k,41,6,39,1
Trigent Software,3.3,(654),4.1k,83,--,49,2
Turbo Energy,4.0,(653),2k,25,--,81,1
HDFC Asset Management Company,4.0,(653),2.5k,48,--,31,--
Nspira Management Services,3.7,(653),2.6k,40,27,27,1
FNP,3.7,(666),2.5k,84,23,34,43
Pyramid IT Consulting,3.2,(653),2.9k,29,5,48,--
Medcode,3.6,(652),592,18,12,1,1
Ebixcash Global Services,3.2,(652),2.2k,60,1,11,12
Sandvik Asia,4.0,(653),1.6k,33,--,94,11
Mount Litera Zee School,3.6,(653),1.5k,43,15,67,1
Okaya Power,3.9,(651),2.2k,49,25,54,--
Data Entry,4.2,(650),1.9k,141,--,55,--
Aster Dm Healthcare,3.7,(650),3.2k,60,190,32,2
Sterling Oil Exploration & Energy Production,3.5,(670),1.5k,77,13,40,3
Continental,3.7,(649),3.6k,59,75,54,--
Videocon d2h,3.7,(648),1.2k,31,--,102,--
Sudarshan Chemical Industries,3.8,(648),2.8k,37,13,50,4
Hpl Electric & Power,3.8,(648),2.3k,70,5,30,1
Heidelberg Cement,3.9,(648),2k,38,1,47,1
EaseMyTrip.com,3.8,(652),1.5k,71,44,219,5
QSpiders,3.6,(671),1.9k,104,--,22,2
Fiem Industries,3.7,(648),2.7k,30,11,56,--
Toyoda Gosei Minda,4.2,(646),1.9k,35,--,56,2
Nucleus Software Exports,3.1,(646),4.3k,52,8,79,2
Shriram Automall,4.0,(646),1.4k,56,--,113,--
Iron Mountain Inc,3.7,(647),3.4k,39,178,52,--
Suma Soft,3.4,(646),3.2k,52,13,41,4
Rocket India,4.0,(647),3.9k,122,16,38,--
Royaloak Incorporation,3.5,(646),1.6k,44,12,18,3
IKEA,4.0,(646),2.3k,53,3,66,1
Bharat Biotech International,3.2,(645),2.3k,69,13,41,1
Becton Dickinson,3.9,(645),3.6k,40,33,51,--
IRB Infrastructure,3.9,(645),1.4k,32,29,57,1
Godrej Industries,4.0,(644),2.9k,60,172,65,--
"eInfochips, An Arrow Company",3.5,(645),4k,84,182,53,25
HLL Lifecare,3.7,(644),1.8k,51,20,44,3
BAXY Limited,4.0,(644),2.1k,35,1,56,--
Kajaria Ceramics,3.9,(643),2.1k,32,--,48,--
Chennai Civil Construction,5.0,(1),174,--,--,3,--
Jayaswal Neco Industries Limited,4.1,(642),2.1k,37,14,50,4
Expleo Group,3.5,(643),6k,50,64,24,6
Pinnacle,3.4,(642),3k,63,17,56,19
Dr. Batras' Positive Health Clinic,3.6,(642),1.1k,24,16,35,22
CSG International,3.4,(642),4.3k,61,--,48,8
Annalect,3.4,(643),4.3k,83,--,20,4
Equifax,3.9,(643),2.8k,138,3,36,--
Super Smelters,3.7,(642),2.2k,43,4,45,--
Renovision Automation Services,3.3,(641),1.9k,27,10,38,--
ArcelorMittal,3.9,(641),3.7k,48,22,36,3
CSM Technologies,3.9,(640),2.2k,37,5,24,20
CSM Technologies,3.9,(640),2.2k,37,5,24,20
OfBusiness,3.0,(639),2.7k,55,70,28,7
Consulting Engineers Group,4.0,(639),1.8k,49,36,46,--
ITC Limited Foods Division,4.0,(639),2k,80,--,64,--
DHL Global Forwarding,3.9,(639),3k,40,5,77,1
Ongc Petro Additions,4.0,(638),3.2k,36,--,77,--
Athenahealth Technology,2.7,(641),4.2k,94,11,95,--
Family Health Plan,3.7,(637),2.1k,49,17,34,--
Mavenir Systems,3.4,(637),3.6k,63,22,48,7
VDA Infosolutions,3.7,(637),2k,55,2,25,12
Laxmi Organic Industries,3.6,(636),2.3k,48,10,52,3
Accion Labs,3.5,(637),5.1k,88,51,47,11
C5i,4.2,(637),3k,55,12,32,15
Crowne Plaza,4.2,(636),1.3k,24,--,109,6
Sl Lumax,3.4,(642),2.4k,30,3,88,--
ThoughtWorks,3.9,(636),7.4k,178,9,51,15
Hettich,3.4,(636),2.6k,46,11,46,1
SAEL Industries Limited,3.9,(635),2.1k,61,26,35,--
Anmol Industries,4.0,(636),1.9k,71,--,49,21
Aurionpro Solutions,3.4,(635),3.8k,40,23,36,1
APL Apollo Tubes,4.0,(636),2k,55,3,26,--
Perficient,3.7,(636),4.7k,49,19,37,4
Gestamp,3.7,(634),2.2k,27,4,67,2
Jaipur Rugs,4.1,(633),883,79,4,31,25
UTL Solar,3.5,(633),1.9k,66,22,33,3
Vedang Cellular Services,3.7,(633),1.8k,30,12,33,4
United Colors of Benetton,4.4,(632),1.4k,26,2,64,8
Lulu International Shopping Mall,3.8,(643),2.8k,48,--,26,1
Kauvery Hospital,3.9,(634),2.4k,39,8,23,10
BMC Software,4.0,(632),4k,53,35,82,20
Allianz Services,4.0,(632),2.6k,34,7,52,38
BT E Serv,3.9,(632),2.8k,56,1,133,--
Shivam Autotech,3.5,(631),2.3k,37,4,44,--
Apitoria Pharma,4.2,(630),1.1k,45,15,4,--
Amara Raja Infra,4.0,(632),1.7k,65,--,24,3
Unified Mentor,3.9,(629),404,129,4,3,--
Ambit Finvest,4.0,(629),2.1k,34,1,22,7
Fenesta Building Systems,4.0,(629),2.1k,41,--,44,4
Grab A Grub Services,3.8,(631),1.9k,39,1,32,4
Dr. Reddy's Foundation,3.7,(627),1.8k,58,57,78,--
SIS Prosegur Holdings,3.3,(627),1.6k,22,6,44,6
Maxicus,3.8,(626),827,135,--,74,5
Jain Irrigation Systems,3.7,(626),2k,33,--,53,1
Vishwa Samudra Engineering,3.5,(627),1.8k,39,12,15,1
AM InfoWeb,4.0,(639),1.5k,155,17,113,39
AgroStar,3.9,(629),1.6k,63,--,68,1
House of EdTech,4.2,(625),349,155,16,56,8
Royal Caribbean International,4.1,(625),706,35,--,69,2
Netmeds.com,3.9,(625),2.3k,50,--,29,11
Blackberrys,3.8,(625),1.8k,36,--,53,11
EdgeVerve Systems,3.2,(624),4.3k,159,189,70,--
Vadilal Industries,4.2,(624),1.8k,38,8,59,--
Pathkind Diagnostics Private Limited,3.9,(624),1.9k,59,17,46,1
Gandhi Automations,4.0,(623),1.3k,56,7,118,28
Karvy Stock Broking,3.6,(622),1.5k,9,--,67,--
Inspira Enterprise India Limited,3.6,(621),3.6k,52,3,43,11
Orra Fine Jewellery,3.5,(622),1.8k,55,29,29,24
PTC,4.1,(621),4k,72,20,59,1
Holiday Inn,3.9,(621),1.4k,18,--,75,--
IDP Education Limited,3.6,(621),2.5k,72,13,52,--
Empower,4.0,(622),4.6k,64,40,45,11
DealShare,3.6,(629),2.6k,43,--,34,4
Hitachi Systems Micro Clinic,3.9,(619),2.6k,32,--,68,--
BUSINESSNEXT,3.4,(618),4k,82,5,31,13
HUDL,3.2,(624),2k,66,--,30,1
MR.DIY,3.3,(624),1.7k,53,5,14,--
Pamac Finserve,3.1,(618),1.7k,34,2,27,--
Sandoz,3.9,(617),2.6k,26,--,59,2
Colt Technology Services,4.1,(616),3.3k,26,10,81,4
Congruex Asia Pacific,3.8,(617),2.2k,77,3,46,5
Excitel Broadband,3.7,(616),2.1k,60,4,30,1
Magma General Insurance Limited,3.6,(614),2.4k,43,37,39,2
Voyants Solutions,3.7,(615),1.7k,60,239,26,--
Country Delight,3.8,(615),2.6k,45,6,10,5
Hitachi Systems,4.0,(634),3.2k,23,16,8,1
Alcon,3.9,(614),3.1k,45,16,53,--
NLC India Limited,4.3,(614),1.3k,32,5,24,18
Head Field Solutions,4.3,(614),1.4k,67,--,32,1
Indecomm Global Services,4.2,(613),2.6k,33,12,54,4
Mahendra NextWealth IT,3.4,(613),2.1k,27,6,23,2
Coal India,3.9,(612),1.9k,54,--,72,3
MothersonSumi INfotech & Designs,3.4,(612),3.6k,39,14,56,1
Prestige Group,4.3,(612),2.7k,51,21,55,1
Andritz Hydro Location India,3.8,(612),2.9k,37,4,48,3
J K Fenner,3.8,(612),2k,38,7,47,--
Carnival Cruise Lines,4.2,(614),668,25,--,76,4
Maharashtra State Electricity Distribution Company,4.2,(611),1.2k,26,--,38,3
Jubilant Generics,3.8,(611),2.3k,21,--,73,--
Prochant,3.7,(610),2.6k,76,28,39,16
Ascent HR Technologies Private Limited,3.6,(610),1.8k,47,--,21,4
Medley Pharmaceuticals,3.8,(611),1.8k,41,2,42,--
PayU Payments,3.3,(608),4.5k,73,118,50,--
Bridge & Roof Co,3.4,(609),2.5k,27,--,101,--
Cvent,3.2,(609),5k,105,54,58,6
Affinity Express,2.7,(609),2.4k,43,4,43,2
McCain Foods,4.0,(609),1.7k,38,1,48,2
Axiscades,3.3,(609),3.8k,66,21,32,--
Jindal Poly Films,3.5,(608),2.4k,41,--,54,--
BEML,3.6,(608),1.7k,32,--,58,6
Polaris Consulting,4.1,(606),2.6k,33,--,86,--
Efs Facilities Services,3.8,(606),1.4k,43,3,59,--
Kellogg,4.2,(607),2.3k,31,5,75,--
Haldiram Snacks,3.8,(607),2k,25,30,4,3
Hitachi Cash Management Services,3.1,(605),1.4k,45,4,36,2
Wood Group,3.7,(605),2.9k,68,105,28,1
Maxop Engineering Co.,4.1,(606),2.4k,50,5,31,--
Saudi Aramco,4.4,(604),1.5k,66,--,77,--
Damco Solutions,3.3,(604),2.3k,45,35,27,14
Genesys International Corporation,3.2,(604),2.3k,25,12,54,2
NAV Backoffice,3.9,(603),2.6k,38,1,28,53
Statusneo,4.1,(606),1.9k,182,38,58,143
Paramount Health Services Tpa,3.9,(603),2.3k,37,22,35,--
Western Refrigeration,3.8,(600),2.4k,42,44,41,6
Datamatics Business Solutions,3.3,(605),2.7k,48,17,34,1
Pawzz,4.6,(616),3,293,--,109,--
Crystal Crop Protection,3.8,(615),1.9k,26,4,41,1
ShareChat,3.6,(601),2.6k,87,5,40,18
Capital Numbers Infotech,4.0,(601),1.2k,49,12,89,147
AVTEC,3.5,(601),2.1k,26,16,55,1
Marelli,3.5,(602),2.9k,50,11,76,13
Brigade Group,4.2,(600),2.8k,49,63,56,1
Harman Finochem,3.6,(598),3k,46,22,35,5
Saksoft,3.3,(597),3.7k,55,2,25,--
Lear Corporation,4.0,(598),3k,25,1,66,--
GSPANN Technologies,3.9,(596),3.8k,53,85,36,15
Kirloskar Pneumatic,4.0,(596),2.7k,41,2,48,--
PureSoftware,2.9,(596),3.7k,71,9,39,87
Matrimonialsindia,4.9,(596),117,13,--,6,61
Transport Corporation Of India,3.8,(596),2k,41,--,61,2
Hilton,4.2,(600),1.5k,29,286,69,10
Columbia Asia,4.7,(596),1.4k,19,--,99,--
Ugam Solution,3.5,(596),3.2k,51,1,96,1
PC Solutions,4.5,(595),1.3k,89,18,86,--
Navin Fluorine International,3.8,(595),2.7k,30,14,44,--
Baker Hughes,4.0,(595),4.2k,65,130,62,--
DB Schenker,4.3,(595),2.3k,27,--,48,3
Bajaj Consumer Care,3.8,(596),1.6k,35,6,47,3
Welspun Enterprises,4.2,(594),2k,54,14,42,15
smartData Enterprises,3.8,(594),1.6k,72,24,78,30
"DATAMARK, Inc.",3.5,(595),1.8k,38,83,43,--
Dishman Carbogen Amcis,3.5,(594),2.2k,39,18,37,--
Army Public School,4.0,(594),1.2k,44,1,54,4
National Australia Bank,3.1,(616),4.7k,66,21,21,11
WPP Media,3.5,(592),4.3k,47,9,40,--
LendingKart,3.7,(593),2.7k,39,14,24,1
FiveS Digital,3.2,(601),1.6k,60,2,9,4
My Home Constructions,4.3,(592),2.3k,36,8,35,1
Addverb Technologies,3.6,(592),2.5k,99,9,39,7
Innovaccer,2.6,(592),3.8k,100,35,35,13
Allianz Partners,3.6,(592),2.8k,42,--,42,1
Quest Retail Private Limited,3.9,(592),954,16,2,238,61
Carlsberg,3.9,(590),1.9k,42,18,62,--
Vidal Health Insurance,3.6,(591),2.1k,24,--,17,1
Paras Dairy,3.4,(593),1.7k,33,3,51,2
Levi Strauss & Co.,4.1,(588),2.1k,34,22,67,2
Applied Materials,3.7,(589),5.1k,93,77,62,5
Icl Fincorp,4.7,(588),667,143,2,2,8
The Times of India,3.5,(588),2.9k,49,--,54,3
Artemis Hospitals,4.1,(588),1.6k,20,9,52,1
Toyota Industries Engine India,4.3,(588),1.6k,32,--,69,3
AVIOM,4.0,(588),1.2k,32,--,14,4
Kellogg Brown and Root,4.1,(588),2.4k,42,91,59,1
Virtual Employee,3.2,(588),3.2k,52,--,55,5
MUTHOOT HOMEFIN (I) LTD.,3.8,(586),1.5k,35,1,14,15
Innovatiview India Ltd,4.2,(587),1.5k,82,21,36,6
TSYS|Total System Services,4.1,(585),4.3k,68,20,10,--
Spectrum Talent Management,3.6,(583),2.1k,41,31,31,67
HBL Power Systems,3.9,(583),2.2k,34,6,56,--
GAMMON INDIA,3.9,(583),1.1k,32,1,77,--
Dr. Agarwal's Eye Hospital,3.8,(583),1.8k,40,61,37,--
Macawber Beekay,4.2,(590),1.8k,28,20,65,2
Indian Bank,3.5,(582),2k,28,--,38,8
Renault,3.8,(582),2k,35,--,46,7
Craftsman Automation,3.7,(582),2.5k,24,--,57,--
Solara Active Pharma Sciences,3.6,(582),2.8k,45,2,55,--
Amway India Enterprises,4.0,(581),2.2k,19,16,83,1
OutworX,3.5,(582),2.4k,38,12,20,20
WayCool Foods and Products,3.5,(581),2.9k,43,--,34,12
Roop Polymers,4.0,(581),1.9k,34,17,43,1
Pierian Services,3.2,(582),3k,41,8,24,--
Herbalife International,4.0,(585),2.7k,31,21,45,5
RAK Ceramics,3.6,(581),1.8k,36,9,50,8
Adda 247,3.3,(580),2.1k,83,15,20,9
RSM India,3.3,(580),2.8k,72,5,29,2
Bharat Fritz Werner,3.9,(581),2.5k,34,5,51,1
RuralShores,3.7,(580),1.2k,24,4,56,1
MITS Global Consulting,4.5,(582),962,46,--,106,--
SoftAge Information Technology,3.7,(579),989,24,8,63,47
ExxonMobil,3.6,(579),4.3k,87,230,63,4
L & W Constructions,4.0,(578),1.8k,30,--,41,--
Sulzer,3.9,(578),2.9k,37,6,62,--
Vimta Labs,3.4,(578),2.2k,43,11,60,1
Fena,4.0,(578),1.5k,36,30,42,7
BLK Super Speciality Hospital,3.9,(578),1.5k,39,--,39,--
Ralson Tyres Limited,3.7,(578),2.3k,49,10,32,1
RSB Transmissions,3.9,(579),2.2k,41,--,43,--
Pitti Engineering,3.8,(577),2.1k,32,--,55,--
Legrand,3.7,(577),2.4k,35,--,43,--
BOBCARD Ltd.,3.8,(577),1.5k,31,57,23,3
AVEVA,4.0,(577),1.9k,31,62,303,5
Yokohama,3.5,(577),2.1k,28,4,60,--
Enco Engineers Combine,3.6,(579),1.6k,37,--,41,--
Mobikwik,3.3,(576),2.7k,70,21,30,5
Voya India,3.7,(577),3.5k,31,1,12,2
Tuaman Engineering,4.3,(576),1.6k,80,--,42,3
Tracxn,2.5,(575),2.4k,117,47,39,--
Alight Solutions,3.1,(576),3.1k,32,4,60,17
Larsen & Toubro Group,4.0,(574),1.1k,96,--,48,--
Indiabulls,3.7,(575),2.1k,61,--,77,3
United Spirits,3.9,(574),1.5k,15,11,70,--
Regalix,2.7,(574),2.9k,59,50,49,--
Insolutions Global,3.2,(574),2.9k,38,4,27,5
Micron Electricals,4.1,(573),2.3k,41,--,28,2
Toothsi,2.6,(573),2.2k,67,--,19,--
Innominds Software,3.2,(573),4.8k,49,72,30,6
Offshore Infrastructures,4.1,(576),1.6k,30,--,63,1
NMDC Limited,4.2,(572),2.1k,46,--,25,1
Capital Business Systems,3.6,(573),1.7k,37,4,8,--
Zolo,3.2,(572),2.2k,62,5,37,5
Practo,2.9,(571),3k,83,17,60,7
Courtyard by Marriott,4.2,(572),1.1k,25,--,85,--
Unimoni,3.9,(573),1.9k,19,1,26,--
Kidzee,4.0,(570),1.1k,27,2,44,--
ThoughtSol Infotech Limited,4.6,(570),649,113,12,27,21
TAO Digital,3.5,(569),1.7k,125,59,7,21
GUS Education India,3.1,(569),2.3k,55,161,19,237
Emaar India Limited,3.6,(569),2.5k,30,4,42,2
Aptus Value Housing Finance India,4.0,(569),1.4k,24,5,34,2
Dusters Total Solutions Services,3.9,(568),1.7k,22,6,38,--
Micromax Informatics,3.9,(567),1.3k,23,--,90,--
BharatPe,3.4,(566),2.9k,56,3,16,7
Reliance Life Sciences,3.6,(565),2.8k,33,8,57,--
Scaler Academy,3.5,(566),2.7k,93,12,83,16
DFM Foods,4.0,(577),1.7k,38,7,40,9
Sanmina Sci,4.1,(570),2.9k,36,1,49,--
Hafele,3.9,(565),2.3k,32,5,65,--
FMC Corporation,3.9,(565),1.8k,42,3,48,--
Eicher Motors,4.1,(570),1.6k,45,--,48,2
Hi Tech Gears,3.9,(565),2.1k,35,11,63,--
African Industries,4.0,(565),1.1k,48,7,41,3
Propertypistol Realty,3.8,(565),2k,80,44,17,--
Stylebaazar,3.9,(565),1.2k,42,13,9,15
Titagarh Rail Systems,2.8,(564),2k,38,2,24,--
Canon,4.0,(563),2.1k,23,2,60,--
Sterling,4.0,(563),1k,41,--,65,--
Inox Wind,3.7,(563),1.7k,51,4,73,1
Aculife Healthcare,3.7,(563),1.5k,93,6,97,2
Suprajit Engineering,3.8,(562),2.5k,43,10,59,1
Uttar Pradesh Power Corporation,4.0,(562),1.4k,12,--,41,3
Hamdard,4.0,(562),1.5k,44,7,32,2
Atomberg Technologies,3.8,(577),2.7k,48,53,27,--
Dalmia Bharat Group,3.9,(561),2.2k,38,--,37,--
Castrol,4.3,(560),2k,28,--,51,--
5paisa Capital Ltd.,4.0,(561),1.7k,49,5,69,21
RadiSys,3.7,(559),2.6k,53,--,56,--
General Motors,4.0,(559),2.1k,35,26,85,8
Sheela Foam,4.0,(559),1.6k,37,25,43,6
Bluestone.com,3.3,(559),2.3k,65,11,24,--
V.S.T Tillers Tractors,3.6,(560),1.9k,44,5,41,--
Metalman Auto,3.8,(562),2k,28,36,35,--
SunTec Web Services,3.1,(558),1.9k,53,2,33,1
Maini Precision Products,3.5,(558),2.7k,40,--,39,--
Zycus Infotech,2.5,(558),3.2k,78,16,48,2
Signature Global,3.8,(557),2.4k,45,8,30,--
Gayatri Projects,4.1,(557),1.8k,40,8,73,--
Chemplast Sanmar,3.4,(557),2.5k,47,26,33,9
ServiceNow,3.7,(557),6.3k,144,--,24,27
Wellness Forever Medicare,3.8,(557),1.8k,57,7,37,1
Macquarie Group,3.2,(556),4.9k,55,84,57,6
Utility Powertech,3.9,(555),1.8k,30,--,34,2
Satyam Auto Components,3.8,(555),2.3k,41,3,39,5
Walkaroo International,3.6,(556),2.5k,51,88,24,2
Metro Group of Hospitals,3.8,(555),1.4k,17,44,6,1
Bharat Gears,4.0,(554),2k,28,3,44,--
Z X Learning,4.3,(553),364,44,--,177,--
RMC Readymix,3.5,(553),1.5k,46,5,51,1
Morepen Laboratories,3.8,(553),2k,25,24,39,4
Maxgen Technologies,4.5,(552),1.1k,14,5,113,1
Alchemy Techsol India,3.4,(552),2.2k,92,--,18,--
F1 Info Solutions and Services,3.6,(554),1.2k,29,--,39,3
Jindal Power Limited,4.2,(551),1.8k,61,31,36,5
Communications Test Design,3.6,(551),1.8k,32,47,18,--
Consero Global Solutions,3.0,(551),2.8k,103,--,25,--
Kokilaben Dhirubhai Ambani Hospital,3.8,(550),1.8k,32,53,37,--
Cpf India,4.1,(551),1.7k,26,5,62,6
Systra Consulting,4.0,(549),1.6k,39,95,57,--
Chaayos,3.3,(549),1.7k,40,21,55,14
Vedanta Resources,3.7,(549),3.2k,79,--,63,5
Amar Ujala,3.8,(549),1.8k,24,9,54,--
Comcast,4.0,(548),6.3k,101,18,16,5
Mecon,3.9,(548),1.7k,46,--,35,1
MathCo,3.1,(548),3.3k,135,32,24,42
Kalyani Technoforge,3.8,(548),2.1k,26,9,45,--
ASM Technologies,3.6,(548),3.7k,48,34,33,--
Muthoot MCred,3.4,(553),1.5k,29,11,18,--
TÜV Rheinland,4.1,(547),1.8k,23,3,41,1
Vestige,4.4,(547),1.4k,41,--,72,3
Safari Industries India,3.9,(547),1.9k,37,3,32,4
HSBC Global Banking and Markets,3.9,(547),3.8k,30,--,31,--
LearningMate Solutions,2.8,(547),3.7k,51,29,47,3
Coats,3.6,(551),2k,27,39,49,--
S P Singla Constructions,3.5,(546),1.6k,38,--,40,2
Galaxy Surfactants,3.8,(546),2.1k,28,38,58,--
FinThrive,3.2,(547),1.6k,22,8,6,--
Williams Lea,3.6,(545),3.2k,54,10,42,--
Wockhardt Hospital,3.9,(546),1.7k,24,22,63,5
Avalara Technologies,2.8,(547),3.6k,85,17,42,18
Epiroc,4.1,(549),2.6k,49,19,51,1
Ramraj Cotton,4.0,(547),1.2k,45,13,7,2
Micron Technology,3.7,(545),4.7k,86,7,31,15
Ascent Business Solutions,3.4,(545),3k,33,15,42,--
MindGate Solutions,3.1,(545),3.3k,79,2,21,--
CompuCom,3.7,(545),3.1k,37,4,60,15
N.C.L. Industries,3.7,(549),1.6k,37,18,35,5
Hitech Projects Limited,4.6,(545),719,60,2,19,4
InCred Finance,3.8,(544),2.8k,36,67,21,--
Aparna Enterprises,4.0,(544),1.8k,43,4,37,1
Hero Cycles,3.1,(544),1.9k,59,4,38,1
CMR Green Technologies,3.4,(544),1.8k,62,40,56,1
WaniWani,,,--,--,--,2,--
Axa XL,3.7,(543),3.8k,52,42,61,9
WaniWani,,,--,--,--,2,--
BCG,3.6,(544),8.4k,226,32,44,27
Dhani Healthcare,3.4,(543),2.2k,58,--,51,--
Infiniti Research,3.3,(542),1.6k,39,33,67,2
CDK Global,3.7,(542),3.5k,42,7,71,--
Tekion,3.9,(542),5.4k,126,31,144,6
Insuremile,4.7,(541),91,83,--,1,--
Moon Beverages,3.8,(541),1.8k,30,1,24,4
AT&T,3.8,(540),4.6k,66,32,63,--
Gyan Dairy,4.1,(540),1.4k,50,3,42,--
Protium Finance,3.7,(549),2.4k,39,15,8,--
Stock Holding Corporation of India,3.5,(542),1.8k,35,--,44,3
BKT Tyres,4.2,(539),2k,81,24,37,--
Orcapod Consulting Services,2.9,(539),1.9k,35,48,21,--
Vishvaraj Environment,4.0,(539),2k,36,8,36,1
Bharti Infratel,4.6,(538),1k,7,--,68,3
House Of Anita Dongre,3.8,(538),1.4k,20,2,57,1
Yardi Systems,3.6,(538),2.7k,84,--,42,2
Hindusthan National Glass,3.8,(538),2k,34,3,35,--
JK Tech,3.8,(537),3.1k,40,4,35,11
EC-Council,3.8,(537),2.5k,52,34,41,--
Rusan Pharma,3.4,(538),1.9k,25,--,40,--
Metriqe Solutions,3.8,(537),1.5k,29,5,24,5
Lotus Herbals Private Limited,4.2,(543),1.5k,52,11,29,5
NTPC GE Power Services,4.0,(539),1.6k,62,--,31,2
Nivea,4.1,(536),1.8k,34,5,50,--
Securitas,3.7,(536),2.1k,40,7,41,--
Realty Assistant,3.7,(536),702,57,27,85,49
QHTalbros,3.9,(535),1.4k,20,2,51,--
Cairn Vedanta Oil and Gas,3.8,(535),893,35,--,36,--
ZEISS India,3.6,(535),3k,41,15,35,32
Great Learning,3.3,(541),3.9k,71,10,38,11
Vivanta by Taj,4.1,(534),1.1k,28,4,75,--
Welspun Transformation Services Limited,4.0,(534),928,51,3,14,21
PEGATRON,3.9,(533),2.1k,31,--,7,--
Sarovar Hotels & Resorts,3.9,(533),1.4k,24,--,65,3
Foray Software,3.5,(533),3.6k,39,--,24,--
Lakme,4.2,(533),1.7k,27,12,58,1
Kandhari Beverages,3.7,(540),1.7k,37,15,21,4
Ziqitza Health Care,3.9,(532),1.2k,25,--,68,--
QUICK HEAL TECHNOLOGIES,3.5,(532),2.7k,32,4,49,--
Webskitters,3.5,(532),941,43,1,105,21
N+A,3.9,(532),18.9k,181,--,16,--
UNIVO Education,3.7,(534),1.6k,42,8,14,13
RapiPay,3.5,(531),1.7k,40,8,21,3
Visa,3.3,(531),7.5k,168,--,49,--
Johnson Matthey,3.8,(531),1.9k,42,22,60,1
DM Immigration Consultant,1.0,(531),40,--,--,--,--
India Private Driver,,,2,--,--,--,--
MediBuddy,3.2,(529),2.6k,44,22,17,129
Hinduja Tech,3.2,(530),3.3k,36,62,27,--
Iol Chemicals & Pharmaceuticals,3.8,(529),2k,34,5,22,--
Saxo Bank,3.9,(530),2.5k,81,10,39,31
Bajaj Auto Credit,3.9,(529),1.2k,21,2,13,--
Deloitte Digital,3.7,(528),3.5k,64,--,57,--
Leighton Contractors,4.1,(528),1.2k,28,13,64,--
2COMS,3.1,(528),1.5k,65,355,27,--
Mobile Programming,2.8,(528),3.7k,81,284,15,3
Gilbarco Veeder Root,3.6,(527),2.2k,32,41,38,--
LogixHealth,3.4,(527),2.4k,25,18,35,--
Ge India Industrial,4.1,(528),1.9k,19,--,61,5
Telenor,4.2,(527),581,9,--,101,6
CTS Consulting & Technical Support,3.7,(527),6.3k,176,--,69,--
Tractebel,4.0,(527),1.8k,46,7,42,1
LIC Housing Finance,3.9,(527),1.5k,23,1,30,--
KRBL Limited,3.8,(526),1.7k,39,8,31,2
Mars International India,4.2,(526),1.8k,19,34,50,1
Infovision,3.7,(525),4.2k,56,49,15,37
Namaste India Foods,3.9,(525),1.3k,31,--,40,4
Brainvire,2.7,(525),1.7k,83,2,236,316
Karvy Data Management Services,4.0,(524),2.2k,20,--,126,1
EID Parry (India),3.8,(524),1.6k,28,11,54,1
ATS Infrastructure,4.2,(524),1.8k,35,--,61,--
IDS Infotech,3.7,(523),1.5k,88,2,58,--
Nelito System,3.2,(523),2.4k,32,30,39,--
Varuna Integrated Logistics,3.7,(522),1.6k,37,4,38,2
Techwave Consulting,3.6,(523),3.7k,42,14,22,--
Pace Setters Business Solutions,3.3,(522),1.3k,25,2,40,1
Tradeshala,4.5,(522),37,119,--,1,7
Tradeshala,4.5,(522),37,119,--,1,7
WM Universal Solutions Private Limited,3.6,(523),2.4k,49,120,43,4
Kirby Building Systems,4.0,(522),2k,28,3,40,1
Cuemath,3.4,(521),1.9k,49,--,85,--
Sri Krishna Pharmaceuticals,3.9,(525),1.9k,18,1,36,--
Centum Learning,3.8,(521),1.3k,26,--,62,--
Rakuten,3.5,(521),5.6k,100,2,50,5
Kellton,2.8,(521),3.5k,66,2,48,9
Par Health,4.2,(525),2.1k,31,1,11,--
Mahanagar Gas,4.1,(520),2.3k,33,3,47,1
TRINAMIX,4.4,(520),1.1k,68,68,95,47
India Post,3.7,(520),1.5k,25,--,48,6
Aditya Birla Housing Finance,3.7,(520),1.9k,23,--,6,--
Encube Ethicals,3.7,(522),2.5k,31,20,37,--
Paradeep Phosphates,3.8,(519),1.6k,65,7,24,1
SBI Mutual Fund,3.6,(519),2k,31,26,39,1
Allana Group of Companies,3.8,(519),1.6k,45,--,15,6
Romsons Group Of Industries,3.6,(518),1.8k,37,12,31,4
Poorvika Mobiles,4.0,(518),1.8k,34,2,33,11
Ministry of Defence,4.4,(518),1.9k,21,--,59,--
Samsung Display,3.8,(518),2.4k,53,2,49,2
Quikr,3.6,(518),2k,33,9,53,8
Ministry of Defence,4.4,(518),1.9k,21,--,59,--
Poorvika Mobiles,4.0,(518),1.8k,34,2,33,11
Markets and Markets,2.7,(517),2.7k,65,29,33,--
OMICS International,2.5,(517),1.5k,25,--,58,--
Ppap Automotive,3.8,(517),1.8k,46,--,46,--
DiGibizz,,,1,--,--,--,--
CollegeDekho,2.6,(520),2.6k,69,12,15,2
India Glycols,4.0,(520),2k,41,3,38,1
AIG Hospital,4.2,(521),1.8k,35,--,30,26
Common Service Centres,4.3,(517),1.4k,19,--,12,2
Invesco,3.7,(515),3.4k,53,43,52,--
L. N. Malviya Infra Projects Group,3.1,(516),1.2k,30,4,20,1
QBurst Technologies,4.2,(520),4.2k,88,--,43,--
Mediamint,2.8,(515),3.2k,47,17,34,2
Kaynes Technology,3.1,(515),1.9k,54,13,37,1
Emerson Electric Co.,3.9,(518),3.2k,60,219,37,3
Flowserve,3.7,(515),3.4k,39,49,58,--
Aludecor Lamination,3.7,(515),1.7k,44,32,31,3
Texmo Industries,3.7,(515),1.6k,27,4,36,--
Equiniti,3.5,(515),3.4k,52,10,32,--
Global Autotech,3.9,(515),2.1k,54,3,45,--
Symbiotec Pharmalab,3.9,(515),2k,33,4,36,--
Thales,3.5,(514),3.6k,52,187,52,--
Dhani Services,3.7,(515),933,20,--,9,--
C-Edge Technologies,3.7,(515),2.8k,29,10,39,--
TresVista,2.2,(513),3.3k,141,31,15,2
Cosmo Films,3.7,(513),2.1k,40,23,59,4
Grant Thornton Bharat,3.2,(513),2.8k,92,32,27,2
BharatMatrimony.com,3.8,(513),1.3k,25,--,28,--
Siemens Healthineers,3.9,(513),4.2k,72,--,52,--
Clix Capital Services,3.9,(513),1.6k,34,111,20,1
Pepperfry,3.0,(512),2k,35,28,44,11
Technico Industries,3.6,(513),2.1k,43,2,28,--
Knowledgeworks Global,2.9,(516),2.4k,35,22,10,1
Otsuka Pharmaceutical India Private Limited,4.1,(511),1.6k,32,39,72,5
Onshore Construction,3.8,(511),1.5k,31,9,51,--
Everforth Quinnox,3.9,(509),3.4k,43,29,39,--
GD Goenka Public School,3.3,(509),1.3k,48,24,49,--
SUEZ Group,4.1,(509),2k,23,2,41,--
CS TECH Ai,3.8,(509),1.7k,41,--,33,11
MKC Infrastructure Ltd.,3.3,(508),1.5k,41,15,35,5
CARE,4.3,(508),1.2k,42,--,75,--
Buzzworks Business Services,3.6,(508),2.1k,21,4,17,--
Matrix Business Services,3.5,(508),2.1k,45,13,19,--
Mediterranean Shipping Company,4.0,(508),2.4k,27,1,31,1
Jiva Ayurvedic Pharmacy,3.8,(508),1.2k,46,31,51,16
Clove Dental,3.9,(508),1.4k,84,50,17,1
SBI Capital Markets,3.6,(508),2.3k,27,--,19,7
Think Gas,3.6,(508),2.4k,52,1,31,2
Vakrangee,3.3,(508),1.1k,11,5,60,19
RND Softech,3.1,(507),2.1k,43,--,17,--
Bhagwati Products,3.6,(507),1.3k,25,10,41,--
Medikabazaar,4.2,(506),1.1k,17,1,15,--
Dow Chemical International Private Limited,3.4,(507),2.5k,41,131,44,3
ZF Friedrichshafen,3.8,(505),2.2k,36,--,14,3
Sterling Holiday Resort,3.7,(505),1.6k,23,3,59,--
Xanadu,3.6,(505),1.9k,63,4,30,--
GM Modular,3.9,(505),1.9k,28,9,34,1
Cera Sanitaryware,4.0,(503),1.8k,36,4,33,1
Ramco Industries,4.1,(505),1.9k,22,3,48,--
Fynd,2.8,(504),2.4k,77,42,27,235
Maersk Line,3.9,(504),2.4k,34,--,66,4
Cloud4C,3.5,(504),3.2k,43,--,42,--
Confidence Petroleum India,3.2,(504),1.8k,36,11,21,--
Lite Bite Foods,4.4,(507),1.3k,25,12,54,3
Giesecke & Devrient,3.5,(503),2.2k,33,14,69,--
Numeric UPS,4.0,(503),1.3k,15,32,8,1
Gopal Snacks Limited,4.2,(504),1.3k,42,3,34,20
Honda Logistics,3.6,(502),1.5k,33,11,43,--
Star Bazaar,3.7,(502),1.5k,23,1,30,1
ESDS Software Solutions,3.3,(502),3.1k,40,11,43,--
Plastic Omnium,3.7,(502),2k,32,20,24,3
HealthifyMe,2.7,(501),1.6k,54,--,26,4
Future Lifestyle Fashion,4.2,(501),1.6k,9,--,77,--
NeoGrowth Credit,3.5,(501),1.8k,37,2,46,8
Godrej Interio,3.8,(501),2.1k,34,--,47,1
Zenex Animal Health,4.7,(501),261,110,--,55,40
Grindwell Norton,3.7,(501),1.8k,28,28,63,--
Sany Heavy Industry,3.7,(501),2k,40,1,53,--
Jindal Aluminium,3.9,(501),2k,49,25,55,3
Yethi Consulting,3.3,(501),3.5k,67,5,17,13
Nash Industries,3.3,(500),2.3k,39,4,37,--
Atyati Technologies,3.9,(500),1.5k,35,3,35,1
Avery Dennison,3.6,(500),2.1k,42,42,61,4
Cadbury,4.3,(500),1k,29,--,37,--
Alpla,3.9,(501),1.8k,37,27,60,--
Purplle.com,3.5,(500),2.2k,38,10,28,6
NJ India Invest,3.7,(501),1.1k,59,34,65,1
Realme,3.6,(499),1.8k,35,2,18,--
Anunta Technology Management Services,3.3,(499),2.3k,42,2,33,10
Bridgestone India Automotive Products,4.1,(499),2.3k,30,1,55,--
Westin,4.1,(499),1.2k,22,11,68,3
Tetra Pak,4.2,(499),2.5k,43,4,63,10
Kiswok Industries,3.2,(498),1.8k,41,9,37,2
Bira 91,3.3,(498),1.5k,30,--,10,10
Jupiter Hospital,3.9,(497),1.7k,24,2,26,12
Jumbotail Technologies,3.5,(504),1.7k,42,9,12,1
Juniper Networks,4.3,(497),4.5k,76,--,48,7
Thought Focus,3.3,(496),3.7k,52,36,35,--
Bhilosa Industries,3.6,(497),2.3k,39,1,25,3
Henkel Adhesives Technologies,4.0,(497),2.1k,26,4,50,--
Shalimar Paints,3.5,(496),1.7k,34,4,29,--
Mikuni,4.1,(495),1.4k,28,6,58,1
Meghmani Organics,3.8,(495),2.3k,47,1,32,--
Akamai Technologies,4.4,(504),4.5k,82,109,67,37
Espire Infolabs,2.2,(495),2.6k,27,28,25,5
Tata International,3.5,(495),2.2k,26,15,63,3
Stovekraft,3.9,(496),1.9k,33,13,28,--
Hyundai Glovis,3.6,(494),1.9k,27,4,51,1
Paharpur Cooling Towers,3.9,(494),2k,29,7,32,2
Landis+Gyr,2.8,(494),2.8k,34,56,43,--
Pocket FM,2.7,(494),2.2k,72,10,9,3
Speridian Technologies,3.5,(493),3.4k,58,4,23,1k
Keysight Technologies,3.8,(493),2.7k,38,46,52,10
AIRBUS,3.6,(493),5.1k,86,--,47,4
Go First,3.9,(493),1.9k,51,--,37,--
Polestar Analytics,4.0,(493),1.2k,24,6,57,--
Bharat Seats,3.7,(493),1.7k,34,4,41,--
Stryker,3.8,(493),3.9k,53,10,59,--
LuLu Group International,3.3,(492),2.4k,35,--,32,2
Visaka Industries,3.8,(492),1.8k,32,20,40,1
Gulf Oil Lubricants,4.0,(492),1.8k,30,3,43,--
Ivrcl Infrastructures & Projects,4.4,(493),846,10,--,81,--
Paper Boat(Hector Beverages Pvt. Ltd.),3.9,(494),1.4k,25,7,34,14
Zypp Electric,3.9,(492),1.1k,42,6,18,119
Puravankara,3.4,(492),2.1k,26,26,8,--
Sayaji Hotels,4.2,(492),1.1k,14,1,71,3
Anthem Biosciences,3.9,(491),2.6k,38,2,34,--
National Commodities Management Services,4.1,(491),1.4k,17,4,45,19
Birla White,4.0,(491),1.4k,40,--,36,3
Xerox,3.6,(491),2.1k,26,19,2,--
LT Foods,3.8,(491),1.7k,29,2,45,--
Caresoft Global,3.3,(491),3.3k,52,--,49,3
Orion Innovation,3.4,(490),3.8k,48,1,14,7
MagicPin,2.5,(490),2k,63,9,26,5
Liberty General Insurance,3.7,(491),1.9k,21,--,34,--
Loadshare Networks,3.5,(490),1.7k,45,23,22,5
Allied Blenders & Distillers,3.9,(490),1.5k,25,1,33,2
AQM Technologies,3.0,(501),3.7k,58,10,25,--
Trimax IT Infrastructure Services,3.9,(489),1.1k,13,--,33,--
Greenpanel Industries,3.9,(491),1.9k,25,--,23,--
NBTC GROUP,3.3,(488),1k,27,2,62,--
GHCL Limited,3.9,(488),1.7k,41,6,59,2
Dana India,4.1,(488),1.7k,40,4,61,--
Aimil Pharmaceuticals,3.5,(488),1.9k,26,2,47,--
Gaurs Group,4.2,(488),1.6k,31,18,25,12
Yutika Natural,3.6,(488),1.1k,27,10,20,--
Synopsys,3.5,(487),4.3k,107,46,44,13
Suzlon Global Services,3.8,(487),1.3k,54,--,35,1
Qcon,4.3,(487),1.1k,44,--,62,--
Teradata,3.6,(487),3.7k,64,1,47,21
Ozone Overseas,3.8,(487),1.6k,35,14,41,5
Riya Travel,3.6,(487),1.5k,14,4,32,5
Torrent Gas,3.1,(487),2.4k,59,1,40,--
Sadbhav Engineering,4.2,(488),1.2k,10,--,67,4
Aizant Drug Research Solutions,4.3,(487),1.3k,36,9,58,--
In Time Tec Visionsoft,3.1,(487),2.5k,51,23,71,6
SMFG India Home Finance Co,3.7,(486),1.2k,27,--,7,2
Indofil Industries,4.0,(486),2k,19,--,53,--
TruBridge Healthcare Private Limited,3.7,(493),812,151,6,9,--
Haleon,3.4,(498),1.7k,54,66,12,--
Gokaldas Exports,3.8,(485),1.8k,40,22,23,--
Saud Bahwan Group,3.7,(485),987,14,--,71,1
Symphony,4.6,(485),1.1k,63,1,23,15
CommScope,3.7,(485),3.2k,43,6,50,9
Midland Microfin Limited,3.5,(485),966,36,4,17,26
McNally Bharat Engineering,3.8,(486),1.4k,13,1,59,--
Majesco,3.2,(484),3k,48,46,56,--
Kolte Patil Developers,4.0,(484),2k,23,18,48,--
Bengal Beverages,3.0,(483),1.5k,39,2,32,--
Mahle Anand Thermal Systems,4.0,(484),1.7k,33,--,29,--
NOON.COM,3.2,(483),2.9k,66,3,32,--
Ashapura Group Of Industries,4.1,(484),1.8k,32,9,45,5
Central Public Works Department,4.1,(488),1.3k,15,--,46,1
Yusen Logistics,4.0,(483),1.9k,20,10,36,--
SMEC,3.7,(483),1.5k,30,50,46,4
Prime Focus Technologies,3.1,(482),2.2k,41,--,52,2
Webkul Software,3.7,(485),1.4k,93,2,46,11
Rapido,3.6,(483),2.5k,44,3,29,3
Neilsoft,3.1,(482),3.2k,49,100,34,7
Seoyon E-hwa Automotive,3.4,(481),2.3k,29,14,28,2
Indian Institute of Technology Gandhinagar,4.2,(482),2.6k,28,1,32,--
Revent Group,3.8,(482),767,17,2,5,--
Red Hat,4.3,(483),3.8k,63,7,47,6
Go Colors,3.9,(482),1.1k,14,1,8,5
Balmer Lawrie,3.6,(486),1.9k,33,35,42,3
Dharampal Premchand,4.3,(480),1.3k,25,2,42,--
Bahwan Engineering,4.1,(480),1k,26,2,54,2
Texmaco Rail and Engineering,3.8,(480),1.8k,26,14,44,1
Sahyadri Hospital,4.2,(480),1.5k,35,40,33,35
Vision India Services,4.0,(481),1.5k,60,--,23,--
Oriental Structural Engineers,4.3,(479),1.2k,10,--,58,--
British Council,3.5,(479),2k,27,14,55,7
SISL Infotech,3.4,(479),2.5k,26,279,21,--
Eurokids,4.0,(479),1.4k,19,--,34,--
Iksula,3.2,(478),1.8k,35,2,108,15
Nuvama Wealth and Investment,3.3,(479),2.6k,21,23,9,2
Prodair Air Products,3.7,(479),2.4k,29,--,18,--
Sulekha.com,3.3,(478),1.6k,23,3,46,2
CMA CGM Global Business Services,4.0,(478),2.4k,34,--,6,--
Mymd Healthcare,4.2,(478),440,28,--,3,--
Magneti Marelli Motherson Auto System,3.9,(478),1.3k,24,--,58,--
Dun & Bradstreet,3.1,(479),3.1k,43,31,53,12
Flatworld Solutions,3.3,(478),2.8k,35,26,43,--
Freecharge,3.7,(477),3.2k,71,23,19,5
Cipla Health,4.2,(477),1.6k,46,1,38,2
The Indian Hotels Company,3.9,(477),1.9k,31,--,44,2
Bandhan Life,3.3,(493),1.3k,17,22,28,--
Kyungshin Industrial Motherson,3.3,(482),2.1k,25,--,36,--
Honour Lab,3.8,(485),1.9k,26,22,25,--
Bharat Bijlee,4.1,(477),1.6k,29,13,52,--
Godrej Jersey,4.0,(477),1.4k,30,4,11,--
LKQ INDIA,3.3,(477),2.7k,39,8,33,7
HealthKart,4.0,(476),2.1k,37,31,55,10
St. Xavier's High School,3.7,(476),1.5k,19,35,47,--
Del Monte Foods,4.0,(476),1.6k,19,16,50,1
Marble Box,3.8,(475),814,29,--,30,25
Venky's,3.8,(475),1.6k,27,5,34,--
Thrillophilia,3.7,(475),1k,43,18,42,24
Del Monte Foods,4.0,(476),1.6k,19,16,50,1
IKF Finance,4.1,(475),1.1k,28,7,24,5
Marble Box,3.8,(475),814,29,--,30,25
Novotel Hotels,3.9,(476),1.3k,27,--,77,8
CodeClouds,3.7,(474),1.2k,60,33,127,15
NKG Infrastructure,3.2,(475),1.4k,27,8,25,1
Falcon Autotech,3.8,(481),2k,55,3,41,36
Ciena,4.0,(474),3.2k,49,--,56,17
Railtel Corporation Of India,3.6,(474),2k,29,--,21,--
NIFTEL COMMUNICATIONS,3.5,(473),898,96,12,7,9
Pratham Education Foundation,4.2,(473),1k,17,--,50,8
iNurture Education Solutions,2.4,(473),1.4k,45,--,35,--
SolarSquare Energy,3.0,(473),1.6k,46,176,20,1
ITI,3.7,(473),1.4k,41,1,38,--
Subex,3.4,(473),3.2k,38,4,53,9
Flamingo Pharmaceuticals,3.1,(474),1.9k,36,33,37,--
Clean Harbors,3.3,(473),3.1k,43,29,28,5
Mjunction Services,3.8,(472),1.9k,26,--,47,2
Emergys,3.3,(472),3.3k,44,58,26,53
Indian Immunologicals,4.0,(472),1.7k,24,3,53,--
Emergys,3.3,(472),3.3k,44,58,26,53
JNS Instruments,4.0,(472),1.9k,36,13,37,2
InfoBeans,3.3,(471),3.8k,52,150,44,10
Tyger Capital,3.9,(472),1.5k,30,6,31,--
Elevanceskills,4.4,(497),1,230,--,109,--
Allegis Group,3.4,(471),2.8k,24,1,43,9
Tata Steel Colors,3.7,(471),1.7k,36,10,37,6
NetApp,3.7,(471),4.4k,78,55,38,12
Tata Steel Utilities and Infrastructure Services,3.6,(471),1.3k,41,--,43,--
Freyr Solutions,3.6,(471),2.8k,35,3,23,--
Regency Hospital Ltd,4.1,(471),1.4k,24,8,23,1
Bada Business,4.0,(471),1.7k,61,953,38,4
Ergode,3.1,(471),1.5k,31,15,53,89
TCL,4.1,(471),2.2k,48,--,28,--
ELGI Equipments,4.0,(470),2.2k,28,45,47,--
Zscaler Softech,3.2,(470),3.4k,84,107,35,--
Ingersoll Rand,3.8,(469),2.6k,40,68,39,7
Nidec Corporation,3.7,(470),1.8k,29,7,41,--
Meyer Organics,3.7,(470),1.6k,30,16,36,5
Corona Remedies,4.2,(469),1.5k,15,--,29,1
Brembo Brake India,4.0,(469),1.6k,22,5,40,--
Rieter,3.2,(469),2.4k,31,5,54,2
Kataria Automobiles,3.6,(472),1.6k,21,5,33,12
Knack RCM,3.0,(468),1.8k,56,12,19,2
B. Braun Medical,4.2,(467),1.7k,22,14,68,1
Reliance Infrastructure,4.1,(468),2k,30,--,65,7
Fuji Electric,3.6,(472),1.9k,22,2,16,2
Miracle Software Systems,3.7,(467),2k,44,2,25,10
Transasia Bio-Medicals,3.3,(467),1.8k,23,14,33,3
Saudi Binladin Group,4.2,(467),739,36,--,68,--
Shiprocket Private Limited,3.3,(467),3.1k,63,27,24,18
Mintifi,3.5,(468),1.1k,26,--,9,--
Tutopia,4.5,(466),434,275,1,3,--
BSCPL Infrastructure,3.9,(466),1.3k,32,3,49,--
Cimpress,3.8,(466),3.2k,72,19,35,--
Axis Finance,3.8,(469),2.2k,26,222,20,--
State Street Bank,3.4,(466),3.5k,19,--,15,--
Deluxe Entertainment,3.4,(466),2.5k,39,16,43,5
Group Bayport,4.2,(467),1.2k,37,64,17,6
e2open,3.4,(465),3.7k,65,5,36,10
Essjay Ericsson,4.1,(465),876,11,--,57,--
Group Bayport,4.2,(467),1.2k,37,64,17,6
Intercontinental Exchange,3.2,(465),3.2k,46,--,7,--
Tata Steel Downstream Products,3.7,(465),1.6k,49,4,28,3
Adani Logistics,3.8,(466),2k,16,--,13,2
Echobooom Management & Entrepreneurial Solutions,3.9,(469),502,123,32,198,1
Toyota,4.1,(464),1.9k,50,--,51,--
ZUCOL Services,3.7,(464),779,123,21,17,25
Prism Cement,3.9,(464),1.2k,39,22,56,--
Indian Political Action Committee,2.9,(464),1.8k,53,--,16,--
Portea Medical,3.6,(463),1.3k,35,8,43,--
Khadims,3.5,(468),1.3k,17,--,49,6
Mashreq Global Services,3.1,(463),2.6k,30,53,31,3
FabHotels,3.0,(463),2.1k,47,5,24,2
Fitelo,3.1,(463),816,53,--,72,13
Dee Piping System,4.1,(464),1.6k,30,1,25,--
SirionLabs,3.8,(463),2k,30,--,46,--
AVAYA,3.3,(462),2.9k,46,6,42,17
Mungi Group,3.9,(466),1.9k,24,20,37,6
National Organic Chemical Industries,3.7,(461),2k,39,3,49,--
Theobroma Foods,3.9,(461),1.5k,26,21,24,--
Skillmine Technology Consulting,3.7,(461),1.8k,51,7,19,11
NR Switch N Radio Services,3.8,(461),1.2k,22,19,27,--
Usha Martin,4.0,(461),1.4k,24,--,51,--
Premium Transmission,3.4,(461),2k,55,14,40,7
Almarai,4.3,(461),850,27,--,65,--
Bonfiglioli Transmissions Limited,3.5,(461),1.8k,40,8,36,1
Citykart Retail,3.8,(461),1.1k,33,2,25,4
Fossil Group,3.8,(464),2.2k,36,12,35,2
Vijai Electricals,3.6,(460),1.2k,19,--,50,--
Vcare Trichology,3.5,(460),1.9k,45,21,15,4
OnePlus,3.8,(460),2k,41,--,48,2
Kaya Skin Clinic,3.2,(459),1.2k,27,21,41,--
Paynearby Technologies,3.8,(459),1.5k,31,--,25,--
Talbros,3.8,(459),1.8k,34,7,34,--
Marksans Pharma,3.4,(458),1.9k,31,20,21,1
Nexteer Automotive,3.8,(458),2.8k,29,--,33,1
Spice Money,4.1,(458),1.6k,41,9,32,7
Haldia Petrochemicals,3.7,(457),2.1k,44,--,52,3
OLX Autos,3.9,(457),1.5k,31,--,--,2
NR Consulting,4.6,(457),349,103,54,30,29
AppInventiv Technologies,3.9,(457),2.8k,86,7,69,14
Lotte India Corporation,4.0,(457),1.5k,36,29,38,--
Imarticus Learning,4.0,(457),1.3k,41,13,38,4
Chettinad Cements,3.7,(459),2k,43,1,20,--
DesignTech Systems,3.4,(456),2k,47,21,29,4
CES,3.3,(456),2.7k,59,25,43,7
Aptech,3.2,(456),1.8k,29,--,44,1
Tessolve,3.3,(456),3.1k,66,88,16,13
Sunwoda Electronic India Pvt Ltd,3.9,(456),1.9k,41,--,45,--
Karamtara Engineering Limited,3.6,(457),1.6k,50,12,33,1
SABIC,4.1,(456),1.5k,34,1,53,5
Ami Lifesciences,3.8,(455),1.9k,22,1,21,10
Carrier Midea,3.5,(455),1.9k,19,6,23,--
Flipkart Wholesale,3.8,(455),1.1k,75,--,29,2
Asian Granito India,3.6,(455),1.6k,18,2,21,3
Montecarlo Construction,4.2,(455),1.4k,51,1,45,1
DB Power Limited,4.6,(456),741,66,4,24,9
SoftwareOne,3.8,(455),3.7k,54,45,51,3
Silver Touch Technologies,3.0,(455),2.6k,36,6,9,--
TriGeo Technologies,3.3,(454),1.7k,28,--,38,--
Siyaram Silk Mills,3.9,(454),1.5k,25,31,44,--
Mahindra Lifespace Developers,4.2,(454),1.9k,28,14,49,2
Hero Housing Finance,3.7,(454),1.6k,23,7,11,11
Motherhood Hospital,3.7,(454),1.8k,23,84,22,1
TotalEnergies,3.7,(453),1.7k,37,16,44,4
FCM Travel,3.5,(453),1.6k,18,2,29,--
FM LOGISTIC,4.0,(453),1.4k,31,10,10,2
Orient Craft,3.8,(453),1.4k,8,--,61,4
Alankit,3.2,(457),1.3k,75,56,41,4
Intelizign Lifecycle Services,3.8,(453),2.8k,62,42,25,--
Rakuten Symphony,3.6,(454),3.9k,43,3,15,32
GTL Infrastructure,4.2,(452),911,15,--,46,--
Groupon,2.9,(452),2.3k,47,--,40,29
Infosys Consulting,3.4,(452),4.1k,182,--,65,5
Jyoti CNC Automation,4.0,(451),1.5k,28,7,32,--
International Automotive Components,3.9,(451),2.1k,27,10,25,15
SPAR Hypermarkets,4.0,(451),1.3k,25,1,41,7
Desun Hospital & Heart Institute,3.8,(450),1.1k,32,8,24,1
H & R Johnson,3.6,(453),1.2k,12,--,43,--
Western Union,2.8,(450),2.8k,40,3,43,10
Adani Infra,3.7,(451),1.9k,42,--,9,--
Ashiana Housing,4.0,(451),1.6k,39,19,56,2
Chambal Fertilisers And Chemicals,3.7,(450),1.6k,29,--,38,2
Bmm Ispat,3.9,(449),1.6k,36,4,38,--
Calsoft,2.7,(450),3.8k,57,37,29,6
Mazagon Dock,4.2,(450),1.2k,23,--,37,--
KLAY Preschool and Daycare,3.6,(449),1.4k,47,59,44,4
Mann And Hummel Filter,3.8,(449),1.8k,23,16,39,9
NCSI Technologies Pvt Ltd,3.6,(448),2k,72,--,21,67
Baramati Agro,3.9,(460),1.6k,29,6,27,1
Slice,3.2,(448),2.5k,61,5,10,--
Nous Infosystems,3.4,(449),3.6k,51,19,37,--
Lambda Therapeutic Research,3.8,(448),1.5k,22,11,26,6
A. O. Smith India Water Products Private Limited,3.5,(448),1.5k,22,2,46,2
Sagar Cements,4.3,(448),1.4k,42,--,32,7
Astra Microwave Products,3.9,(448),2.1k,32,21,26,--
Europa Locks,3.8,(449),1.8k,34,14,42,18
Karvy Data Management,3.1,(449),786,3,--,--,--
Shyam Sel & Power,3.8,(447),1.5k,59,--,22,--
Pon Pure Chemical,3.6,(447),1.6k,28,10,35,--
Samsung SDS,2.9,(447),2.9k,34,--,22,--
Ind-Swift Laboratories,3.8,(446),1.6k,22,17,58,--
ABCI Infrastructures,3.3,(446),8k,88,7,56,--
Systems Plus,4.2,(446),1.7k,32,40,17,--
India Nippon Electricals,3.6,(446),1.7k,25,42,59,--
RSWM Limited,4.0,(446),1.3k,21,18,46,--
Kothari Agritech,4.1,(445),747,48,4,6,21
Aker Solutions,4.0,(446),2.2k,37,1,43,1
Orient Bell,3.4,(445),1.5k,24,13,37,--
GS Lab,3.6,(445),3.2k,64,--,34,--
T.v. Sundram Iyengar & Sons,4.0,(445),1.1k,11,--,48,--
Copeland,3.7,(445),2.6k,28,49,5,1
Ensono,4.1,(445),2.7k,31,51,25,4
Indigo Paints,3.9,(445),1.5k,33,--,16,--
YKK,3.7,(445),1.4k,28,--,49,1
K D Hospital,4.5,(444),360,23,4,7,6
Tally Solutions,4.0,(444),2.4k,50,26,52,8
Le Méridien,4.0,(445),1.2k,25,--,66,1
ARMSOFTECH.AIR,3.1,(444),1.4k,31,4,52,13
Impact Guru,3.4,(444),1.7k,81,78,8,3
Kutchina,3.4,(444),1.3k,16,3,24,--
Mahindra Last Mile Mobility,3.8,(447),1.4k,25,--,5,--
SKH Y-TEC,3.9,(444),1.3k,32,--,25,--
ANR Software Private Limited,4.1,(443),1.1k,48,--,39,20
Samsonite,4.1,(443),1.4k,17,15,30,--
Learning Routes,4.5,(443),463,126,6,38,18
AIMLAY,4.7,(443),451,17,10,38,29
Nettur Technical Training Foundation,3.7,(442),1.1k,28,2,38,5
Powerweave,3.2,(442),1.7k,28,--,34,--
Honeywell International India,3.9,(444),2.6k,40,--,50,--
IMS People,3.5,(443),2.2k,46,--,37,--
Hike Education Private Limited,4.3,(442),734,149,9,16,6
Balaji Wafers,4.3,(442),1.2k,32,5,24,9
IndusInd Capital,4.0,(442),1.9k,20,3,72,--
Uniparts Group,3.7,(442),1.6k,23,--,33,--
Leixir Dental Group,4.6,(448),687,143,1,81,--
ZTE Corporation,4.0,(443),1.2k,21,--,65,--
Ramada,3.9,(441),1.1k,23,4,70,--
Samsung C&T,4.2,(441),1.4k,16,--,45,--
Euler Motors,3.6,(441),1.8k,44,17,11,--
Eurofins It Solutions,2.7,(442),3.5k,71,11,61,1
Entrata,3.8,(441),2.4k,44,2,52,8
Buhler,3.7,(440),2k,33,--,39,--
IIMI Image Management Private Limited,4.0,(440),567,56,1,8,7
Nowfloats Technologies,3.8,(440),1.1k,25,1,68,--
Universal Corporation,3.5,(440),1.3k,23,2,21,--
360 Realtors,3.5,(440),1.5k,37,2,46,--
Rama Medical College Hospital & Research Centre,3.6,(440),1.3k,40,--,46,--
Starbucks,4.1,(440),1.2k,39,2,44,3
Amartex Industries,4.5,(440),335,44,16,133,1
Oberoi Realty,4.3,(439),2k,21,18,40,4
Jubilant Biosys,3.5,(439),2.1k,44,63,34,--
Adroit Synergies,3.2,(439),1.3k,49,18,18,5
Novartis Healthcare,4.0,(439),3k,23,--,48,--
ITC Limited - Paperboards Specialty Papers Division,4.0,(439),1.6k,19,1,39,1
PULSUS HealthTech Group,3.2,(439),1.3k,36,15,34,--
Daimler Truck,3.6,(451),3.3k,44,77,5,6
Owens Corning,3.6,(438),1.8k,21,6,41,--
GE Aerospace,4.1,(438),2.1k,25,--,5,2
IL&FS Engineering and Construction,4.4,(438),932,18,6,56,--
RSM US in India,3.4,(439),4k,54,252,16,--
Aka Logistics,3.2,(439),1.4k,39,5,29,--
Motilal Oswal Private Wealth Management,4.5,(437),281,83,--,4,5
Saama Technologies,3.6,(437),3.8k,60,18,46,4
Indus Net Technologies,2.8,(437),2k,36,9,22,--
Franchise India Brands,3.0,(437),1.4k,50,7,12,10
V-Xpress,3.8,(437),1.1k,22,--,31,9
Bangalore International Airport,4.3,(437),1.6k,36,18,36,--
Enphase Energy,2.5,(438),3.2k,58,23,20,--
HYT Engineering Company Pvt Ltd,3.2,(438),1.5k,38,32,37,7
Indian Overseas Bank,3.5,(436),1k,18,--,27,1
Dorset Industries,4.4,(436),987,93,1,37,5
Bonace Engineers,4.0,(436),1.2k,36,--,27,--
Self Practice,4.4,(436),5.9k,71,--,21,--
Virchow Biotech,3.3,(436),1.8k,27,--,40,--
Nagarjuna Fertilizers and Chemicals,4.1,(435),1.3k,20,--,55,--
P.D. Hinduja National Hospital and Medical Research Centre,3.8,(433),2.4k,30,26,44,6
Raptakos Brett and Company,3.3,(435),1.6k,23,3,26,--
Ipsos,3.0,(436),2.6k,44,9,26,--
Raptakos Brett and Company,3.3,(435),1.6k,23,3,26,--
CWT,3.5,(435),1.4k,9,--,58,--
Prolifics Corporation,3.6,(435),2.5k,65,25,25,4
DataMetica,3.0,(435),3k,49,19,21,--
Omnicom Global Solutions,3.3,(435),2.9k,21,46,14,--
B.C. Jindal Group of Companies,3.8,(436),1.1k,29,--,17,--
Accelya Solutions India Limited,3.3,(434),2.8k,51,30,31,--
Capital Foods,4.2,(436),1.3k,32,6,55,--
Motherson Technology Services,3.3,(434),2.6k,40,--,6,7
Viva Composite Panel,4.5,(435),671,106,23,15,15
National Bulk Handling Corporation,4.1,(433),1.1k,23,7,43,--
TTK Healthcare,4.1,(434),1.4k,19,11,54,1
Bharat Aluminium Company (BALCO),3.9,(433),1.7k,37,--,41,1
Indiafilings,3.8,(433),1.1k,163,39,17,--
SMS India Private Limited,4.0,(433),2.1k,33,--,23,4
Havmor Ice Cream,4.2,(432),1.2k,30,--,47,1
Himatsingka Seide,3.5,(432),1.5k,30,5,35,--
CogentHubCX.AI,3.2,(433),928,37,22,21,--
V-bazaar Retail,3.8,(432),936,35,--,27,8
Merck,4.1,(432),2.9k,21,3,41,--
MyMoneyMantra,3.2,(432),1.9k,15,--,11,1
Gujarat Ambuja Exports,3.3,(432),1.5k,25,5,25,--
V-bazaar Retail,3.8,(432),936,35,--,27,8
Qwik Supply Chain,3.9,(436),1.1k,29,--,18,3
Global Indian International School,4.2,(431),1.1k,22,39,55,--
PowerSchool India,3.2,(431),3.1k,50,22,30,1
Thyssenkrupp Industrial Solutions,4.1,(431),1.5k,25,--,30,1
Secure Value,3.5,(433),866,22,--,23,--
Roca Bathroom Products,3.8,(431),1.5k,25,8,46,3
Fortis Escorts Hospital,4.2,(431),959,21,--,39,1
Venus Remedies,4.1,(431),1.1k,44,61,84,21
Workcell Solutions,3.5,(431),1.4k,28,2,2,8
Apex Laboratories,3.8,(430),1.9k,28,7,35,2
Hindustan Foods,3.6,(430),1.9k,35,14,25,1
Reshamandi,3.5,(430),605,17,--,125,--
Unilever Global,3.7,(433),980,33,--,10,--
Gold Plus Glass,3.5,(430),1.6k,22,13,55,--
Sarvodaya Hospital,3.9,(430),1.5k,22,34,25,5
Tagros Chemicals,3.5,(430),1.9k,40,14,41,--
CapeStart,4.5,(430),657,87,18,136,22
Gtpl Hathway,4.0,(433),1.9k,29,10,25,--
VRB Consumer Products Private Limited,4.0,(435),1.4k,23,8,37,1
Muthoot Housing Finance Company,4.1,(429),1.2k,32,11,11,6
Indian Space Research Organisation,4.6,(429),1.3k,24,--,41,3
The Belgian Waffle co,4.4,(431),767,58,1,6,10
Tudip Technologies,3.9,(429),1.6k,90,1,64,12
Sedemac Mechatronics,3.9,(429),1.6k,37,2,33,--
Huron,3.7,(431),3.1k,40,82,23,4
BPTP,4.1,(429),1.5k,30,27,52,--
Auro Realty Private Limited,4.4,(428),1.7k,27,8,14,2
Munjal Showa,3.4,(428),1.2k,21,7,41,--
Metrochem Api,3.1,(428),2k,37,10,36,8
Invensis Technologies,3.3,(428),2k,36,24,18,--
Onsitego,3.5,(428),1.4k,20,23,32,--
Dixit Infotech Services,3.5,(427),1.5k,29,6,22,1
Educomp Solutions,3.6,(427),630,5,--,46,--
Agro Tech Foods,4.0,(427),1.2k,22,11,39,--
Medica Superspecialty Hospital,3.9,(427),1.5k,20,142,46,--
RDC Concrete (India),3.9,(427),1.3k,41,4,37,7
Marelli Motherson Automotive Lighting,3.7,(427),1.5k,29,--,16,1
Nyati Group,4.2,(427),1.5k,37,3,26,4
Win Medicare,4.1,(427),1k,24,--,31,--
SHARE Microfin,4.2,(426),555,24,--,43,1
CANTABIL RETAIL INDIA,3.9,(426),1.2k,30,7,14,1
Aramex,3.2,(427),1.3k,27,--,47,6
Bank of Maharashtra,3.3,(426),1.5k,20,--,31,--
CEVA Logistics,3.8,(426),1.5k,14,--,32,1
Pole To Win,3.2,(426),2k,62,27,45,1
Manhattan Associates,3.2,(426),3.4k,43,--,43,1
Nuziveedu Seeds,4.0,(425),1.2k,33,3,32,22
Kailash Hospital,3.8,(426),1k,24,13,24,1
Air Liquide,3.4,(425),1.7k,40,39,42,--
Call 2 Connect,2.6,(425),1.1k,22,1,14,1
SML Isuzu,4.2,(425),1.5k,29,8,37,--
Aliens Group,3.8,(425),1.3k,46,5,58,1
Bses Yamuna Power,3.8,(424),1.4k,25,--,29,1
Evoke Technologies,3.7,(424),3k,31,18,23,--
SYSTRA,3.9,(425),1.5k,31,--,25,1
ArisGlobal,2.9,(424),2.8k,45,--,12,--
Gps Renewables,4.0,(425),1k,91,6,6,1
Greet Technologies,2.7,(423),1.3k,40,--,29,--
Oda Class,2.8,(423),688,31,--,10,2
Gravita,4.4,(424),1.2k,64,21,32,25
Capital Trust,3.4,(429),855,23,--,28,3
PGP Glass,4.0,(426),1.4k,37,20,19,--
Thermax Babcock Wilcox Energy Solutions,4.2,(423),1.9k,25,--,25,1
Cheil India,2.8,(423),2k,20,3,51,--
Odessa,3.6,(422),2.4k,47,1,53,15
eNoah iSolution,3.7,(422),2.3k,33,8,19,--
Kanpur Fertilizers & Chemicals,3.7,(422),1.1k,39,--,19,6
Stanley Black & Decker,3.7,(421),1.9k,31,6,31,2
RCM,4.0,(421),746,55,14,9,11
Wonderla Holidays,4.4,(420),1.1k,40,37,52,--
VXI Global Solutions,3.2,(421),1.3k,31,4,8,77
Schoolnet India,3.9,(424),1.1k,25,18,56,--
PC Jewellers,3.8,(420),925,26,7,32,--
S. M. Auto Engineering,3.3,(420),1.5k,28,2,15,--
Eversendai,3.4,(420),1.6k,32,1,43,7
Core Integra Consulting Services,3.4,(422),1.3k,26,--,24,--
CGI India,4.1,(422),2k,10,--,63,--
The Hans Foundation,4.1,(420),812,41,132,6,9
Rithwik Projects,3.9,(420),1.3k,41,3,21,3
Hexagon Nutrition,3.9,(419),1.1k,20,20,133,--
Etech Global Services,3.6,(419),1.8k,45,5,43,--
Piramal Swasthya,4.2,(423),991,21,4,39,1
UCAL Fuel Systems,3.8,(420),1.4k,14,2,29,--
ICFAI University,3.6,(419),859,24,--,42,--
Magus Customer Dialog,4.0,(419),753,12,3,42,--
LOGISTEED India Pvt. Ltd.,4.0,(420),1.4k,9,--,16,4
Aeries Technology,3.0,(419),2.6k,34,91,34,8
Mettler-Toledo,3.6,(420),2.1k,27,--,43,7
M Baazar,3.8,(419),926,34,17,7,6
GRT Jewellers,4.1,(419),1.6k,31,5,22,6
Epsilon Carbon,3.8,(419),1.9k,42,--,40,5
STUDDS Accessories Limited,4.0,(418),1.3k,59,2,31,7
HL Mando,3.8,(418),1.6k,25,--,11,--
Lloyds Metals And Energy,3.8,(420),1.5k,43,--,10,--
Qentelli,3.9,(418),2k,79,98,102,25
The Phoenix Mills,3.9,(417),2k,26,18,28,--
Dodsal Engineering & Construction,4.5,(418),686,16,--,71,--
Computacenter,3.7,(418),2.9k,51,24,33,5
MRF Vapocure Paints,4.0,(417),1.4k,34,--,19,2
MAYORA,3.7,(422),963,26,2,47,--
Capri Global Housing Finance,3.6,(416),1.3k,25,--,13,1
Indian Metals & Ferro Alloys,3.7,(416),1.6k,16,2,37,1
Smartworks,3.2,(417),2.4k,47,34,22,--
ClearTax,3.1,(416),2.5k,50,25,18,10
TVS Mobility,4.0,(422),1.6k,40,7,14,8
GMR Hyderabad International Airport,4.1,(417),1.3k,23,--,49,--
Columbia Petro Chem,4.2,(414),572,21,3,83,--
Kuehne + Nagel,3.6,(415),1.7k,27,5,43,--
Bosch Rexroth India,3.9,(414),1.6k,21,2,45,1
Venkateshwara Hatcheries,3.8,(414),1.5k,13,--,33,1
Burns & McDonnell,4.0,(414),2.4k,55,16,36,7
Broadcom,3.2,(414),3.1k,45,43,37,8
Connectwise India,3.3,(414),3k,62,2,41,2
Azentio,3.0,(414),3.8k,48,4,11,9
Spoton Logistics,4.4,(413),1.1k,18,--,55,--
Wellness Forever Lifestyle Chemist,3.9,(413),1.2k,29,--,17,1
Uplers,3.6,(413),1.7k,47,8,109,18
Christian Medical College,4.2,(413),1.3k,14,20,29,--
VTP Realty,3.5,(412),2k,44,21,9,2
Dorf Ketal Chemicals,4.0,(413),2k,23,8,31,1
Recpdcl.ltd,4.1,(413),758,17,--,35,--
Black Knight,3.5,(412),2.6k,29,--,43,--
Lighthouse Learning,4.2,(412),750,66,10,105,6
Writer Corporation,3.3,(412),1.4k,26,32,29,9
Medline Industries India Private Limited,3.8,(412),2.8k,50,18,28,5
Ambuja Neotia,3.7,(412),1.3k,16,1,30,1
L&T Heavy Engineering,3.7,(412),869,31,--,33,11
Sandvik Mining and Rock Technology,4.1,(411),1.7k,33,--,29,--
American Axle & Manufacturing,4.4,(411),1.5k,27,--,38,10
Mantra Properties,4.3,(411),975,40,9,23,13
BCH Electric,3.9,(411),1.5k,25,17,33,5
Ven Consulting,3.2,(411),976,46,--,9,1
Hanon Systems,3.9,(415),1.6k,16,1,53,--
Servion Global Solutions,3.1,(411),2.5k,36,14,33,--
Federal Mogul Goetze,3.9,(411),1.4k,18,--,51,2
NTT Global Data Centers and Cloud Infrastructure,3.9,(411),2.3k,28,--,13,--
Neuberg Diagnostics,3.4,(411),1.6k,22,11,17,1
RNFI Services,3.2,(411),1.1k,22,--,8,--
Roop Automotives,4.2,(411),1.3k,31,--,40,3
Shree Baidyanath Ayurved Bhawan,3.8,(416),1.2k,34,6,24,2
Cooper Corporation,4.1,(411),1.5k,56,23,35,--
Everest Spices,3.8,(410),1.2k,18,5,18,--
Sunstone,3.7,(410),1.7k,26,35,24,9
Acadecraft,3.6,(410),889,62,7,48,--
Netlink Software,3.2,(409),2.2k,24,9,41,2
Hexagon Capability Center,4.0,(410),2.9k,43,1,61,3
Al Turki Enterprises,3.6,(409),941,16,--,51,1
Krishna Group,4.0,(412),1.6k,34,6,5,1
Siemens Healthcare,4.0,(409),2.4k,12,40,47,--
Hurix Digital,3.0,(409),1.9k,39,41,27,--
Eclat Health Solutions,3.6,(409),1.5k,70,26,15,6
Indifi Technologies,3.8,(409),1.9k,48,19,24,--
Hays Business Solutions,3.3,(409),2k,23,10,42,--
GE Vernova T&D India,4.1,(409),1.6k,12,--,44,--
Welspun Flooring,3.8,(409),1.2k,22,--,25,4
Icertis,3.2,(409),3.3k,58,18,50,13
Shakti Pumps,3.7,(409),1.5k,43,90,29,--
National Fertilizers,4.3,(409),1.1k,30,6,42,--
Kcc Buildcon,4.0,(409),1.5k,33,--,28,3
TrueBlue,3.6,(409),2.4k,29,2,25,--
Nobel Hygiene,3.9,(411),1.3k,25,15,34,2
Agilent Technologies,3.9,(408),2.1k,23,183,57,1
Acme Generics LLP,3.3,(408),1.3k,17,--,22,--
Tirumala Milk Products,4.1,(408),1.1k,34,12,40,1
Watertec India,3.7,(408),1.4k,15,31,32,7
GSP Crop Science,4.0,(409),1.5k,33,16,27,--
Hajee A P Bava Construction,3.8,(410),980,16,2,27,4
Helloverify,3.0,(410),1.6k,36,2,33,--
Konecranes,3.8,(408),1.9k,24,3,55,--
Jade Global,3.3,(408),3.2k,47,331,25,--
ABM Knowledgeware,3.6,(408),1.5k,35,4,34,2
Mindlance,3.6,(408),1.6k,30,1,31,--
Lauritz Knudsen Electrical & Automation,4.0,(409),1.6k,24,--,24,--
Triumphant Institute of Management Education,3.8,(407),1.3k,17,5,31,--
The Hershey Company,4.0,(407),1.2k,23,23,28,5
Essar Group,3.7,(407),1.9k,34,--,48,--
Fosroc India,4.2,(407),1.5k,28,2,42,5
Imarque Solutions,3.1,(407),1.4k,21,74,15,--
Publicis,3.4,(407),4.2k,57,--,29,--
Pearson Education India,3.7,(407),1.7k,9,60,51,--
SPRINKLR,2.9,(407),4.2k,117,65,29,7
Parksons Packaging,4.0,(407),1.5k,17,7,30,--
Jamna Auto Industries,3.9,(407),1.6k,20,3,39,--
Merck Life Science,3.9,(407),2.9k,23,--,29,--
ABC Consultants,3.9,(408),27.9k,246,--,21,--
Repco Home Finance,3.5,(407),1k,19,--,23,--
Healthcare At Home,3.9,(406),1.3k,30,7,29,--
MSCI,3.6,(406),3.8k,59,28,26,12
LeadSquared,2.6,(406),3.3k,75,38,18,--
People Prime Worldwide,4.1,(406),1.5k,65,--,20,--
Milkbasket,3.8,(406),1.7k,30,--,20,7
Park Hospital,3.7,(405),1.3k,29,5,14,2
Berkadia,3.6,(406),2.4k,33,5,39,10
Navi Limited,3.1,(405),2.5k,72,46,19,6
Teamspace Financial Services,4.0,(405),1.2k,23,4,11,1
Examity,3.3,(405),1.8k,38,6,31,--
Rosmerta Technologies,3.3,(404),1.7k,33,2,14,3
Sumitomo Chemical,4.0,(404),1.6k,21,45,25,--
Hyperpure,3.8,(420),1.8k,36,--,12,6
Nissan,3.6,(404),1.8k,29,--,30,6
Kennametal,3.6,(405),1.9k,33,30,38,7
Phenom,3.2,(404),2.4k,69,19,30,202
D.p. Jain & Co. Infrastructure Pvt .,3.1,(404),1.4k,35,--,28,--
Alfa Laval,3.9,(404),2k,35,--,45,--
Grey Orange,3.1,(404),2.4k,50,17,50,--
SATTVA,4.2,(404),1.7k,30,--,27,--
Bharat Rasayan,3.9,(403),1.6k,37,2,41,--
Ultra Corpotech,4.0,(403),2.1k,26,10,11,11
Expedia Group,3.7,(403),3.8k,89,28,28,4
Richa Global Export,4.0,(404),1.4k,20,--,20,--
Arcesium,3.3,(403),4k,97,65,59,--
OneSource Specialty Pharma Limited,3.8,(403),2.1k,44,--,41,3
Xpheno,3.5,(402),1.7k,36,4,30,8
Técnicas Reunidas,3.9,(402),1.7k,37,--,25,--
Grand Hyatt,4.2,(402),939,13,--,51,2
S2 Infotech,3.5,(402),1.5k,13,--,20,1
S2 Infotech,3.5,(402),1.5k,13,--,20,1
Agarwal Packers and Movers Limited,3.3,(401),1.7k,18,18,16,--
Ryan,3.9,(402),1.9k,32,3,137,2
Arjas Steel,3.7,(409),1.3k,24,1,35,--
AccorHotels,4.3,(402),1.2k,22,--,48,--
Rahee Group,3.7,(401),1.2k,39,12,19,1
Duroshox,4.0,(401),1.1k,23,7,24,16
Kores,3.5,(401),1.7k,20,16,23,--
IPE Global,3.8,(401),1.1k,28,66,42,4
Supertech,3.7,(402),1.6k,19,--,33,--
INOX Air Products,4.1,(401),1.9k,25,--,29,1
Jeeves Consumer Services,3.4,(401),873,35,6,34,--
Sangeetha Mobile,3.6,(401),1.5k,20,3,27,3
Intercontinental Consultants & Technocrats,4.1,(400),1.1k,32,8,27,--
OodlesTechnologies,3.2,(400),1.5k,86,1,27,--
Diverse Lynx,3.4,(400),2k,24,58,7,10
Veeda Clinical Research,3.4,(400),1.5k,14,11,34,4
VIT University,4.1,(400),1.6k,36,81,27,--
WPP,2.9,(401),2.8k,23,68,18,10
Rainbow Hospital,3.6,(400),1.7k,21,1,13,--
Elentec Power India (EPI) Pvt. Ltd.,4.0,(400),1.4k,38,21,52,1
Dynacons Systems & Solutions,3.7,(400),1.4k,28,34,18,--
Berar Finance,3.6,(400),1k,22,--,6,2
Paragon Footwear,4.0,(400),1.3k,21,--,10,--
Centre For Sight,3.8,(399),1.3k,21,43,33,3
XL Health,4.2,(399),1.4k,24,--,55,9
Karvy DigiKonnect,3.2,(399),1.2k,8,--,26,--
Tega Industries,3.7,(400),1.5k,28,7,34,3
Lumino Industries,3.7,(399),1.1k,25,--,16,--
US Tech Solutions,3.5,(398),2.1k,22,--,25,--
Polybond India,3.7,(398),1.5k,19,20,27,--
Campus Activewear,4.0,(398),1.6k,24,8,12,5
G. D. Foods MFG (TOPS),3.9,(398),975,24,16,33,4
Scientific Publishing Services,3.8,(398),1.3k,18,--,44,--
Elecon Engineering,4.2,(398),1.5k,24,14,33,--
Synokem Pharmaceuticals,3.9,(398),1.6k,17,5,13,--
Coronis Health,3.3,(398),1.2k,28,3,14,--
Bellsonica Auto Component,4.0,(398),1.3k,24,2,31,--
Wagh Bakri Tea Group,4.1,(398),1.3k,32,2,40,1
SRM University,3.6,(397),1.5k,32,6,33,--
Bliss Gvs Pharma,4.1,(397),1.7k,30,8,17,--
Intelliswift - An LTTS Company,3.2,(397),2.4k,32,4,16,9
Yellow Diamond,4.0,(397),1.1k,24,6,17,--
Apmosys Technologies,3.0,(397),2.9k,56,--,13,--
Indraprastha Gas,3.8,(396),1.7k,21,--,32,--
AgreeYa Solutions,3.1,(396),2.5k,27,10,17,--
Anaptyss,4.0,(396),998,20,--,8,--
Rubicon Research,3.3,(396),2k,28,28,27,--
Accel Frontline,4.3,(395),754,7,--,42,--
SRMB SRIJAN,3.5,(395),1.2k,37,42,24,2
Vidal Health Tpa,3.3,(395),1.2k,32,18,35,6
JBS Enterprises,3.1,(396),994,27,5,39,5
Brick&Bolt,3.2,(395),1.5k,40,19,8,23
Amri Hospital,4.0,(395),1.2k,28,--,32,2
Rail Vikas Nigam,3.5,(395),1.1k,15,--,30,--
ANTOLIN,3.7,(395),1.8k,29,4,29,5
Sleek International,3.6,(394),1.2k,32,--,45,1
Captain Steel India Limited,3.7,(394),943,26,10,12,50
Satin Finserv,4.2,(394),734,25,14,11,2
Mobileum,3.2,(395),2.4k,43,11,89,--
World Vision,4.2,(394),729,22,--,31,3
SBI Payment Services,3.8,(393),1.3k,34,7,24,2
JUSTO Realfintech,4.3,(395),744,124,28,7,23
Moolchand Hospital,4.1,(393),757,23,9,12,3
Utkarsh India,3.6,(394),1.3k,54,2,27,--
Awign Enterprises,3.6,(393),1.2k,48,47,13,2
Methodex,3.9,(393),1.3k,17,12,32,2
Bss Microfinance,3.8,(393),880,19,2,13,2
Universal Mep Projects & Engineering Services,3.7,(392),1.1k,22,--,7,--
Pranav Vikas India Private Limited,3.7,(392),1.3k,34,2,31,11
Hathi Cement,4.1,(392),1.2k,25,9,27,--
Gufic Biosciences Limited,3.1,(392),1.5k,16,15,23,3
Civica India,3.0,(391),2.2k,39,5,20,17
Moder Solutions,3.3,(392),2.3k,30,24,12,--
TRL Krosaki Refractories,3.9,(391),1.6k,37,--,37,2
Eisai Pharmaceuticals,4.0,(391),1.3k,27,--,50,--
Sharda University,3.7,(392),1.7k,27,11,36,2
Alfanar,4.0,(391),961,26,35,60,4
Concord Biotech,3.8,(394),2k,24,13,25,1
Data-Core Systems,3.0,(390),1.2k,26,7,37,--
Adani Electricity,3.4,(391),1.8k,26,--,16,2
Toyota Financial Services,3.6,(390),1.3k,15,3,26,--
Vaibhav Global,3.3,(390),1.6k,29,35,39,21
Runwal Group,3.9,(390),1.8k,26,--,39,--
AQuity Solutions India,3.6,(391),2k,41,--,24,15
Transact Global,4.6,(390),416,95,11,11,3
Capital Small Finance Bank,3.5,(389),1.3k,13,2,24,--
Xdbs,2.6,(389),1.6k,39,--,42,1
Sj Contracts,4.1,(389),1.2k,27,25,29,--
Foundit,3.1,(389),2.1k,37,--,1,--
T&M Services consulting,3.7,(389),1.2k,24,2,23,--
Kaddacon Systems,4.6,(389),1,18,--,--,2
Vectus Industries,4.1,(389),1.3k,19,3,56,--
QUADRANT TECHNOLOGIES INDIA PRIVATE LIMITED,3.6,(389),2.3k,62,37,16,4
doodleblue innovation,4.2,(390),1.3k,48,6,64,30
Hitachi Vantara,3.6,(390),5.3k,7,23,38,--
Hygienic Research Institute,3.8,(389),1.2k,19,13,42,3
Light Microfinance,3.9,(388),955,19,4,22,4
Apcer Life Sciences,3.4,(390),1.3k,23,1,25,9
Jawahar Navodaya Vidyalaya,4.4,(388),535,20,--,33,7
Uneecops Technologies,3.7,(388),2.2k,22,2,34,3
Endava,3.4,(388),2.5k,31,--,25,--
Labournet Services,3.7,(388),902,25,7,53,--
Heavy Engineering Industries & Shipbuilding,3.9,(387),667,17,--,6,--
SOTC Travel Limited,4.4,(387),1.1k,37,17,52,--
SiliconIndia,2.7,(387),1.8k,31,2,8,1
GIVA Jewellery,3.0,(387),1.3k,33,--,7,--
DCM Shriram Industries,4.1,(386),1.6k,20,--,18,1
Jaguar Security Services,4.5,(387),996,33,4,33,--
Evolent Health International,3.9,(387),1.8k,30,3,39,7
Andromeda Sales ans Distribution PVT LTD,3.2,(386),1.5k,22,7,15,--
K L University,3.8,(386),1.2k,50,8,31,--
Vedant Fashions,3.9,(386),1.3k,22,2,26,6
Duroflex,3.9,(386),1.7k,27,21,22,2
MCM Telecom Equipment,3.9,(385),862,18,--,43,1
Srei Equipment Finance,4.2,(387),996,11,--,47,2
Choice Consultancy Services,3.5,(386),1.2k,17,5,7,--
Versuni India Home Solutions,3.4,(385),1.4k,29,1,12,1
Gujarat Alkalies & Chemicals,4.6,(385),1.5k,28,10,45,--
METRO Global Solutions Center,3.5,(385),1.5k,23,--,37,4
Kirloskar Toyota Textile Machinery,4.5,(386),789,21,2,45,5
A-1 Fence Products,3.9,(384),1k,63,--,56,28
TMF Group,3.8,(384),2k,30,47,22,--
Mobiloitte Technologies,3.1,(384),1k,37,15,34,24
Pharmarack Technologies,3.5,(384),1.8k,35,1,27,--
Amoli Organics,3.8,(384),1.9k,17,--,31,--
Glaze Trading India,4.4,(384),879,17,--,45,--
Emami Paper Mills,4.1,(383),835,58,3,28,4
Sunflag Iron and Steel,3.6,(383),1.2k,32,6,31,--
RWS Group,3.6,(396),2.3k,34,6,16,6
Sri Aurobindo Society,3.8,(385),772,53,--,37,3
Kokuyo Camlin,3.8,(384),1.2k,25,7,30,--
Department of Agriculture,4.3,(383),1.3k,47,--,24,--
Parul University,3.2,(383),1.3k,28,10,34,7
Balrampur Chini Mills Limited,4.0,(383),1k,40,--,34,2
Zara,3.5,(383),830,43,--,43,--
Toshiba Transmission & Distribution Systems,3.9,(383),1.8k,27,3,42,6
TCG Lifesciences,4.1,(383),1.2k,14,--,38,--
Associated Road Carriers,4.1,(383),1.2k,26,6,16,--
TCI Supply Chain Solutions,4.0,(383),899,23,--,32,1
Planetcast,3.5,(383),1.6k,32,--,24,--
Priya Cement,4.1,(387),1.1k,19,--,36,1
Swiss Re,3.8,(382),3k,52,335,32,--
Yubi,4.2,(383),2.1k,45,--,10,--
Cashpor Micro Credit,3.5,(384),869,29,--,24,--
Lobo Staffing Solutions,4.1,(382),1.3k,19,--,18,--
Royal Orchid Hotels,4.0,(382),959,16,61,46,1
Wildcraft,3.6,(382),1.5k,14,--,38,2
Subway,4.2,(382),911,30,1,34,6
Mitra SK,3.8,(382),1.1k,17,1,29,2
SEIL Energy India,4.0,(382),1.5k,19,--,37,--
Aquasub Engineering,3.8,(381),1.3k,9,1,35,--
Rio Tinto,3.5,(382),1.8k,51,--,36,6
R.K.M Powergen,3.9,(384),1.2k,24,--,34,4
Hilex,3.9,(382),1.2k,18,9,35,--
VST Industries,3.8,(381),981,19,--,39,--
Ess Kay Fincorp,4.1,(381),843,13,58,34,--
Ace Designers,4.0,(381),1.8k,30,11,43,2
Satyam Venture Engineering Services,3.3,(381),2.2k,26,96,20,--
Treebo Hotels,3.3,(380),1.5k,29,133,43,6
Dimension Data,4.5,(380),1.2k,8,--,38,1
Borosil Glass Works,3.7,(379),1.7k,14,4,26,4
New Opportunity Consultancy,4.1,(380),1k,12,85,22,--
KaaShiv InfoTech Company,4.8,(380),227,37,--,2,--
Caparo Maruti,4.1,(379),1.2k,14,--,30,--
Seth M R Jaipuria School,3.4,(381),943,32,1,35,8
Trident Hotels,4.0,(379),988,18,--,64,1
Time Technoplast,3.6,(379),1.8k,16,3,39,--
Tribhovandas Bhimji Zaveri,3.9,(379),1.1k,9,6,50,1
PropTiger.com,3.8,(379),1.2k,24,--,70,9
Zebronics,3.9,(379),1.3k,41,23,34,--
Health India Tpa Services,3.1,(379),1.4k,27,5,28,--
Mahendra’s Institute,3.1,(378),687,11,1,37,--
Offshoot Agency,3.3,(378),1.2k,27,--,22,2
Toshiba JSW Power Systems,4.3,(378),1.6k,22,14,50,9
Harjai Computers,3.2,(378),1.8k,36,17,69,--
Network 18,3.3,(378),2.6k,34,1,28,1
Lam Research,3.7,(378),2.9k,59,107,32,--
JSW One Platforms,2.9,(378),1.8k,48,5,8,8
N Ranga Rao And Sons,3.8,(379),1k,15,4,29,--
RedBus,4.0,(377),2k,43,9,47,48
Compunnel,3.7,(377),2k,31,19,23,7
Lalitha Jewellery,4.0,(377),1.1k,23,11,27,--
6D Technologies,2.8,(377),2.8k,48,--,14,--
VGM Consultants,3.4,(377),1.1k,19,--,9,--
Actalent Services,3.5,(377),1.8k,24,38,1,20
Descon Engineering,4.0,(376),681,22,--,57,2
BLS International Services,3.3,(376),1.2k,25,10,12,7
McNROE,4.0,(376),1.1k,25,23,26,2
Hitachi Hi-Rel Power Electronics,3.7,(376),1.6k,26,8,36,--
Vini Cosmetics,4.0,(376),873,18,--,19,--
Birla Cement,4.1,(376),1.2k,30,--,32,1
GTPL-KCBPL,4.0,(375),498,47,3,8,20
SMC Corporation,3.7,(375),2.1k,34,18,17,--
MapmyIndia,3.4,(375),1.8k,31,2,27,--
Pegasystems,3.4,(375),3.2k,35,25,52,3
EXEDY,3.8,(375),1.5k,25,4,54,--
Coditas Technologies,3.7,(375),2.3k,97,5,12,10
Oil India,4.1,(375),931,23,--,31,3
Cedcoss Technologies,3.0,(375),1.9k,52,9,26,--
Technocon Services,3.2,(375),917,50,7,17,--
Autocomp Corporation Panse,3.4,(375),1.5k,25,8,13,1
RV Solutions,3.7,(375),1.3k,17,1,31,2
Council of Scientific and Industrial Research,4.1,(375),1.2k,27,--,9,--
Hollister Medical,4.1,(375),1.2k,27,16,42,--
ATLBattery Technology (India) Private Limited,3.6,(381),1.2k,66,2,10,16
Shaadi.com,3.5,(374),1.4k,35,23,13,--
Karvy Innotech,2.9,(374),1.8k,31,13,16,--
Moser Baer,4.0,(374),671,9,--,63,--
Syncfusion,3.3,(374),2.2k,60,2,36,--
Accel IT Services,3.5,(374),1.6k,24,15,8,--
Halonix Technologies,3.7,(374),1.4k,21,8,28,1
Cognizant Solutions Corp,3.7,(374),3k,63,--,9,--
Woodenstreet.com,3.4,(375),1.6k,28,4,16,5
Asti Electronics India,4.1,(374),1.3k,29,--,51,2
Groww,3.7,(374),2.7k,93,8,18,3
Tata Digital,2.3,(374),2.1k,49,8,39,16
ITSource Technologies,2.9,(373),1.8k,33,--,20,--
Red Tape,3.2,(374),1.3k,27,2,6,14
Sequel Logistics,3.9,(375),1.2k,20,1,21,1
Ample Technologies,3.7,(373),1.6k,25,71,32,4
Eaton India Innovation Center,3.7,(373),2.5k,44,--,42,--
Kpmg Resource Centre,3.5,(373),2.4k,28,--,15,2
B S R & Co Llp,3.1,(373),4k,25,--,16,--
Teachnook,2.8,(373),419,91,--,2,4
Johnson Controls Hitachi Air Conditioning,3.7,(372),1.5k,23,--,3,--
MSM Unify,4.0,(374),513,87,--,39,4
The Park Hotels,3.9,(372),1.2k,10,--,49,--
Aarti Drugs,3.5,(372),1.6k,25,5,30,--
Al Tasnim Enterprises,3.6,(371),1.3k,18,--,30,--
CityMall,3.2,(371),1.5k,36,2,13,2
Hyundai Engineering and Construction,4.3,(371),536,26,--,41,1
Allegis Global Solutions,3.3,(371),1.8k,17,5,22,--
Roquette Riddhi Siddhi,3.9,(371),1.3k,15,25,37,--
Stefanini,2.7,(371),2.1k,38,15,19,1
Enterprise Growth Accelerator,3.5,(371),609,11,--,4,--
Maxxis Rubber,3.5,(373),1.8k,33,2,45,3
NCCCL,3.4,(370),1.1k,18,2,30,--
GGS Information Services,3.8,(370),2k,30,3,31,--
Olectra Greentech,3.7,(370),1.4k,133,22,133,--
Ceat Specialty Tyres,3.8,(370),1.3k,22,--,22,--
Zf Wind Power,4.0,(370),1.5k,18,--,45,--
Worldline,3.7,(377),2.6k,43,101,4,15
MSP Steel & Power,3.8,(370),1.1k,37,7,23,9
Hindustan Syringes & Medical Devices,4.1,(370),1.1k,27,10,31,1
Godrej Infotech,3.6,(370),2.1k,33,17,23,41
Jay Chemical Industries,4.0,(370),1.5k,26,--,33,--
Paperchase Accountancy,2.9,(370),1.8k,36,6,19,16
UNext,3.0,(370),1.8k,44,25,8,--
Mitsubishi Electric Automotive India,4.4,(375),956,30,--,53,--
Protiviti India Member,2.7,(369),1.6k,38,213,16,--
Audi,3.8,(369),1.2k,17,1,53,3
Ryan International School,3.2,(369),975,19,3,34,--
Modern V.R. Security Force,3.9,(369),825,14,1,13,1
Sarvagram Fincare,3.8,(368),1.1k,19,11,10,13
Avineon India,4.0,(369),1.4k,31,10,30,--
Savista Global Solutions,4.2,(369),1.5k,33,43,10,16
Kama Jewelry,4.7,(369),199,95,28,247,--
TestingXperts,3.5,(369),2.3k,60,1,28,21
SquadStack.ai,3.7,(369),926,49,19,33,--
Escon Elevators,3.7,(373),966,33,23,49,43
Bal Pharma,3.3,(369),1.3k,25,2,23,--
Adient,3.9,(369),1.9k,21,1,62,--
Transguard Group,3.7,(368),505,21,--,48,4
Advanced Micro Devices,3.7,(370),3.6k,54,187,19,12
Stellar Innovations,3.4,(371),2.1k,29,13,16,2
EPIQ Systems,3.4,(369),2.1k,18,11,34,10
Cotmac Electronics,3.6,(368),1.6k,25,21,15,--
Trane Technologies,3.8,(373),2.4k,30,115,17,--
Padmini VNA Mechatronics,4.0,(370),1.5k,29,2,50,9
Netcore Pvt. Ltd.,4.1,(368),1.8k,33,25,16,55
People Group,3.3,(368),1.5k,16,22,31,2
Yalamanchili Software Exports,2.9,(368),1.4k,18,6,26,1
Zopper,3.2,(368),1.5k,30,3,22,16
ACB (India),3.8,(368),1.5k,20,4,37,4
VIKRAN Engineering & Exim,4.1,(368),1.1k,44,--,15,3
Dosti Realty,4.3,(368),1.2k,20,1,62,2
Kraft Heinz,3.0,(368),1.5k,30,62,31,1
Kalkine Solutions,4.3,(369),905,24,7,50,4
Futurense Technologies,4.0,(367),818,56,13,38,54
AVL,3.5,(367),1.7k,30,--,36,1
Wipro GE Health Care,4.0,(367),1.6k,17,--,51,--
Ben Franklin Opticians,3.9,(367),814,25,--,29,3
Kalkine Solutions,4.3,(369),905,24,7,50,4
Windlas Biotech,3.9,(367),1.4k,27,6,27,--
Futurense Technologies,4.0,(367),818,56,13,38,54
Nabard Financial Services,4.1,(367),872,22,1,21,1
Carraro,3.9,(367),1.5k,15,1,30,--
Kimberly-Clark,3.8,(367),1.8k,19,24,30,4
Adglobal360,3.3,(367),2.3k,32,1,14,1
Yamaha Motor India Sales,4.0,(367),988,19,--,20,--
Globtier Infotech Limited,3.2,(367),1.9k,20,30,19,--
Deenanath Mangeshkar Hospital,3.8,(367),1k,17,--,30,--
CR3 Group,3.8,(367),1.2k,28,12,8,2
Ssipl Lifestyle,3.9,(366),947,6,7,32,--
Tata Toyo Radiator,,,--,--,--,--,--
Watchyourhealth.com,4.5,(367),377,56,1,22,2
SOPAN,4.0,(371),1.2k,23,3,24,2
HBL Global,4.2,(366),369,9,--,42,--
Fidelis Technology Services,3.5,(366),1.8k,31,--,23,--
Zydex Industries,3.6,(366),1.1k,22,20,34,--
Vee Healthtek,3.8,(379),1.9k,11,94,8,--
Orchid Pharma,3.6,(372),1.2k,47,--,17,--
DotPe,3.1,(365),1.6k,43,--,11,5
Oceaneering International,3.9,(365),2k,44,7,41,16
NXP Semiconductors,3.5,(365),2.7k,49,4,25,--
Kushal's Fashion Jewellery,4.2,(365),754,38,29,10,84
Mahindra Teqo,4.0,(365),1.2k,27,1,26,--
International Game Technology,3.3,(365),1.3k,28,--,29,--
Prem Motors,3.7,(365),1.2k,16,19,25,4
Sekisui Dljm Molding,3.8,(368),1.5k,23,9,29,--
Vatika Group,4.1,(364),1.4k,17,--,31,--
Infocepts Technologies,3.6,(365),3k,42,53,22,3
Muthoot Capital Services,3.6,(366),1k,14,7,14,3
Satguru Travels and Tour Services,2.8,(364),1.4k,33,2,30,6
Control Print,4.0,(364),1.2k,85,50,34,1
Cygnet Infotech,3.5,(364),2.3k,20,--,35,8
Telstra,3.8,(364),3k,61,2,27,27
Akumentis Healthcare,3.5,(364),846,20,--,30,--
Rashtriya Chemicals and Fertilizers,4.4,(364),878,20,--,19,--
Dentsu Aegis Network,3.2,(364),3.2k,36,11,13,6
Awfis,4.4,(369),1.3k,48,9,12,3
Sahayog Multistate Credit Co-operative Society,3.4,(363),967,16,1,12,2
Senvion,3.9,(364),1.6k,27,1,17,6
Vascon Engineers,3.7,(363),1.2k,28,6,14,2
Ventura Securities,3.9,(363),1.3k,33,9,31,4
Zoomcar,3.6,(363),1.7k,24,--,41,6
MJ Biopharm,3.5,(363),1.5k,23,7,28,1
Hartek Group,4.2,(363),844,71,37,57,40
Udaan India - The Original Visa Company,4.3,(362),1.3k,23,--,2,--
Hindustan Urvarak & Rasayan,3.3,(370),1.6k,43,--,16,--
Park Plus,2.7,(362),1.9k,54,8,10,--
National Highways Authority of India,3.9,(362),1.3k,25,--,11,1
Lido Learning,2.2,(363),1.4k,55,--,38,2
MUFG Bank,3.5,(367),2.7k,19,164,11,--
Clarus Rcm Infotech,2.7,(362),1.3k,44,2,10,--
Can Fin Homes,2.8,(362),1.2k,22,5,20,--
Bain & Company,3.7,(362),6k,121,97,30,9
Medall Healthcare,3.6,(362),1.1k,6,--,33,2
Vijay Nirman Company,3.7,(362),866,8,2,57,--
Hindustan Latex Family Planning Promotion Trust,4.2,(369),651,34,59,40,1
Ircon International,3.9,(362),1k,31,--,34,--
M K Agrotech Private Limited,4.4,(362),511,58,12,25,--
Shah Technical Consultants,3.6,(362),977,24,1,24,--
Avantor,3.6,(361),2.6k,37,42,26,11
Aegis Logistics,3.6,(362),1.4k,38,1,30,--
AVASOFT,2.4,(362),1.6k,204,--,25,11
Adarsh Credit Co-Operative Society,4.4,(361),508,5,--,49,--
Inventys Research,4.3,(361),826,11,6,13,--
Himadri Speciality Chemical Limited,3.5,(361),1.8k,32,--,38,--
e-Zest,3.9,(361),3.4k,30,22,24,--
Bristol-Myers Squibb,3.5,(361),2.2k,39,55,12,--
Kyndal India,3.6,(361),3.4k,6,--,49,--
Multiplier Brand Solutions,3.7,(361),964,12,2,23,1
Irclass Systems And Solutions,4.1,(361),1k,38,20,22,--
Jumio,3.9,(360),1k,18,13,42,3
JUNIPER GREEN ENERGY,4.6,(371),891,37,--,20,2
Newt Global,4.4,(360),868,75,74,27,--
Festo,3.7,(360),1.9k,29,7,38,--
L&T Defence,3.9,(360),2k,31,--,42,--
Unique Identification Authority of India,3.7,(360),1.1k,14,--,16,--
Holcim,3.6,(359),1.9k,24,41,39,1
DEN Networks,3.9,(359),1.5k,15,--,28,--
Valvoline Cummins,4.0,(359),1.5k,16,8,30,--
Red Health,3.4,(362),860,35,3,13,23
Adama,4.1,(359),1.1k,19,2,29,--
Motilal Oswal Asset Management Company,4.3,(361),524,79,--,7,--
TMEIC,3.8,(359),1.6k,21,7,40,3
Polyhose,3.8,(359),1.8k,19,9,25,6
Patil Group,3.5,(359),1.5k,35,8,34,1
Mahindra Insurance Brokers,3.3,(359),1.1k,12,5,41,--
Listenlights,3.7,(365),1.4k,37,--,18,--
Fluper,3.8,(358),532,27,10,43,--
Khimji Ramdas,3.7,(358),896,21,7,30,--
Plasser India,4.0,(359),1.8k,26,--,43,--
CESC,3.8,(358),1.6k,41,--,37,--
KLJ GROUP,3.3,(358),1.5k,18,3,12,9
eMudhra,3.4,(359),1.7k,20,--,19,6
Taco Bell,4.1,(359),1.1k,20,--,15,1
ESAB,3.9,(358),1.6k,28,19,39,--
Lion Engineering Consultants,3.4,(358),896,16,2,16,1
Zee Laboratories,3.7,(358),894,42,3,17,1
Darwinbox,3.1,(358),2.5k,56,28,24,9
Jms Mining Services,3.9,(358),1.1k,43,3,30,--
Outpace Consulting Services,4.6,(357),143,108,1,29,3
Zuari Cement,4.3,(357),1.2k,26,2,31,1
MYCPE ONE,3.8,(358),1.2k,27,--,34,--
Vem Technologies,3.6,(357),1.4k,35,13,26,--
Shiash Info Solutions,3.0,(357),260,31,--,19,1
ICRA Analytics,3.0,(357),1.6k,49,10,34,43
RHI Magnesita,3.8,(357),1.4k,22,--,17,--
Gyproc,3.8,(357),1.1k,17,--,51,--
Aptean,3.0,(358),2.5k,54,21,38,--
Clariant Chemicals,4.1,(356),1.6k,17,5,47,--
Aditya Birla Memorial Hospital,4.5,(356),836,38,26,26,20
Volvo Trucks,4.0,(356),1.7k,33,--,28,1
Mars,3.8,(356),1.1k,20,7,15,6
Debtcare Enterprises,4.3,(356),319,13,2,67,31
o9 Solutions,3.4,(356),3.7k,52,44,28,3
Bluechip Corporate Investment Centre,3.7,(356),1.1k,12,42,21,1
Theme Engineering Services,3.7,(356),1k,18,7,24,--
Hical Technologies,3.6,(356),1.6k,25,9,25,--
NU Vista,4.1,(355),1.2k,12,--,39,--
NIKE,3.9,(355),2.7k,52,2,27,--
Synergies Castings,3.8,(355),755,13,1,10,6
Mit World Peace University,4.0,(355),1.1k,24,1,25,--
IIT Bombay,4.4,(355),1.7k,30,1,29,1
Turing,3.0,(354),1.8k,120,35,10,--
Praxis Services,3.3,(355),1.1k,33,3,30,7
Rushil Decor,4.0,(355),1k,19,5,16,1
Walplast Products Pvt Ltd,4.0,(356),1.3k,37,77,33,7
Indchemie Health Specialities,3.7,(355),937,25,4,26,1
Schaeffer & Sam,3.3,(355),762,13,--,7,--
Coding Ninjas,3.8,(356),1.5k,61,6,5,11
Sri Sri Tattva,3.6,(355),1.2k,17,--,21,--
Rainbow Childrens Hospital,3.8,(355),1.1k,27,20,39,2
Han Digital,2.8,(355),785,37,4,2,--
Zet Town,3.4,(358),1k,37,2,2,6
Aloha Technology,2.5,(356),1.8k,39,5,39,--
Integrated Wireless Solutions,3.9,(355),1k,18,1,21,--
Zet Town,3.4,(358),1k,37,2,2,6
Integrated Wireless Solutions,3.9,(355),1k,18,1,21,--
MAHLE Behr India,3.6,(354),840,13,8,62,--
Aarti Steels,3.8,(354),1.4k,38,5,29,6
Pharmed,4.7,(357),347,43,3,21,1
Recipharm Pharmaservices,3.8,(354),1.6k,9,--,32,1
L&T Valves,3.7,(354),1.9k,15,1,27,--
Merit Data and Technology,3.9,(354),1.7k,22,20,9,180
Renewsys India,3.7,(354),1.5k,30,6,26,1
Jasper Colin,3.4,(355),844,48,2,39,3
Springer Nature in India,3.9,(353),2.5k,42,4,26,6
Pitaara,4.2,(355),536,16,--,1,--
Sata Vikas India,3.6,(353),954,37,--,39,--
AceMicromatic Group,4.3,(353),1.2k,19,16,39,3
Somic ZF Components,4.2,(353),1.2k,18,--,26,--
Kalyani Motors,3.3,(353),1.3k,20,18,17,--
EXO Edge,3.5,(353),1.3k,41,4,11,28
Groz Engineering Tools,4.1,(353),1.4k,22,16,34,6
Urban Ladder,3.7,(353),1.6k,46,--,30,17
L&T–MHI Power Boilers,4.1,(352),1.5k,12,--,40,--
Pps Motors,3.9,(352),1.1k,16,--,8,1
Halliburton,3.6,(353),1.4k,37,35,33,5
Gtpl Broadband,3.9,(352),1.3k,20,--,38,5
Path Infotech,3.3,(352),1.7k,24,32,29,--
Sakthi Auto Components,3.2,(352),1.1k,12,10,24,--
CKA Birla Group,3.9,(353),1.4k,22,--,28,--
V2Solutions,3.4,(351),1.3k,50,4,37,16
Myk Schomburg,3.8,(351),1k,22,--,21,--
E-Solutions,3.4,(351),1.6k,16,--,9,--
ILJIN ELECTRONICS,3.8,(351),1k,25,--,17,6
Signode,3.7,(352),1.5k,23,10,34,1
Arabian Industries,3.9,(350),923,17,--,31,--
The Sleep Company,4.2,(350),1.1k,31,41,1,--
ESAF CO-OPERATIVE,3.5,(350),889,23,--,21,--
Selec Controls,3.4,(350),2k,33,26,22,5
Lucas Indian Service,4.1,(350),1.1k,26,--,25,9
Brawn Group,3.5,(351),1.2k,22,10,17,--
Corizo,3.4,(352),439,79,--,2,8
ShopKirana,3.9,(349),1.2k,18,--,28,--
Furukawa Minda Electric,4.1,(349),968,8,--,32,2
Aurigene Pharmaceutical Services,4.1,(355),1.2k,28,1,23,1
Tamilnad Mercantile Bank,2.4,(349),1.1k,19,--,16,3
Vashi Integrated Solutions Limited,3.8,(349),1.6k,24,141,27,12
Teleysia Networks,3.4,(349),673,14,9,29,--
Essilor,4.0,(349),1.5k,16,21,21,--
63 Moons Technologies,3.7,(349),1.9k,29,26,34,--
Nava Limited,3.8,(349),1.2k,24,5,29,1
EqualizeRCM Services,3.8,(349),1.2k,102,3,18,12
ADNOC,4.3,(349),860,35,--,31,1
SNVA Group,3.4,(348),1k,28,59,30,4
Jaypee Cement,4.0,(348),892,19,--,43,2
Machino Plastics,3.5,(350),1.5k,30,7,14,1
Jtekt Sona Automotive India,4.3,(348),811,17,--,64,--
Pricol Precision Products,3.9,(347),1.2k,18,--,32,--
Aeronautical Development Agency,4.2,(348),1.9k,20,--,20,--
Scaleneworks,3.5,(347),1.4k,13,2,7,--
Girmiti Software,4.1,(347),1.5k,18,21,11,--
Decimal Point Analytics,2.7,(347),2.1k,49,--,14,--
Techolution,3.8,(347),1.1k,78,5,41,--
Global Aluminium,3.8,(347),944,19,7,18,1
DISYS,3.1,(346),2.1k,29,--,20,--
Polyplastics Industries (I),3.8,(346),1.4k,20,8,26,--
Shree Renuka Sugars,4.1,(346),1.2k,20,1,24,--
Lloyd Insulations,3.4,(346),1.3k,23,1,24,2
Dinshaws,3.9,(352),1.1k,11,4,21,3
InfodriveIndia,4.0,(349),555,26,--,114,--
DCDC Kidney Care,3.9,(346),547,21,5,9,1
Technosoft Engineering Projects Limited,3.6,(346),1.5k,36,47,18,53
Silverlink Technologies,3.9,(346),415,18,--,27,--
Delhi Metro Rail Corporation,4.2,(346),1.1k,17,--,32,--
Holisol Logistics,3.8,(346),1.2k,15,--,31,--
GITAM University,3.6,(346),1.3k,20,12,21,--
Kerala State Electricity Board,4.2,(346),1.3k,18,2,29,2
Abbott Nutrition International,4.1,(346),948,15,--,32,--
Hindustan Wellness,3.2,(345),925,39,10,11,18
Pfizer Products India,3.7,(345),1.4k,11,--,33,--
Cadence Design Systems,3.8,(348),3.1k,69,205,39,--
TP Central Odisha Distribution,3.7,(351),992,43,2,19,3
Sphinx Worldbiz,3.5,(346),1.5k,41,--,15,1
Sigmoid,3.7,(345),2.7k,91,49,19,10
Sphinx Worldbiz,3.5,(346),1.5k,41,--,15,1
UCO Bank,3.6,(345),959,20,--,38,3
Pfizer Products India,3.7,(345),1.4k,11,--,33,--
Tumbledry Solutions,4.4,(345),425,52,2,82,--
Banco Products,3.5,(347),1.7k,20,1,23,--
Himedia Laboratories,4.0,(344),1.3k,84,1,16,8
Minda Kosei Aluminum Wheel,4.1,(344),1k,25,--,25,--
Cohizon Life Sciences Limited,3.5,(344),1.7k,26,2,16,--
Opkey,4.5,(344),617,26,23,226,--
Gi Group,3.7,(346),1.3k,20,--,28,3
Maharashtra Hybrid Seed Company,4.0,(349),910,10,1,34,3
Mahindra Truck and Bus,3.7,(346),1.1k,13,--,4,--
Softcell Technologies,3.7,(344),2k,25,8,21,--
Indus Valley Partners,2.8,(344),2.8k,66,3,51,8
Entab Infotech,3.1,(344),1.1k,35,3,30,--
Hitech Digital Solutions,3.8,(344),1.6k,30,35,31,12
Country Holidays Inn & Suites,4.2,(343),149,113,--,167,3
Hyundai Construction Equipment,4.2,(343),1.5k,23,2,39,1
"Ministry Of Health, New Delhi",3.8,(344),910,18,--,30,--
Labcorp,4.1,(345),2.3k,46,10,41,9
Country Holidays Inn & Suites,4.2,(343),149,113,--,167,3
Aabasoft,4.1,(343),822,50,49,104,9
Hyundai Construction Equipment,4.2,(343),1.5k,23,2,39,1
Fluentgrid,3.5,(343),1.7k,28,16,30,--
Inventia Healthcare,3.9,(343),1.8k,16,3,27,--
Lincoln Pharmaceuticals,3.4,(342),1.4k,21,--,27,--
Savex Technologies,4.0,(344),1.4k,17,1,24,--
Adani Energy Solutions,3.7,(349),1.3k,26,676,18,--
Essar Projects India,3.9,(342),759,10,--,51,--
Dvara KGFS,3.8,(350),1k,20,1,28,2
Evelyn Learning Systems,3.9,(342),848,38,2,86,6
Navneet Education,4.0,(342),1.4k,16,--,23,--
Oriental Aromatics,3.8,(342),1.5k,42,23,51,--
Technicolor,3.5,(342),1.9k,26,--,45,--
Indovance Inc,4.3,(342),662,71,39,69,78
Greentech Industries,3.6,(342),1.2k,17,--,37,--
IIC Technologies,3.6,(342),1k,15,--,32,1
Vasan Eye Care Hospitals,3.8,(341),764,6,--,25,--
Jaiprakash Power Ventures,4.1,(341),1.2k,32,--,15,8
Aristocrat,3.5,(341),2.5k,69,72,33,--
Nitco,4.0,(341),1.3k,12,27,29,--
Easy Home Finance,4.5,(341),553,59,10,38,8
Veolia Water Technologies,4.2,(341),1.4k,25,50,24,1
Ck Birla Hospitals,3.9,(340),1.2k,15,--,23,2
MNC Group,4.2,(340),1.8k,143,4,55,--
AAJ Supply Chain Management,3.9,(340),802,50,6,23,--
Harsha Engineers,4.0,(341),1.6k,34,--,42,1
Luxor Writing Instruments,3.5,(341),1.1k,13,2,26,--
AXIS MY INDIA,3.8,(340),509,20,5,12,--
Ubisoft Entertainment,3.6,(340),2k,40,6,52,--
MIOT INTERNATIONAL,3.5,(340),1.3k,20,25,17,3
Adani Gas,3.1,(339),1.4k,36,--,34,1
Tata Play Fiber,3.8,(339),1.3k,19,14,19,--
R&R Limousine And Bus,4.0,(339),145,--,--,62,--
Infiniti Software Solutions,4.4,(339),608,113,12,15,55
ESIC HOSPITAL,4.1,(345),958,14,--,21,1
Ratnamani Metals and Tubes,4.2,(344),1.3k,15,12,33,--
Rooman Technologies,3.6,(339),793,14,45,18,--
CareEdge Ratings,3.1,(339),1.7k,22,1,20,--
Rajsriya Automotive Industries,3.2,(339),1.2k,19,11,22,1
CareEdge Ratings,3.1,(339),1.7k,22,1,20,--
Bharat IT Services,3.5,(343),1.1k,20,--,7,3
DEC Infra,3.7,(340),1.3k,31,--,21,6
Louis Philippe,4.4,(339),760,14,--,27,2
Alkyl Amines,4.0,(338),1.4k,15,9,36,--
MobileComm Technologies India,3.9,(340),1.1k,18,--,28,--
Peregrine Guarding,4.0,(338),884,15,--,21,2
Sub-K IMPACT Solutions,4.1,(338),839,29,6,28,--
Piramal Foundation,4.2,(338),841,18,--,23,1
Cardinal Health,4.3,(338),1.3k,54,9,39,--
"Nitor Infotech, an Ascendion company",3.8,(338),2.1k,53,19,16,297
IndusInd Securities,3.7,(338),1k,23,--,2,--
Novel Office,4.0,(338),776,71,33,59,12
LCC Projects,4.3,(338),892,34,--,16,2
OneBanc Technologies,4.8,(338),225,43,2,82,20
Biz 2 Credit Info Services,3.4,(338),1.3k,32,15,53,33
Genisys Group,3.6,(338),1.4k,21,25,4,1
AI Variant,4.2,(347),1.5k,39,--,10,--
IQ BackOffice,3.5,(337),1.6k,17,1,27,1
MTR Foods,3.9,(337),1.1k,26,--,23,--
Bombay Intelligence Security,4.2,(337),724,26,13,45,--
Zydus Hospital,4.3,(337),1.1k,15,176,35,--
SAR Group,3.7,(337),1.4k,13,--,29,7
Sundaram Motors,3.9,(337),1.2k,8,5,19,--
KJS Cement,3.5,(337),1.2k,27,--,23,2
Ms Agarwal Foundries,4.1,(337),944,35,1,11,8
Boehringer-Ingelheim,4.0,(337),1.1k,15,32,29,--
Kusum Healthcare,4.0,(343),1.3k,16,3,34,7
You Broadband,3.6,(336),987,17,--,25,--
ZIM Laboratories,3.0,(336),1.4k,14,5,34,8
Narula Infrastructure,3.6,(336),713,21,1,14,--
VSoft Technologies,3.1,(336),1.5k,14,--,12,--
Agility,4.0,(335),1.2k,12,2,51,--
SR Fast Connect Staffing,4.5,(338),24,112,--,87,--
Innover Digital,4.3,(343),840,23,--,10,78
Kent plc,4.1,(339),788,25,36,6,--
Taal Tech India,3.9,(334),1.6k,24,24,19,15
MARK EXHAUST SYSTEMS,4.2,(335),1.1k,21,--,25,3
Alicon Castalloy,3.5,(335),1.2k,12,6,29,--
Tenon Facility Management,3.6,(337),1.1k,23,--,19,--
K R Mangalam University,4.5,(334),483,80,--,31,1
Emmvee Photovoltaic Power,3.4,(334),1.2k,21,5,16,--
Silverskills,3.3,(334),1.1k,31,7,24,1
Centre for Good Governance,4.1,(334),668,119,--,125,1
BOLD Technology Systems,2.9,(334),1.8k,53,28,31,11
Manba Finance Limited,3.9,(334),953,15,2,5,2
Tenon Facility Management,3.6,(337),1.1k,23,--,19,--
Internshala,3.7,(335),1k,64,--,18,4
Laser Power & Infra,3.5,(334),1.1k,22,1,21,--
Lapiz Digital Services,4.1,(334),1.2k,80,6,74,--
Rao IIT Academy,3.5,(333),497,9,--,75,--
Sureti Insurance Marketing,3.2,(333),163,64,--,12,1
Arya Omnitalk,3.6,(337),1k,20,8,8,1
Cox & Kings,3.3,(333),950,7,--,44,--
CQRA,4.3,(333),933,22,11,20,--
Mirza International,3.4,(333),1.1k,9,9,27,--
JSW Steel Coated Products,3.8,(333),1.2k,30,--,14,--
Aksentt Tech Services,4.3,(333),439,155,1,12,1
Jaguar Land Rover,3.9,(333),1.9k,32,7,25,5
Kubota Agricultural Machinery India,4.2,(335),1.3k,21,7,31,3
Zeta,3.0,(339),3.4k,83,22,25,4
Honda India Power Products,4.2,(333),1.1k,28,1,29,2
SEABIRD LOGISOLUTIONS,3.9,(333),1.2k,21,5,27,--
Cactus Communications,3.3,(333),1.8k,56,29,36,11
Deepak Phenolics,4.4,(339),1.7k,27,--,34,4
BIC Cello,4.0,(332),1k,11,1,22,5
Ozone Pharmaceuticals,3.7,(332),1k,17,2,21,--
DynPro,3.7,(332),1.5k,37,--,9,--
Renom Energy Services,4.1,(332),1k,22,2,18,--
Sakon,2.7,(333),2k,38,3,22,4
Swastika Investmart,3.6,(332),1.1k,15,10,12,--
Altera Digital Health,2.9,(332),1.9k,35,117,9,--
TAJSATS AIR CATERING,4.0,(332),1.1k,18,14,40,--
ITM Group of Institutions,3.3,(332),1.2k,21,6,23,--
Victora Tool Engineers,3.7,(333),1.2k,11,--,34,--
Ordnance Factory,4.2,(331),636,14,7,24,1
Mirafra Technologies,3.6,(331),3.2k,63,77,16,--
Robosoft Technologies,3.4,(331),2.3k,45,14,15,71
Walsons Facility Solutions,3.8,(331),1.3k,13,--,29,--
Telecom Network Solutions,4.2,(333),1.1k,14,--,24,1
Cliantha Research,3.9,(332),1.3k,21,6,28,--
Kuwait National Petroleum Company,4.2,(331),1k,22,--,39,--
ProConnect Integrated Logistics,3.5,(331),1.4k,12,2,23,2
Walsons Facility Solutions,3.8,(331),1.3k,13,--,29,--
ETA Engineering,3.2,(330),824,10,1,34,--
SVC Co-Operative Bank,3.8,(333),1.4k,18,12,28,--
Massmutual Global Business Services,3.9,(339),2k,10,6,7,--
Frigorifico Allana,4.0,(330),1.1k,14,--,37,--
Arzooo.com,2.7,(330),1.2k,25,--,12,--
Gleneagles Hospital,3.7,(330),1k,15,--,26,--
Cameo Corporate Services,3.2,(331),1.3k,18,10,14,--
Creative Hands HR Consultancy,4.2,(330),220,50,--,50,--
Highway Industries,4.0,(330),1.3k,22,3,27,--
East African (I) Overseas Dehradun,4.1,(330),789,120,4,52,--
Sheraton Hotels and Resorts,3.8,(330),661,10,--,31,--
Laxmi Civil Engineering Services,4.0,(336),876,17,--,25,--
Radiant Cash Management Services,3.3,(330),1k,12,--,9,1
ClaySys,3.7,(329),1k,77,9,3,10
Ahresty India,3.8,(329),1.2k,26,--,19,--
Ninestars Information Technologies Pvt. Ltd,3.3,(329),1.6k,26,1,15,--
Laxmi Civil Engineering Services,4.0,(336),876,17,--,25,--
Radiant Cash Management Services,3.3,(330),1k,12,--,9,1
Ninestars Information Technologies Pvt. Ltd,3.3,(329),1.6k,26,1,15,--
ClaySys,3.7,(329),1k,77,9,3,10
Transworld Systems,3.0,(329),1.5k,6,1,12,--
The Indian Hume Pipe Co.,3.9,(331),983,23,2,27,--
Siti Networks,3.9,(331),1k,11,--,25,--
Jorie Healthcare,3.8,(328),490,10,--,5,--
Aujas Cybersecurity-NuSummit company,3.7,(328),2.2k,29,22,9,168
Netsmartz Infotech,3.7,(328),1.4k,32,1,21,--
Jodas Expoim,3.2,(327),1.3k,27,11,18,--
Stellantis Avtec Powertrain,3.6,(332),1.4k,15,--,21,4
Hindustan Times,3.1,(328),2.1k,18,2,35,--
Resurgent India,3.7,(328),571,5,5,74,15
TIBCO Software,3.7,(328),3.3k,48,3,52,12
LatentView Analytics,3.3,(329),3.4k,76,24,22,--
Molecular Connections,3.1,(328),1.4k,22,3,22,13
ITC ABD,3.7,(328),1.2k,17,--,23,--
SGT University,3.6,(328),1.1k,23,13,19,3
Bharat Wire Ropes,3.6,(327),1.4k,46,16,13,--
GMR Energy,3.8,(327),1.1k,20,--,41,2
ArcGate,2.7,(327),1.2k,26,34,23,3
Alf Engineering,4.0,(327),1.4k,33,17,20,--
Vilas Javdekar Developers,3.8,(327),1.4k,37,17,12,--
UNITILE,4.5,(327),400,44,11,93,59
Moody's Analytics,4.0,(327),2.5k,24,12,22,--
Pulse Pharmaceuticals,3.4,(327),949,16,7,28,23
Goldmedal Electricals,3.6,(334),1.3k,18,7,8,4
DRA Homes,4.5,(326),382,57,12,18,168
Military Engineer Services,4.6,(330),690,13,--,33,--
Elico Healthcare Services,3.1,(327),930,22,5,25,4
Prepca Eduserv,4.0,(326),190,100,--,21,6
Danone Foods Beverages,3.5,(326),1.3k,15,1,20,6
Arabian Construction Company,3.0,(326),844,28,--,30,--
LANXESS India Private Limited,4.1,(326),1.2k,23,1,48,4
360 Degree Cloud Technologies,3.9,(326),1.5k,87,14,21,8
T R Chadha & Co Llp,3.4,(326),1.3k,22,10,19,--
Bnp Paribas Securities,3.8,(326),1.9k,13,--,34,--
Money View,4.1,(327),1.7k,37,22,10,--
Manipal Technologies,3.8,(325),1.9k,13,11,37,--
Doha Petroleum Construction Company,3.9,(325),694,26,--,13,--
Amrutanjan Health Care,3.8,(325),713,25,2,23,--
Manipal Technologies,3.8,(325),1.9k,13,11,37,--
Gaja Engineering,4.2,(325),1.2k,31,15,42,1
Gawar Construction,4.1,(325),907,18,--,22,--
Dainik Jagran,3.3,(325),1.2k,14,--,25,--
State Bank Operations Support Services,3.5,(336),479,24,2,3,7
Equinox Labs,3.9,(324),964,46,34,23,--
Hero Vired,4.5,(324),596,15,10,29,--
Aspiro Pharma,3.7,(324),1.1k,16,1,22,--
Ruby Hall Clinic,4.0,(324),1k,16,--,28,--
Van Heusen,4.1,(324),712,20,--,28,3
Nimbus Harbor Facilities Management,4.1,(324),955,16,--,18,--
Mindteck,2.8,(324),2.3k,26,23,22,--
Themis Medicare,3.6,(324),1.1k,15,4,14,--
Vinati Organics,3.8,(324),1.6k,17,4,21,--
Embee Software,3.6,(324),1.4k,9,--,15,5
CG Foods,3.5,(324),2.1k,13,10,20,2
Dyninno India,4.0,(324),689,41,7,4,45
Futwork,3.6,(324),323,32,1,5,1
H&R Block,4.2,(323),1.9k,26,1,24,--
IFFCO Kisan Sanchar,3.7,(323),736,26,--,45,--
Stellar Value Chain Solutions,3.7,(323),1.4k,37,--,23,--
Angelique International,4.5,(323),1k,14,1,37,--
MSD Pharmaceuticals,3.7,(323),1.8k,33,45,34,--
Koenig Solutions,3.2,(323),1.1k,39,16,16,--
SAVIC Technologies,3.1,(323),1k,32,--,29,1
Zota Health Care,3.9,(323),1k,38,10,32,--
NatWest Markets,3.8,(323),2.8k,18,--,49,--
SBS,2.4,(323),2.3k,31,1,36,--
Indo Farm Equipment,3.1,(322),943,15,5,24,--
Iconic,3.9,(324),947,35,4,19,2
Western Digital,3.4,(322),3k,55,3,27,2
ARDEM Incorporated,3.9,(327),624,38,10,4,4
Peel-works,3.5,(322),670,10,--,21,--
Iscon Balaji Foods,3.9,(322),1.1k,25,12,9,--
NACL Industries,4.1,(322),1.1k,29,4,23,1
Cyber Infrastructure,3.4,(322),1.4k,41,--,57,9
TIDC India,3.8,(323),1.3k,13,--,31,--
AGI Glaspac,3.7,(321),988,24,--,21,2
Cure foods,3.4,(321),899,20,--,33,--
Gracure Pharmaceuticals,3.1,(321),1.2k,26,4,20,2
Electrical Research & Development Association,3.7,(322),950,19,6,30,1
TIDC India,3.8,(323),1.3k,13,--,31,--
Airbnb,3.6,(321),1.7k,29,9,32,20
HyFun Foods,4.1,(322),1.3k,24,16,18,--
Micro Plastics Private Limited,3.7,(321),1.3k,33,6,29,11
Lernx,3.7,(321),69,56,1,1,--
R L Fine Chem,3.8,(321),1.6k,23,4,29,--
Rucha Engineers,3.8,(322),1.4k,20,--,19,--
Domino Printech India LLP,4.3,(321),869,70,8,22,1
Reliance Consumer Products,3.7,(322),1.1k,16,--,20,--
Sapphire Infocom,4.7,(219),16,167,3,48,--
convergys india services,3.5,(321),1k,29,--,12,--
AltezzaSys,3.8,(320),839,71,10,11,2
Omax Autos,3.8,(320),954,13,--,38,2
Meinhardt Group,3.3,(322),1.3k,15,9,23,13
KEPCO Plant Service & Engineering,3.8,(320),1k,17,2,27,--
ZF India Technology Center,3.6,(321),2.1k,42,98,64,--
Apisero,4.3,(320),2.4k,67,--,34,--
Gemini Solutions,3.5,(320),2.8k,38,5,23,--
Roki Minda Co,4.5,(320),844,10,--,31,--
ATMECS Global,3.3,(322),2.4k,37,--,24,--
Guiltfree Industries,3.5,(319),1k,34,4,13,3
Segula Technologies,3.3,(324),2k,30,45,9,--
MDC Group of Companies,4.8,(319),91,3,7,66,--
HungerBox,3.5,(321),1k,20,8,30,4
ANZ Operations & Technology,3.6,(319),2.6k,33,--,40,--
Miles Education,3.2,(319),801,43,47,165,1
Sabre,3.9,(319),2.3k,39,51,37,--
Can-Pack,4.3,(320),1.2k,21,5,41,--
Innoviti Technologies Private Limited,2.9,(319),1.6k,23,5,18,6
Propel Industries,3.6,(319),1.7k,37,27,21,--
Fino Paytech,2.7,(318),553,7,--,35,--
FCI CCM,4.4,(318),597,44,23,30,271
Stashfin,4.5,(318),819,16,10,98,--
Interface Microsystems,3.8,(318),1.6k,38,8,19,--
Bird Worldwide Flight Services,3.5,(318),765,34,4,29,--
Nuclear Power Corporation of India,4.2,(323),1k,33,--,35,3
EnFuse Solutions,3.9,(322),741,42,52,10,1
VVF,3.8,(318),1.4k,14,9,26,--
Stashfin,4.5,(318),819,16,10,98,--
Interface Microsystems,3.8,(318),1.6k,38,8,19,--
Indo Amines,3.4,(318),1.5k,25,11,32,6
Total Environment Building Systems,3.9,(318),1.7k,19,11,11,--
Xylem Water Solutions,3.7,(318),2.2k,30,83,28,--
Junglee Games,4.2,(318),1.8k,51,--,23,6
Bird Worldwide Flight Services,3.5,(318),765,34,4,29,--
SSF PLASTICS,3.5,(318),1.2k,21,3,19,1
Chakr Innovation,3.6,(318),987,45,14,5,1
Orix Auto Infrastructure Services,4.0,(317),944,16,--,27,2
Madina Group,4.4,(318),524,25,--,46,--
Paragon Digital Services,3.2,(317),2k,22,--,29,--
Danske IT,3.6,(317),1.7k,19,--,43,--
Telesonic Networks,3.8,(317),797,8,--,47,--
GlobalStep,2.2,(318),1.8k,33,11,26,2
Airtel DTH Services,4.1,(317),878,30,--,42,--
Manappuram Home Finance,3.9,(317),950,12,1,14,2
Thirumalai Chemicals,3.8,(317),1.4k,23,5,18,12
Yum!,3.8,(317),1.3k,20,22,40,--
Unibic Foods,3.7,(316),1k,15,--,22,--
Gautam Solar,3.9,(316),805,31,2,12,3
LetsTransport,3.7,(316),1.2k,25,--,24,6
Tradebulls,2.8,(316),1.3k,24,22,15,--
Competent Software,3.1,(317),504,7,5,33,--
Signutra (Health & Nutrition Division of Win - Medicare Pvt Ltd),4.3,(318),460,17,--,11,1
Smaaash Entertainment,4.1,(316),756,33,--,30,--
Edureka,3.7,(316),1.4k,40,5,21,11
Brinton Pharmaceuticals,4.5,(316),603,40,--,72,1
Integra Global Solutions,3.5,(316),1.5k,33,27,3,--
Pitney Bowes,3.8,(316),2k,23,10,33,--
Meitra Hospital,4.5,(316),372,15,--,8,2
QDegrees,3.2,(316),1.1k,19,20,19,43
Checkmate Services,4.0,(316),885,19,1,17,2
Amcor Flexibles India,3.8,(317),1.3k,14,2,34,--
GSH Group,4.1,(316),987,11,--,35,--
Stelmec,3.2,(316),1.4k,35,3,18,--
Perkins,4.2,(316),1.1k,13,4,25,--
Markelytics Solutions,4.5,(315),354,2,5,60,--
Wirtgen India,4.2,(318),1.2k,19,6,31,--
Spm Autocomp,3.7,(319),1.2k,24,1,20,1
Ratnadeep Retail,4.1,(316),1k,22,9,22,1
Rheinmetall Automotive,3.9,(315),1.2k,25,14,36,6
Azure Power,4.0,(315),1.2k,24,13,36,--
FUJIFILM,3.9,(315),1.2k,16,--,30,--
Tata Marcopolo Motors,3.8,(315),1k,20,8,36,--
Lee Pharma,3.3,(318),1.4k,20,3,21,--
Markelytics Solutions,4.5,(315),354,2,5,60,--
InsanelyGood,4.0,(315),1.2k,20,--,35,--
Hinduja Finance,3.8,(316),957,13,--,16,1
Wirtgen India,4.2,(318),1.2k,19,6,31,--
Bhandari Automobiles,3.7,(316),911,16,--,19,--
Munjal Kiriu Industries,3.7,(315),885,16,1,21,--
Efftronics Systems,2.9,(315),958,58,17,30,2
Garware Technical Fibres,3.6,(315),1.4k,18,12,32,--
Balajee Group,3.7,(315),936,14,6,19,--
Fleetx.io,3.1,(315),1.4k,37,11,12,--
Highbar Technocrat,4.0,(314),1.2k,36,2,22,--
Siegwerk,3.9,(314),1.1k,22,--,31,3
ecare India,3.8,(314),1.3k,18,22,25,--
RNF Technologies,2.9,(314),1.3k,39,2,60,--
DigiTech Call System,2.6,(314),856,31,--,6,--
ANI INTEGRATED SERVICES,3.4,(323),1.1k,21,--,12,10
Royal Research,3.4,(315),473,50,--,47,2
Incture Technologies,2.7,(314),2.7k,60,14,19,4
Gammon Engineers And Contractors,4.0,(314),1.1k,23,1,27,1
SS Supply Chain Solutions,3.4,(314),1.1k,15,22,58,--
Bony Polymers,3.7,(314),1.2k,15,--,26,--
THE GUARDIANS Real Estate Advisory,3.5,(315),1.3k,28,20,12,--
Tata ClassEdge,3.3,(314),937,16,10,33,--
ICRA,3.2,(313),1.7k,31,4,34,--
Ciron Drugs & Pharmaceuticals,3.1,(313),1.4k,26,5,45,3
BMW,4.0,(313),1.8k,24,--,24,--
Fujitec,3.8,(313),1.4k,12,5,17,--
Automotive Axles,3.9,(313),1k,6,--,19,--
Woodland,3.2,(313),929,14,--,18,--
MN Dastur & Company,3.8,(313),760,12,1,44,--
Toyota Tsusho,3.8,(313),1.6k,16,3,28,--
Ummeed Housing Finance,4.0,(312),1.2k,13,1,17,--
BCT Consulting Private Limited,3.7,(313),1.3k,44,--,5,11
Ummeed Housing Finance,4.0,(312),1.2k,13,1,17,--
Business Integrity Services,4.2,(312),594,58,1,7,1
Ang India,3.5,(312),986,32,2,18,3
POSCO MAHARASHTRA STEEL,4.3,(312),1.4k,18,--,39,--
Trelleborg,3.6,(312),1.7k,22,6,41,--
BCT Consulting Private Limited,3.7,(313),1.3k,44,--,5,11
NVH India Auto Parts,3.3,(311),1.2k,15,2,48,1
Konica Minolta Business Solutions India Pvt. Ltd.,4.0,(310),1.2k,41,8,36,21
Slr Metaliks,4.0,(311),1.1k,24,2,31,--
Tata Memorial Centre,4.1,(312),1.1k,11,--,12,--
Nippon Audiotronix,3.4,(312),1.2k,17,--,28,3
British Biologicals,3.0,(313),757,21,--,19,--
TATWA Technologies,3.3,(312),893,17,11,16,--
Autodesk,3.9,(311),3.3k,50,1,26,10
SHV Energy,3.8,(311),1.2k,18,20,29,--
Mas Callnet,2.8,(311),883,22,39,12,3
TJSB Sahakari Bank,3.7,(311),1.3k,23,1,23,--
Crescent Foundry,3.8,(311),1.1k,37,17,19,2
Utthunga Technologies,2.8,(311),2.2k,41,62,22,--
IT By Design,3.0,(311),1.6k,45,4,10,4
Emerald Jewel Industry India,3.7,(311),1.6k,20,--,21,--
Crescent Foundry,3.8,(311),1.1k,37,17,19,2
Wika Instruments India,4.0,(311),1.3k,23,25,13,11
Karvy Financial Services,3.9,(310),1.2k,12,--,29,--
Arena Animation,3.5,(310),1k,22,6,22,1
Vserv Infosystems,3.5,(311),1.2k,18,--,5,1
Aurigene Oncology Limited,4.2,(310),1.1k,21,1,31,5
Inlead Electronics,4.0,(312),955,12,--,40,--
MTAR Technologies,3.9,(310),1.3k,24,1,9,4
Mukand Limited,3.6,(310),1.3k,15,16,35,81
Peter England,4.0,(311),753,11,--,25,7
McAfee,3.6,(310),2.8k,35,2,49,6
Murugappa Group,3.9,(310),1.4k,21,--,35,5
Smart Value Products And Services,4.0,(310),632,17,--,40,11
Shreya Life Sciences,3.9,(310),646,13,1,22,--
Hardcastle Restaurants,3.7,(310),862,18,5,30,--
Joyson Safety Systems,4.0,(310),1.2k,21,--,24,--
OneAssist Consumer Solutions,4.0,(310),1.2k,25,1,23,16
Kalinga Commercial Corporation,3.6,(316),922,32,--,7,--
Thomson Digital,3.7,(310),758,35,2,16,--
Asort Company,3.9,(309),422,23,--,8,1
Quintessence Business Solutions & Services,3.8,(311),993,9,--,110,--
Virtusa Software Services,3.5,(314),2.9k,51,--,18,--
Thomson Digital,3.7,(310),758,35,2,16,--
Kalinga Commercial Corporation,3.6,(316),922,32,--,7,--
Verse Innovation,3.4,(309),1.6k,32,--,23,--
Banswara Syntex,3.8,(309),1k,9,12,18,4
Rochem Separation Systems,3.7,(309),1.3k,21,--,25,--
National Institute for Smart Government,3.7,(309),1.7k,30,87,15,2
Cavisson Systems,2.2,(309),1.6k,23,5,31,--
ARCADIS,4.1,(311),1.9k,37,114,41,7
Amnex Infotechnologies,3.9,(309),1.2k,42,6,22,2
Advance India Projects,4.3,(309),1k,58,20,19,--
BYJU'S Exam Prep,3.7,(307),1.1k,25,--,29,11
Lloyds Technology Centre,3.5,(309),3.8k,58,70,11,1
Trigyn Technologies,3.8,(308),1.9k,29,49,16,--
ISMT,3.8,(310),1.1k,19,--,15,--
KnowledgeHut,4.4,(308),794,12,--,4,--
The Fern Residency,3.8,(310),1k,9,1,16,8
Dotsquares,2.6,(308),2.2k,33,16,10,1
Sam India Built Well,3.4,(308),1k,18,--,10,--
Bajaj Energy,4.3,(308),938,13,8,30,1
Allanasons,3.9,(308),1.1k,22,23,37,1
Ambey Mining,3.3,(308),984,40,11,12,1
Wallace Pharmaceuticals,3.7,(308),814,18,1,36,--
Cogito Tech,2.7,(308),830,37,--,14,2
KHY ELECTRONIC,4.0,(308),980,31,--,21,17
Calpion Software Technologies,3.4,(308),1.8k,25,86,16,11
Hughes Systique Corporation,3.7,(308),2.3k,42,7,32,834
Sv Creditline,3.7,(307),620,9,2,17,6
OSB India,3.5,(307),1.3k,35,14,19,29
Knowledge Splice Services pvt ltd.,3.0,(307),1.3k,17,2,14,--
STYLAM Industries,3.5,(307),1.2k,16,8,13,1
Annora Pharma,3.8,(307),1.1k,40,--,17,2
Unicorn Infosolutions,3.2,(307),1.1k,16,7,14,--
MSPL,4.2,(307),1.3k,31,3,23,3
Techno Electric & Engineering Company,3.9,(307),1.1k,20,3,26,8
BHIVE Workspace,4.6,(307),447,116,23,71,19
Indira Gandhi International Airport,3.8,(307),843,15,--,15,2
Black Box Limited,2.8,(307),1.9k,24,88,13,15
Msi Services,3.9,(307),1k,55,25,8,--
Milky Mist Dairy Food,3.9,(307),1.3k,26,--,11,4
NOVO Medisciences,4.1,(307),495,50,19,57,--
Sakata Inx,3.9,(309),1.2k,16,1,23,--
Amrita Institute of Medical Sciences and Research,3.9,(306),1.1k,10,--,22,--
Diya Systems,3.2,(306),1.2k,23,--,48,--
Dee Vee Projects,3.7,(308),958,14,--,33,3
Nissin Brake,4.3,(306),754,12,--,53,--
Onida,3.5,(306),885,10,--,24,--
Trackon Courier,3.5,(308),1.1k,14,2,14,--
Yatharth Hospital,3.8,(310),1.1k,18,4,7,--
Nilons Enterprises,3.9,(309),969,19,1,39,--
Katerra,3.5,(306),1.8k,22,--,43,--
Karuna Management Services,3.4,(306),456,25,10,7,1
Jayashree Polymers,3.7,(306),1.4k,24,7,23,1
Hamleys,3.8,(306),674,21,--,36,11
Ocrolus East,3.2,(306),947,28,5,16,--
Blenheim Chalcot,2.7,(306),1.6k,53,3,7,69
NAFFCO,3.2,(306),810,26,--,35,--
HostBooks,3.0,(306),688,20,--,13,26
Hudson's Bay Company,3.9,(306),1.9k,26,--,26,--
Bandhan KOnnagar,3.3,(306),682,24,--,25,9
Softtek,3.9,(306),2k,24,12,29,9
Global Opportunities,4.1,(306),535,40,--,11,1
Ador Welding,3.9,(305),1.1k,13,6,33,--
Tommy Hilfiger,3.8,(305),822,19,--,25,--
Della Adventure Resort,4.2,(305),801,21,13,25,--
Soma Enterprises,4.5,(307),753,7,--,49,2
Suburban Diagnostics,3.9,(306),1k,11,--,27,--
Danfoss Power Solutions,3.9,(305),1.2k,13,--,22,--
Jbm Auto Components,3.7,(306),1.2k,32,97,26,1
Impelsys,3.0,(306),2.4k,33,27,25,--
Veer-O-- Metals,4.1,(305),1.3k,17,--,24,3
Nature's Basket,3.6,(305),958,17,--,30,--
Metric Stream Infotech,3.2,(304),2.1k,19,--,39,--
Bharat Dynamics,4.5,(304),701,12,--,44,--
Presto Infosolutions,2.8,(305),1.1k,18,--,12,6
Eye-Q Super Speciality Eye Hospitals,3.4,(304),664,15,2,15,--
Shyam Indus Power Solutions,3.8,(304),973,25,--,31,3
Kaleesuwari Refinery,4.0,(304),1.1k,15,1,12,5
Uniqlo,2.7,(304),773,35,3,22,1
ScoreMe Solutions,3.1,(307),499,9,--,105,--
Home Centre,3.8,(309),1.2k,20,--,25,--
Citrix,3.2,(304),2.5k,54,--,34,11
Shyam Indus Power Solutions,3.8,(304),973,25,--,31,3
Boston Scientific,4.0,(304),1.9k,26,5,24,--
FOX Solutions,3.7,(304),1.2k,37,12,19,5
J.M Baxi & Co,3.8,(304),1.2k,19,10,26,3
ICFAI Business School,3.3,(305),1k,30,14,21,1
Pepe Jeans,4.0,(304),921,12,1,37,--
Vcs Quality Services,3.8,(304),961,21,--,33,--
Kaleesuwari Refinery,4.0,(304),1.1k,15,1,12,5
Anand Rathi Share and Stock Brokers Ltd,3.4,(304),2.2k,27,160,29,--
CPM India Sales & Marketing,4.1,(304),990,14,--,29,--
ICICI Direct,4.1,(303),1.3k,28,--,25,--
Online Legal India,4.4,(303),58,25,--,25,8
Suntory Global Spirits India,4.0,(303),1.1k,18,4,19,--
Star Wire India,4.1,(308),1.2k,21,--,15,--
Worldline Global Services,3.8,(306),2k,27,6,47,--
Infineon Technologies,3.7,(302),2.8k,49,122,23,6
Solartis Technology Services,3.5,(303),1.9k,34,--,20,--
Drydocks World Dubai,3.9,(303),613,23,--,25,--
Online Legal India,4.4,(303),58,25,--,25,8
CPM India Sales & Marketing,4.1,(304),990,14,--,29,--
Saregama India,3.9,(303),935,9,--,22,15
Vision Rx Lab,3.9,(304),1k,15,--,19,1
Phoenix Contact,4.0,(303),1.5k,27,5,24,1
Petrocon Engineers & Consultants,3.6,(315),1.1k,31,17,9,--
Riviera Infraprojects,4.1,(303),854,15,3,12,1
Velnik India,3.1,(306),1.1k,26,3,22,1
ABP Group,3.4,(302),1.3k,8,--,42,--
Vanderlande Industries,3.8,(302),1.8k,26,2,32,--
Apparel Group India Private Limited,3.6,(303),1.7k,28,7,31,2
Samarth LifeSciences,3.5,(302),931,21,5,18,2
Delhi Duty Free Services,3.7,(302),1k,16,2,31,--
Wartsila,4.1,(303),849,11,94,47,--
Healthium Medtech,3.5,(303),1.3k,25,63,19,2
1K Networks,3.3,(302),1.2k,25,--,18,--
Servotech Renewable Power System Ltd.,3.5,(302),766,29,17,14,9
Cholamandalam MS Risk Services,3.6,(302),884,26,12,22,1
Bacancy Technology,3.9,(302),1.3k,69,26,9,--
Vialto Partners,2.9,(301),1.7k,40,30,5,--
SpeedLabs,4.3,(302),449,49,10,42,--
NTF Group,4.0,(309),1.2k,25,2,3,3
Lanco Infratech,4.2,(301),651,3,--,46,--
First Flight Couriers,4.4,(302),491,8,32,26,--
Eastern Software Solutions Pvt. Ltd,3.9,(301),1k,20,--,23,40
Tablets (India),3.8,(301),877,23,111,22,--
Southern Petrochemical Industries Corporation,3.5,(301),1.5k,26,--,31,--
International Flavors & Fragrances,3.8,(301),1.9k,23,64,23,--
Gap,3.6,(301),2.1k,37,5,27,--
Nexval Infotech,2.7,(301),946,12,--,32,--
Orient Paper Mill,4.5,(301),680,20,--,16,3
Apollo Diagnostics,4.0,(303),877,18,--,15,--
AIS Glass Solutions,3.6,(303),1.3k,28,--,42,--
Spectranet,3.7,(303),1.3k,22,--,22,--
Kd Logistics,3.6,(301),998,22,--,25,--
Rays Power Infra,4.1,(301),754,28,4,24,7
Property Solutions,3.8,(301),1.4k,8,30,10,--
Centific,3.4,(301),1.8k,25,45,2,7
Bonn Group,3.8,(301),1.1k,17,--,23,--
Decorpot,2.8,(302),1.2k,30,59,25,5
HYUNDAI TRANSYS INDIA,3.8,(301),1.5k,20,3,23,--
Centillion Networks,3.7,(301),1.9k,35,1,6,5
kipi.ai,3.7,(301),1.4k,63,--,6,1
Varmora Granito,4.0,(303),865,14,2,22,--
Freelancer.com,4.1,(300),43.2k,85,36,12,--
Tata Green Batteries,,,--,--,--,--,--
HM Group,4.5,(301),428,38,--,7,--
SMR Automotive Systems India,3.8,(299),1.3k,9,2,24,--
JMR Infotech,4.1,(300),1.1k,35,5,26,3
Atul Auto,3.7,(300),1.3k,28,3,24,1
Dover India,3.8,(300),2.3k,37,33,23,17
I P Integrated Services,3.8,(300),867,13,--,25,2
SasMos HET Technologies,3.5,(300),1.5k,19,6,16,--
Altruist Customer Management India,4.0,(299),987,40,--,19,--
HyScaler,4.3,(299),267,104,31,84,18
Lumax Auto Technologies Ltd,4.2,(299),1.3k,15,5,9,--
Shriram Chits,3.8,(300),698,12,--,13,1
Pitambari Products,4.2,(299),1k,13,--,25,2
Busibud,3.5,(299),129,43,--,7,--
Altruist Customer Management India,4.0,(299),987,40,--,19,--
HyScaler,4.3,(299),267,104,31,84,18
SHL,3.4,(299),2.1k,19,5,33,5
Credit Saison India,3.7,(299),1.6k,16,19,5,--
Adani Realty,3.7,(299),1.8k,28,--,15,1
Chain-Sys,3.0,(299),2.4k,23,--,20,1
Popular Vehicles and Services,3.9,(298),1.3k,9,8,24,1
Nippon Express,3.8,(298),1.3k,12,--,22,1
Meghalaya Cements,4.2,(300),1k,28,--,33,--
Essae Teraoka,3.5,(298),882,11,31,41,--
Arrow Electronics,4.1,(298),1.6k,82,3,6,10
Calsonic Kansei Motherson Auto Products,4.0,(298),1.1k,16,--,32,--
Four Points By Sheraton,4.1,(298),701,10,--,39,--
Fexprime Finance,4.5,(298),700,7,--,25,--
Malladi Drugs & Pharmaceuticals,3.6,(298),1.4k,27,3,24,--
Doubtnut,3.4,(297),1.1k,39,--,27,3
Kangaro Industries,3.5,(300),1k,16,11,17,--
Qualys,3.4,(298),2.7k,51,3,11,--
Mindfire Solutions,3.9,(297),1.7k,48,9,38,--
Kelly Services,4.0,(297),1.2k,18,--,39,7
Microsense,3.6,(297),1.1k,24,--,29,--
IDP IELTS,3.3,(297),1.7k,16,--,9,--
greytHR,3.9,(311),1.3k,44,3,22,12
Avanze Technologies,3.5,(297),1.3k,35,--,11,11
Ahana Systems & Solutions,3.7,(298),1.5k,27,8,21,21
Cremica Food Industries,3.7,(297),1k,15,--,21,--
INDIAN PUBLIC SCHOOL,3.8,(297),1.1k,21,16,32,--
American Express Global Business Travel,4.0,(297),2k,20,91,28,2
Indian Molasses Company,3.8,(297),1.4k,29,20,29,--
Fourrts,4.2,(297),796,16,3,25,1
STT Global Data Centres India,3.9,(297),1.2k,18,--,19,--
Jspiders,3.6,(297),654,22,--,4,--
Cholamandalam Securities,3.6,(299),818,12,13,13,1
Sanghvi Movers,4.4,(298),728,47,7,16,11
RACL Geartech,4.2,(300),910,22,6,11,2
ERA Group,3.7,(296),556,6,7,25,--
Bhash Software Labs,4.5,(296),164,43,2,25,--
MetroTelworks,3.7,(296),769,16,--,36,--
Gupshup,2.9,(296),2.1k,35,1,8,1
Keka Technologies,3.1,(296),2k,53,44,14,--
ERA Group,3.7,(296),556,6,7,25,--
Bhash Software Labs,4.5,(296),164,43,2,25,--
FICO,3.2,(296),2.4k,48,10,44,8
Rimjhim Ispat,3.5,(296),759,12,4,7,--
Shivalaya Construction,4.2,(296),976,13,2,17,5
Levelshift,3.3,(297),1.5k,33,23,29,4
Locuz Enterprise Solutions,3.7,(296),1.5k,23,32,20,2
CGM ARIA Health Services,3.7,(296),607,29,--,10,--
Sigachi Industries,3.8,(297),1.3k,30,6,23,1
Anupam Rasayan India,3.6,(296),1.4k,21,13,17,--
Gupshup,2.9,(296),2.1k,35,1,8,1
iServeU,4.1,(296),1.2k,27,25,4,26
Borgwarner Emission System,3.7,(296),1.6k,14,--,22,--
Personiv,3.7,(295),1.7k,22,1,23,--
Aurangabad Electricals,3.8,(296),1k,13,--,37,--
Hetero Biopharma,3.8,(299),1.1k,19,--,8,--
INDIABULLS PHARMACEUTICALS,3.0,(295),561,13,--,23,--
Keihin Fie,4.4,(295),2.5k,6,--,45,--
Jetking Infotrain,3.8,(295),868,13,1,26,--
HDFC Credila Financial Services,3.7,(295),1.5k,18,--,16,--
Confederation of Indian Industry,3.2,(295),1.5k,24,27,13,--
Immacule Life Sciences,3.2,(296),1.1k,27,--,18,3
INDIABULLS PHARMACEUTICALS,3.0,(295),561,13,--,23,--
Asian Heart Institute,4.2,(295),456,41,37,17,25
Personiv,3.7,(295),1.7k,22,1,23,--
Indian Institute of Science,4.2,(295),1.4k,23,4,17,--
AirAsia,3.3,(295),1.4k,32,5,48,--
NEC Software Solutions,3.8,(295),2.1k,24,12,15,--
MindCraft Software,3.5,(295),2k,31,2,20,--
Indo Count Industries,3.6,(295),1.4k,12,30,16,--
Sunteck Realty,3.4,(295),1.6k,25,18,10,--
Concentrix Catalyst,3.1,(303),2.8k,42,4,6,8
Consolidated Construction Consortium,4.2,(294),759,14,--,38,--
Terex,3.8,(295),1.6k,12,1,30,2
Kirloskar Electric Company,3.8,(294),1.1k,23,7,31,--
Enzene Biosciences,3.8,(294),1.5k,25,3,18,19
Hema Engineering Industries,4.0,(296),1k,14,--,31,--
Sonata Finance,4.0,(294),741,17,--,24,--
EGIS,3.9,(295),1.1k,14,--,22,2
Meenakshi Polymers,3.5,(294),1k,17,--,22,--
Enzene Biosciences,3.8,(294),1.5k,25,3,18,19
PEARCE SERVICES,3.2,(295),1.3k,26,9,11,--
Naandi Foundation,3.7,(294),634,21,--,28,--
Bacardi,3.8,(294),1.1k,21,1,28,--
SUN Mobility,3.9,(294),1.5k,34,1,21,--
Zee Media Corporation,3.3,(294),1.4k,16,--,17,16
Amber,4.0,(294),729,45,3,11,71
TourTravelWorld.Com,4.9,(293),2,107,--,6,16
Powerica,3.7,(293),1.2k,15,3,32,--
LM Wind Power,4.1,(293),1.3k,18,5,29,--
DataTrained,3.4,(293),494,20,--,38,--
Electronic Arts,3.7,(293),2.6k,30,14,13,2
Olyv,4.2,(293),712,161,39,2,--
Superhouse,3.2,(293),1.2k,22,--,25,--
PurpleTalk,3.7,(293),1.6k,33,3,27,--
Everest Fleet,3.0,(293),1.1k,18,4,3,1
Think Future Technologies,4.4,(293),1.1k,55,11,10,16
TimesPro,3.4,(293),1.6k,22,3,11,--
RentoMojo,3.7,(293),1.1k,13,80,20,10
Everest Fleet,3.0,(293),1.1k,18,4,3,1
JM Financial Home Loans,4.0,(293),753,9,2,3,--
Sanmarg Projects,3.8,(299),943,22,7,21,--
Nestaway,3.3,(294),1.4k,24,2,33,1
TowerVision India,4.3,(292),995,17,--,33,--
Shriram Properties,4.0,(292),1.3k,32,3,28,--
Apna,3.2,(292),1.4k,42,--,9,--
Weblink In,4.2,(291),1k,34,--,37,--
Isc Projects,3.8,(301),872,19,1,23,--
Venkateshwar Hospital,3.5,(292),1.1k,19,7,13,--
Polyplex,4.0,(292),1k,10,15,35,--
UBI Services,3.7,(292),760,13,12,4,--
Operational Energy Group India,3.9,(292),947,17,22,26,--
Kisna Diamonds - HK Jewels,3.3,(292),681,25,35,8,2
Eastman Chemical Company,3.8,(292),906,17,4,120,--
Battery Smart,3.3,(293),1k,20,5,3,1
OnProcess Technology,3.8,(291),854,12,--,50,13
Sir Ganga Ram Hospital,4.0,(291),862,11,6,28,--
Data Marshall,3.3,(291),1.4k,13,8,8,--
Roche Diagnostics,3.8,(291),1.5k,34,--,27,--
PaySquare Consultancy,3.7,(291),1.8k,14,8,16,--
WeRize,3.4,(291),1.2k,59,10,40,16
Baoiam Innovations,4.5,(292),44,18,--,10,--
Ribbon Communication,3.9,(292),1.6k,32,2,33,--
Vantive,4.5,(296),384,100,5,20,--
Bihar Rural Livelihoods Promotion Society,3.8,(291),668,16,--,34,3
National Institute of Technology,4.3,(291),1.3k,16,--,14,--
ISS SDB Security Services,4.0,(291),613,5,7,19,--
Radium Creation,3.8,(291),679,9,2,46,1
IPROCESS BUSINESS SOLUTIONS,3.9,(291),682,15,--,7,--
MAN Truck & Bus,2.7,(292),1k,19,--,24,--
Madhu Jayanti International,3.6,(291),758,27,27,32,--
Azad Engineering,3.8,(291),1.3k,20,17,16,1
Armstrong Robotics & Technologies Private Limited,3.8,(291),1.1k,35,10,18,7
Protean eGov Technologies,3.3,(296),1.8k,17,17,4,--
Government of Maharashtra,4.1,(290),1.7k,21,--,23,--
Kosamattam Finance,3.8,(291),840,13,--,15,1
Century Pulp & Paper,3.8,(291),1.2k,27,1,17,--
Amantya Technologies,3.9,(291),1.6k,52,93,17,7
Pfizer Healthcare india pvt lit,3.9,(291),1.2k,25,--,40,--
Amantya Technologies,3.9,(291),1.6k,52,93,17,7
RM Education Solutions,3.2,(291),1.8k,29,11,27,--
Walchandnagar Industries,3.3,(290),1.1k,12,6,29,4
Elcamino Software,3.2,(290),891,24,3,16,--
MMC Infotech Services,3.5,(290),988,28,4,11,--
ARCIS e Services,3.6,(290),698,7,12,15,2
Century Pulp & Paper,3.8,(291),1.2k,27,1,17,--
Essel Mining & Industries,4.0,(290),737,22,--,18,3
Sun TV Network,3.7,(289),1.5k,17,--,23,--
Shakambhari Ispat & Power,3.6,(294),1.1k,27,3,9,--
AvenData GmbH,3.8,(289),619,56,--,5,--
Ajio Business,3.7,(289),536,16,--,9,1
GyanSys Inc,3.1,(288),2.4k,27,43,11,12
InKnowTech,3.0,(289),1.4k,26,--,17,--
ACN Health care,3.2,(289),1.2k,18,3,13,7
Manipal University,3.8,(289),1.3k,34,2,22,--
Smart Chip,4.0,(289),751,14,38,18,1
Synergy Maritime,4.0,(289),1.4k,25,13,12,6
Origo Commodities,3.6,(289),838,16,--,22,--
Taggd,3.8,(289),805,27,4,25,8
Perfios Software Solutions,3.5,(290),2.7k,28,8,15,4
Toyota Material Handling,3.7,(291),1.1k,15,--,30,--
Quantzig,4.5,(289),420,7,1,59,--
Asia-Pacific Institute of Management,3.6,(288),395,19,7,54,--
Star Hospitals,3.9,(288),927,10,--,22,3
Gionee,4.4,(288),296,1,--,53,--
Faber India,4.3,(295),1k,16,--,25,--
Interocean Group,4.3,(290),274,9,4,23,--
Olam Group,3.7,(288),2.9k,42,8,2,--
SKETS Studio,4.0,(288),870,32,2,25,36
Bajaj Hindusthan,4.2,(288),892,14,--,25,1
SMS Limited,4.2,(288),2.5k,14,1,33,--
Tatva Chintan Pharma Chem,3.6,(289),1.2k,21,8,18,--
Arun Excello,4.2,(288),956,29,7,33,--
Befree,3.2,(288),1.5k,57,12,27,5
Nalco water,3.7,(288),1.1k,16,8,30,--
99acres,3.6,(287),1.3k,39,--,26,--
Aqualite India,3.7,(288),950,21,--,13,--
Sentiss Pharma,3.6,(287),1.1k,8,18,38,--
Muthoot Pappachan Group,4.1,(288),923,14,1,15,1
ONPASSIVE,2.5,(287),1.4k,25,--,32,6
99acres,3.6,(287),1.3k,39,--,26,--
Aqualite India,3.7,(288),950,21,--,13,--
Rossell Techsys,4.0,(287),1.5k,9,1,17,--
Steel Infra Solutions,3.5,(287),1k,18,3,4,5
Grauer & Weil (i),3.2,(287),1.3k,18,4,27,--
Regalo Kitchens,4.0,(287),550,58,5,52,--
Technique Control Facility Management,3.7,(287),1k,17,3,14,2
Schneider Electric Infrastructure,4.2,(286),1.3k,8,--,29,--
Enpro Industries,4.3,(286),1.2k,26,--,12,6
BARC,4.4,(286),1k,33,--,24,--
Classplus,3.6,(286),1.7k,33,7,22,3
The Louis Berger Group,4.4,(287),709,19,--,35,--
Shyam Steel Manufacturing,3.5,(286),959,35,--,6,7
JRG Automotive india,3.0,(286),1k,15,--,4,--
Nandan Petrochem,3.7,(286),1.1k,28,10,16,1
Brink's,4.0,(286),691,10,--,29,--
Spectraforce Technologies,2.9,(286),1.4k,28,38,20,5
Alchem International,3.7,(286),976,19,--,18,--
indiagold,4.6,(286),584,46,8,12,6
Mantra Technologies,3.6,(285),771,34,--,17,--
Reliance resQ,3.9,(291),622,14,--,18,--
indiagold,4.6,(286),584,46,8,12,6
Hitachi Astemo Rajasthan Brake Systems,4.3,(285),865,28,--,16,--
Adani Solar,3.6,(285),1k,36,11,113,--
Vacmet India,4.1,(285),1.2k,18,1,31,--
Numerator,3.9,(285),1.5k,48,23,16,8
MM Forgings,3.3,(285),1.5k,18,1,23,--
Vesuvius,3.7,(285),1.2k,16,3,29,--
Ginesys,3.6,(285),754,72,12,9,20
Sumadhura Infracon,4.0,(289),1.4k,22,6,15,--
Forvia,3.6,(289),1.6k,30,4,8,--
Tata nexarc,2.9,(284),1k,31,6,4,--
British Airways,2.9,(285),1.3k,34,--,28,3
Lipi Data Systems,3.7,(284),897,10,8,20,--
Goldstone Cements,3.3,(284),1.2k,23,2,17,7
Trivium Education Services,3.7,(284),881,32,2,25,--
CohnReznick,3.8,(284),1.8k,38,2,15,--
Jeena Sikho Lifecare,3.7,(284),755,33,17,12,6
Century Enka,4.0,(284),955,18,24,22,--
S G Encon,3.5,(284),655,19,1,22,--
MITA,3.9,(284),931,24,--,17,--
Kanwar Enterprises,3.5,(283),1k,19,6,26,--
Vistra Corporate Services,3.5,(284),1.4k,23,--,19,--
Intech Organics,2.9,(284),1.1k,32,2,11,8
Puzzolana Machinery Fabricators,4.2,(284),883,25,--,22,1
Augmont Goldtech,4.7,(284),338,99,21,12,13
Himalaya Opticals,4.3,(288),572,39,3,19,--
Alivira Animal Health,4.0,(283),1k,20,2,24,3
Siddha Group,3.8,(283),930,25,21,14,--
Profectus Capital,4.2,(283),1k,18,--,9,1
CloudFoundation,4.8,(283),176,2,3,8,--
Gallantt Ispat,3.7,(283),799,18,3,8,8
Matter Motor Works,2.9,(283),1.2k,31,11,8,6
Cargo Service Center India,3.8,(283),828,14,2,28,2
Noida Power Company,4.3,(283),1.2k,27,--,25,1
Forbes & Company,3.6,(283),1.2k,20,2,26,--
Strada,3.5,(283),3.3k,25,12,26,2
Roha Dyechem,3.6,(283),1.2k,24,--,12,--
Agappe Diagnostics,4.2,(282),770,38,9,33,11
Riddhi Corporate Services,3.9,(284),850,16,1,17,--
Tata Sikorsky Aerospace,3.7,(282),1.2k,11,--,30,1
Agappe Diagnostics,4.2,(282),770,38,9,33,11
Escalon Business Services,3.9,(282),1.2k,30,7,38,6
Latinem,3.7,(282),780,56,36,6,18
Wishfin,3.2,(282),1.1k,11,7,17,26
Policyboss.com,3.0,(282),1k,12,2,17,2
Valmet,4.0,(282),1.4k,17,34,24,3
Insecticides India,4.0,(282),1.2k,18,3,23,--
Suresh Surana & Associates,3.2,(283),1k,18,11,22,--
Pinkerton,3.6,(282),961,13,37,15,1
Niit Foundation,3.9,(282),691,19,86,28,14
EVRY India,4.4,(282),1.3k,19,3,23,3
Kutch Chemical Industries,3.9,(282),1.2k,21,1,20,2
Stellar Information Technology,3.5,(282),1.2k,27,19,21,40
Al-Yamama Group,3.6,(282),482,16,--,30,2
Ujala Cygnus,3.6,(281),599,19,--,8,--
Arihant Superstructures,4.1,(281),689,46,--,72,--
JP Infra,3.7,(282),1.4k,26,20,26,--
Ambica Steels,3.5,(282),930,31,5,22,1
Naaptol Online Shopping,3.1,(281),942,28,3,35,--
Videocon Industries Ltd.,4.1,(281),857,12,--,16,--
Tata Strive Skill Development Centre,3.9,(281),641,32,2,25,3
Terralogic Software Solutions,2.7,(284),2.1k,35,2,11,--
StudyIn,3.9,(281),741,42,35,4,41
Evonith Value Steels,4.3,(281),689,18,--,22,11
O P Jindal Global University,3.7,(282),934,22,2,22,--
Niine,3.7,(281),759,16,3,16,--
Karnataka Bank,3.7,(280),1.1k,17,--,15,2
Normet,3.9,(280),1.1k,18,5,32,1
Appasamy Associates,3.6,(280),1.2k,13,2,14,--
Girlscript Foundation,4.9,(280),14,73,--,2,--
Accurex Biomedical,4.4,(281),277,81,--,21,42
Yakult Danone India,3.7,(280),774,13,16,27,--
Dynamatic Technologies,3.7,(280),1.4k,16,--,23,--
Walking Tree,3.2,(281),1.4k,30,21,17,9
Caplin Point Laboratories,3.3,(280),1.3k,22,15,14,--
Birla Open Minds Education Private Limited,3.2,(280),793,21,1,17,5
OneCard,3.3,(280),1.5k,27,--,6,3
Medgenome Labs,3.7,(280),1.1k,26,4,20,--
Dynamatic Technologies,3.7,(280),1.4k,16,--,23,--
Flipspaces,3.9,(280),969,18,23,15,1
Credgenics,4.0,(280),1.5k,119,3,24,11
Netafim Irrigation India,4.0,(279),912,14,--,42,--
Seven Hills Hospital,3.8,(279),833,13,5,26,--
Sparsh Hospital,3.8,(280),1.2k,6,63,16,--
Kinetic Engineering,3.4,(279),981,15,15,16,--
Don Bosco School,3.4,(279),590,18,--,14,--
Sgs Tekniks Manufacturing,4.0,(279),1k,19,6,28,--
L&T Realty,3.5,(279),1.2k,14,--,16,--
Winjit Technologies,3.5,(279),2.1k,45,83,17,--
Calderys India Refractories,4.2,(279),1.2k,33,114,15,1
Adonmo,4.4,(279),598,29,--,4,--
Big C,3.8,(279),691,19,4,22,3
P&O Cruises,3.6,(278),348,11,--,37,--
Any Brand,4.1,(278),2.2k,130,--,31,--
Durian Industries,3.6,(283),1.2k,23,9,11,2
AAFT,4.1,(278),523,31,7,19,--
Nalco,4.2,(278),815,27,9,17,9
Sundaram Business Services,3.6,(278),1.1k,14,2,26,--
Oriflame India,4.2,(278),841,18,--,42,--
Applus IDIADA,4.0,(278),713,44,18,20,3
Honasa Consumer,3.6,(278),1.1k,24,4,10,--
East India Udyog,4.0,(278),864,18,4,23,--
ICICI Foundation for Inclusive Growth,3.6,(278),701,19,1,25,1
Snowman Logistics,4.1,(278),1k,15,2,17,--
Expertise Contracting Company,3.5,(277),926,24,--,15,5
PG Electroplast,4.0,(277),1.2k,23,1,12,--
Amazon Distributors,3.7,(277),554,10,--,12,--
Sonalika Group of Companies,3.6,(277),1.3k,24,65,32,8
Utkarsh Classes,4.1,(278),463,13,1,8,8
HiyaMee Private Limited,2.9,(277),1.9k,16,--,11,--
Nilkamal Homes,3.9,(277),753,20,--,19,--
Liberty Shoes,3.7,(277),981,22,1,19,3
Dnata,3.2,(277),930,21,3,30,1
General Energy Management Systems,3.8,(277),1k,20,20,25,--
Tata Boeing Aerospace,3.7,(277),1.4k,14,1,23,--
Sony India Software Centre,3.9,(277),2.2k,38,16,25,2
Gujarat State Fertilizers & Chemicals,4.2,(276),1k,13,--,20,--
Dyson,3.7,(278),1.3k,24,--,17,--
Agilysys Technologies India,3.2,(276),2.7k,61,7,19,--
BuildAHome,4.4,(279),363,85,--,48,2
Dyson,3.7,(278),1.3k,24,--,17,--
Fresenius Medical Care,3.8,(276),924,18,2,30,--
Hero Electric,4.1,(277),1.1k,19,--,19,--
Hidden Brains InfoTech,3.5,(276),860,27,22,44,1
OmniActive Health Technologies,3.3,(276),1.2k,20,7,26,--
Toshiba Software India,3.4,(277),1.7k,24,12,24,--
Gujarat Gas,3.8,(276),899,18,3,30,--
Kunal Structure,3.8,(276),818,16,--,53,--
Ecolab,3.3,(276),1.7k,26,159,9,--
Toyotetsu India Auto Parts,3.7,(276),917,12,11,25,--
Novonesis,3.9,(277),1.3k,18,3,29,--
JWIL,4.1,(276),1k,10,--,22,--
Indian Railway Catering and Tourism,3.7,(276),966,12,--,23,--
SRM Institute of Science and Technology,3.7,(276),1.5k,20,15,11,--
ZIGRAM,3.3,(276),1.2k,67,17,10,11
Sakra World Hospital,4.0,(276),941,12,17,34,--
Kovai Medical Center and Hospital,4.2,(275),987,4,7,14,--
Vayam Info Solutions,4.0,(276),825,17,--,19,--
LIXIL,3.8,(275),1.1k,16,--,22,--
UNICEF,3.9,(275),747,32,4,26,--
Piramal Realty,4.2,(278),1.3k,15,--,12,--
Kovai Medical Center and Hospital,4.2,(275),987,4,7,14,--
Vayam Info Solutions,4.0,(276),825,17,--,19,--
Rakon,3.7,(275),1.1k,14,6,14,1
Epigral,4.0,(275),1.4k,23,6,3,--
Shivani Locks,3.7,(275),1.1k,13,--,15,--
Rostfrei Steels,3.7,(275),844,36,11,10,1
British Paints,3.8,(275),674,25,--,13,--
Eaton Power Quality,4.0,(275),1.3k,12,--,25,--
Dbs Mintek,3.4,(275),1.4k,21,10,15,--
Vakilsearch,3.8,(275),1.1k,26,20,18,10
Eastern Condiments,3.8,(277),763,16,--,20,--
Six Phrase,4.0,(286),123,75,1,14,--
Anthology,3.4,(276),2.4k,26,--,13,--
Arrow,4.5,(275),213,15,--,6,--
Danieli,3.6,(274),1.3k,15,--,27,2
Leap Finance,3.1,(274),1.1k,78,4,6,1
Objectways Technologies,3.1,(274),1.7k,17,--,4,--
Pahal Financial Services,4.0,(277),809,11,2,16,2
Central Institute of Mining and Fuel Research,3.9,(274),644,6,--,23,--
Wilo Mather and Platt Pumps,3.9,(274),1.2k,17,5,24,5
Galgotias University,3.6,(274),948,20,4,13,4
Sahajanand Medical Technologies,3.4,(274),1.3k,14,30,21,--
Apollo 247,3.3,(275),1.9k,27,5,10,--
Corsearch,3.8,(274),472,12,1,2,--
Mercurius Advisory Services,4.5,(274),585,42,31,57,16
Singareni Collieries Company,4.5,(273),599,13,--,25,--
Mitsubishi Elevators,3.9,(273),1k,8,9,27,--
Leeford Healthcare,4.2,(273),675,16,13,20,34
Apothecon Pharmaceuticals,4.4,(274),1.1k,21,6,30,8
Business for Social Responsibility,3.2,(273),493,21,--,3,--
Belstar Investment and Finance,4.1,(274),745,9,1,18,3
Adani Airport Holdings,3.0,(277),1.2k,18,--,3,--
GGS Engineering Services,3.2,(278),1.6k,19,--,14,--
The KCP,3.9,(273),992,19,8,29,1
i-exceed technology solutions,3.3,(273),1.6k,58,25,22,5
Hindware Home Innovation,3.6,(273),728,15,--,2,--
Allengers Medical Systems,3.7,(273),1.2k,19,64,23,6
AISECT,3.8,(273),862,10,3,20,1
Maruti Ispat And Pipes,3.8,(273),544,52,2,24,26
Trimble,3.9,(273),2.4k,35,48,28,12
Niwas Housing Finance,4.1,(273),717,11,4,6,--
Aarti Pharmalabs,3.6,(273),1.4k,23,3,5,7
Globus Infocom,4.1,(272),626,39,3,33,1
CoLive,4.1,(272),704,49,2,9,12
Mangalam Cement,3.9,(272),967,19,20,21,--
AceCloud by RTDS,4.1,(272),1.3k,33,12,18,--
Cochin Shipyard,4.1,(272),1.1k,13,--,27,--
Aditya Infotech,4.3,(272),1.1k,15,4,23,--
Diffusion Engineers,4.1,(271),673,16,1,106,12
Codeyoung,4.0,(271),765,61,--,2,--
Teleindia Networks,3.8,(272),1.2k,14,--,28,--
Bhilai Engineering Corporation,3.7,(273),1.1k,13,6,27,4
Muthoot Money,4.0,(277),808,23,--,8,--
SCM Garments,3.6,(271),1.1k,17,1,27,--
Fashion TV,3.0,(271),466,28,19,6,7
Varite,3.2,(271),1.3k,21,19,21,--
Moveinsync Technology Solutions,3.1,(271),1.6k,36,34,16,7
Mahagun India,3.0,(271),1k,16,12,22,--
Godrej Capital,3.5,(271),1.7k,15,--,2,2
Tractor Junction,4.0,(271),513,21,28,3,19
Metacube Software,3.9,(271),2.1k,27,7,27,--
PhyCARE Solutions,3.6,(271),955,20,--,22,--
TP Western Odisha Distribution,3.4,(271),903,36,--,11,1
Government of Andhra Pradesh,3.6,(271),1.1k,10,--,14,--
Fingent,3.8,(270),973,28,12,103,62
MEDOPHARM,3.6,(270),1.1k,17,7,26,--
CLR Facility Services,3.7,(271),875,12,11,8,3
Ruloans,3.5,(270),1.2k,19,1,10,--
KiwiTech,3.6,(270),1.5k,32,4,10,--
Vamani Overseas Pvt Ltd,3.5,(271),1.3k,15,5,13,--
Rehau Polymers,3.2,(270),1.1k,14,1,29,1
Meghmani Industries,3.5,(270),1.3k,15,--,8,--
Saurav Chemicals,3.5,(270),1k,23,6,19,4
Maharishi Vidya Mandir,3.9,(270),719,20,--,23,--
L. V. Prasad Eye Institute,4.2,(270),650,13,5,23,4
JGC Corporation,4.4,(270),619,39,4,16,8
Bajel Projects,4.2,(270),801,22,5,12,1
Venus Industrial Corporation,3.9,(269),1.1k,18,12,19,4
Emversity,4.1,(270),297,75,54,4,20
KPC Projects,4.1,(269),930,23,7,19,26
Central Tool Room & Training Centre,4.1,(269),636,7,--,23,1
Modi Mundi Pharma,3.9,(269),557,19,6,32,--
Arrise Bpo Solutions,3.6,(269),779,8,5,4,--
ION Group,2.2,(269),1.8k,113,6,8,--
ITCONS e-Solutions,3.5,(269),650,19,2,15,--
Mogli labs,3.5,(269),1.4k,10,1,19,--
Hawkins Cookers,3.6,(269),903,24,5,14,3
Amity Software Limited,3.8,(269),785,31,8,33,61
Zee Learn,3.4,(269),1k,15,3,30,--
Rajiv Gandhi Cancer Institute & Research Centre,3.8,(276),962,17,34,19,--
Hill International,4.3,(273),815,12,6,29,--
The Professional Couriers,3.5,(271),1.1k,8,23,14,--
Ventra Health,3.2,(277),1.3k,20,31,2,8
Jakson Green,4.3,(273),661,21,--,2,17
Reliance Cement Company,4.2,(269),748,13,1,21,--
Tricon Infra Buildtech pvt.Ltd,3.9,(272),775,30,4,42,--
Bajaj Healthcare,3.3,(269),1.4k,13,6,20,4
Etisalat,3.4,(269),1.2k,17,--,31,--
Valueonshore Advisors,4.1,(269),660,23,14,21,--
Rishabh Software,3.5,(269),1.8k,17,26,29,4
Integra Micro Systems,3.9,(269),1.3k,18,--,9,--
Foundation To Educate Girls Globally,3.9,(269),572,20,21,23,12
Health Prime Services (India),3.3,(270),953,18,12,44,--
Binary Semantics,3.1,(269),1.5k,22,2,24,--
Burckhardt Compression,3.9,(269),1.2k,11,8,27,2
Dataflow Group,3.0,(269),1.3k,22,15,33,1
IndustryBuying.com,3.5,(269),1.3k,28,2,33,--
Unitech,3.7,(268),1.1k,9,15,28,--
Mahindra Susten,4.5,(268),982,15,6,33,--
KGK Group,3.2,(268),1.2k,15,22,15,--
Tata Autocomp Gotion Green Energy Solutions,,,--,--,--,--,--
Sterling and Wilson Renewable Energy,4.2,(286),1.1k,15,11,10,5
Vinove Software & Services,3.4,(268),779,63,49,15,147
Kroll,3.5,(268),1.9k,27,117,7,--
MBD GROUP,3.1,(268),983,14,--,19,2
Indian Oil- Adani Gas,3.8,(268),1.2k,22,11,2,--
Wheels Emi,3.8,(268),851,18,--,13,--
Millennium Engineers & Contractors,4.1,(268),1.1k,14,--,30,1
PMT Machines,3.3,(268),1.1k,26,12,18,--
MBD GROUP,3.1,(268),983,14,--,19,2
Quality Council of India,3.4,(269),1.5k,26,2,22,--
Saint Gobain Sekurit India,3.8,(268),932,16,--,37,--
Metro Brands,3.7,(269),1k,15,22,12,--
Shalina Healthcare,3.4,(269),793,14,12,6,--
Shriram Value Services,3.9,(267),541,3,--,29,--
Catch Foods,4.1,(268),383,17,--,1,1
Sudhir Power,3.6,(267),1.1k,20,16,24,--
Searce Cosourcing Services,3.0,(270),2.2k,38,3,19,--
Mamaearth,3.8,(269),1.4k,30,29,14,--
Sika,3.8,(268),1k,25,3,21,--
ITW India,3.8,(267),1.2k,19,4,25,9
Nesma & Partners,4.2,(267),517,10,--,30,--
Reliance Fresh,4.3,(267),515,21,--,30,--
Birla Tyres,3.6,(268),659,8,5,28,--
Rosenberger Electronic,3.9,(267),1.2k,13,--,32,--
Infocus Technologies,3.9,(266),681,29,--,5,--
Goodluck,3.7,(266),944,27,--,17,--
Bombardier Transportation,4.4,(266),1k,12,--,43,--
Malabar Group Of Companies,3.7,(268),1.3k,10,3,20,--
AGIO Pharmaceuticals,3.6,(266),865,54,4,15,1
Shri Bajrang Power & Ispat,3.9,(265),1.1k,24,10,20,--
Sila Solutions,3.8,(266),799,20,7,12,10
RG Stone Urology & Laparoscopy Hospital,3.8,(268),761,7,117,18,--
LOTS Wholesale Solutions,3.8,(266),1k,20,5,11,--
L&T Heavy Civil Infrastructure,4.2,(266),994,25,--,97,7
Bombay Stock Exchange,3.4,(266),1.7k,9,--,19,--
Mayfair Hotels & Resorts,4.3,(266),879,17,7,30,2
Avance Consulting Services,3.8,(266),1.3k,11,1,9,3
Lenexis Foodworks,3.5,(266),957,23,13,11,3
Zeetech Management And Marketing,3.9,(266),48,9,--,17,--
Cargo Motors,4.0,(268),887,14,4,23,--
Oriental Carbon & Chemicals,4.3,(265),1k,25,--,35,--
Virgo Laminates,4.0,(265),770,10,--,30,7
Supermax Personal Care,3.5,(265),930,17,1,17,--
JSG Group,3.6,(265),1.2k,15,12,12,--
Health Total,3.7,(265),552,17,17,25,--
YES SECURITIES,3.5,(265),1.5k,21,57,10,--
Virgo Laminates,4.0,(265),770,10,--,30,7
Health Total,3.7,(265),552,17,17,25,--
Oriental Carbon & Chemicals,4.3,(265),1k,25,--,35,--
Sophos Technologies,3.7,(265),1.9k,30,41,27,21
Triveni Turbines,3.6,(265),1.5k,39,6,28,2
YES SECURITIES,3.5,(265),1.5k,21,57,10,--
KTL Automobile,3.9,(264),1.1k,24,--,15,2
GfK MODE,3.3,(265),1.7k,25,--,29,--
Itvedant Education,3.9,(265),507,54,61,31,9
KANINI Software Solutions,3.9,(265),1.4k,50,14,5,35
Oncquest Laboratories,3.4,(265),913,15,--,17,1
Super Auto Forge,4.0,(265),1.3k,8,1,26,--
Sangam India,3.8,(265),985,19,6,17,1
Shivaami Cloud Services,4.0,(266),553,77,1,5,8
ProcMart,3.5,(274),768,41,9,9,--
Antara Senior Care,3.0,(263),983,30,15,19,16
Simpolo Vitrified,4.0,(266),935,20,24,15,--
Motorola,4.3,(264),1.2k,19,--,12,6
Wavin,4.1,(264),772,18,--,6,--
Vserve Ebusiness Solutions,4.2,(265),744,4,28,5,13
Motorola,4.3,(264),1.2k,19,--,12,6
Wavin,4.1,(264),772,18,--,6,--
GMM Pfaudler,3.8,(264),1.4k,13,--,19,3
Vserve Ebusiness Solutions,4.2,(265),744,4,28,5,13
Mobius Knowledge Services,3.5,(263),1.6k,10,9,17,--
Lafarge,4.6,(263),523,10,--,49,--
MRO,3.0,(263),1.5k,8,8,22,--
Omega Healthcare Solutions,3.6,(265),1.7k,39,--,22,--
Rittal,3.8,(264),1.1k,16,2,21,--
Flowmore,4.1,(263),852,36,--,29,--
Keller Ground Engineering,4.0,(264),796,23,--,32,3
National Securities Depository,3.4,(263),1.9k,15,17,23,--
The Institute Of Chartered Accountants,3.2,(263),1.4k,23,3,19,--
Costa Cruise Lines,4.1,(263),368,16,--,35,1
Crest Data Systems,3.9,(263),1.8k,32,6,14,--
PMEA Solar Tech Solutions,3.9,(263),1.1k,15,--,--,1
Smith+Nephew,4.0,(263),1.5k,15,8,28,17
Experion Developers,4.7,(263),718,7,--,12,--
SA Infrastructure Consultants,3.4,(263),818,11,3,24,--
Media.net Software Services (India),3.1,(263),2.2k,79,--,25,2
New Allenberry Works,3.3,(262),948,18,--,16,--
Weddingz.in,2.7,(262),814,17,--,25,--
Kaveri Seed Company,3.9,(262),765,23,--,10,--
SpanIdea,3.4,(262),1.7k,36,15,23,--
Interarch Building Product,4.0,(262),1.1k,15,3,22,--
Turner Construction,4.0,(262),906,13,5,35,--
Pinnacle Industries,3.3,(262),1.1k,16,6,13,--
UPS Supply Chain Solutions,3.7,(262),1.5k,16,--,16,--
MARG ERP,3.5,(262),1.3k,25,--,24,--
Akkodis,3.2,(262),1.5k,28,8,5,--
Promea Therapeutics,4.0,(262),549,36,24,21,20
Gatewaypark Business,4.6,(261),9,19,--,--,--
Grassroots BPO,3.3,(261),809,11,26,46,--
Algonomy,3.8,(261),1.3k,11,1,54,16
Kwality Pharmaceuticals,3.8,(263),959,27,3,14,--
GeeksForGeeks,2.8,(261),1.1k,47,7,12,--
ReachLocal Services,3.5,(261),1.1k,23,--,21,11
Godawari Power & Ispat,4.2,(261),856,17,1,18,--
Diamond Beverages,3.1,(261),817,29,3,22,--
Bright Life Care,3.9,(263),838,15,2,15,--
ReachLocal Services,3.5,(261),1.1k,23,--,21,11
RineX,4.0,(261),182,219,--,2,--
RGBSI,3.4,(261),1.7k,30,3,18,--
GeeksForGeeks,2.8,(261),1.1k,47,7,12,--
Sai Service,4.0,(261),1.2k,14,--,21,--
Mahindra Defence Systems,3.9,(261),1.3k,20,--,14,--
Diamond Beverages,3.1,(261),817,29,3,22,--
Ivy Mobility Solutions,2.7,(263),1.9k,23,24,26,--
Xeam Ventures,3.4,(261),881,15,--,15,4
Bizcrum Infotech,3.5,(260),848,14,3,10,--
Electropneumatics & Hydraulics (I),4.1,(260),1.1k,24,22,32,--
Cordova Publication,3.5,(261),524,5,3,33,--
Chandigarh Group of Colleges,3.7,(261),844,21,2,10,5
Leayan Global,4.0,(260),673,10,--,18,--
Laborate Pharmaceuticals,3.8,(260),967,21,2,13,2
Dhruv Research,2.9,(260),293,17,--,1,10
PERSOLKELLY,3.4,(260),1.1k,20,--,12,--
Spectrum Consultants,2.4,(260),1.1k,30,--,17,--
House of Hiranandani,4.6,(261),600,40,--,14,--
CP Plus,3.9,(260),714,21,--,12,--
CP Plus,3.9,(260),714,21,--,12,--
Star Engineers India,3.5,(260),1.3k,10,13,24,--
Lucy Electric,3.8,(260),1.2k,18,23,20,1
Montra Electric,3.7,(260),980,18,7,3,--
Apollo Pipes,4.0,(263),931,20,8,11,--
Ileads Auxiliary Services,3.0,(259),809,18,7,3,--
Dr B Lal Clinical Laboratory,4.5,(263),422,30,6,40,8
ASUS,4.3,(259),981,22,3,28,--
Suminter India Organics,3.8,(259),855,21,6,15,--
GrapplTech,4.8,(259),15,16,--,12,--
Health Insurance TPA of India,3.8,(262),922,20,4,13,--
Betsol,3.5,(259),1.4k,44,7,21,--
Capillary Technologies,3.1,(258),2.1k,20,2,29,5
NMDC Steels,3.8,(259),775,13,--,2,5
Zamil Steel Buildings India,4.0,(259),1.2k,10,7,25,--
Gen,3.6,(259),1.7k,23,1,41,1
Oswaal Books and Learning Private Limited,4.0,(259),398,35,23,21,38
Madras Radiators and Pressings Limited,3.4,(258),393,5,1,5,--
Turtle,3.2,(259),730,14,--,12,1
Tangoe,3.7,(258),1.2k,26,--,26,--
Yodlee,3.9,(258),1.5k,18,--,68,--
Captain Fresh,3.9,(259),1.2k,13,--,17,2
Pacific Cyber Technology,3.7,(258),924,15,17,13,--
WorkIndia,3.1,(258),1.5k,36,7,14,2
Madras Radiators and Pressings Limited,3.4,(258),393,5,1,5,--
Inland World Logistics,3.6,(259),860,12,2,17,4
Zyoin,3.4,(260),832,22,2,40,23
Turtle,3.2,(259),730,14,--,12,1
Paul Merchants,3.8,(258),573,8,12,10,9
Starmark Software,3.4,(258),1.6k,20,1,11,--
Dish Infra Services,3.1,(258),655,7,--,10,--
Tangoe,3.7,(258),1.2k,26,--,26,--
Skylark Infra Engineering Private Limited,3.7,(259),673,26,5,12,--
Hindustan Pencils,4.2,(258),701,6,5,27,--
Weikfield Foods,3.3,(258),819,13,1,28,1
Zifo RnD Solutions,3.7,(258),1.4k,70,2,14,--
Botree Software International,3.4,(258),1.7k,22,4,13,5
Stanley Lifestyles,3.8,(258),911,23,28,9,--
Raj Petro Specialities,3.7,(258),1k,7,--,16,--
Charak Pharma,4.0,(258),774,14,7,30,--
GS Engineering & Construction,3.9,(257),696,10,1,52,--
Meneta Automotive Components,3.8,(259),964,20,--,16,--
Reliance Smart Bazaar,4.0,(262),642,14,--,4,3
Everllence,3.6,(260),1.3k,16,6,31,--
Finnable Technologies,4.1,(257),749,20,--,9,12
Exusia,3.2,(257),763,31,--,8,13
Navata Road Transport,3.6,(257),763,16,53,26,1
Grazitti Interactive,2.9,(257),2.1k,21,68,21,1
El Seif Engineering Contracting,4.3,(257),324,10,--,35,3
Naga Limited,3.6,(256),1.4k,16,--,12,--
HAL Offshore,4.2,(265),987,12,--,12,--
DAZN,2.6,(267),1.9k,42,56,4,7
Archirodon,4.3,(258),401,19,--,28,5
Trantor,3.6,(257),1.8k,29,32,34,--
Zeelab Pharmacy,3.4,(257),714,54,13,6,3
Victora Industries,3.7,(257),890,17,12,3,--
Enviri,3.9,(257),1.3k,18,37,23,--
Jindal India Thermal Power,3.8,(259),1k,23,--,20,--
Canam Consultants,3.3,(257),837,11,19,9,--
Nordex Group,3.8,(257),21,22,3,12,--
Nineleaps Technology Solutions,4.3,(257),1.3k,43,12,15,35
Bread Financial,3.8,(256),1.8k,28,49,3,8
NextGen Healthcare,3.8,(258),1.6k,18,--,37,--
Richfeel Health & Beauty,3.3,(256),582,5,1,27,--
GE Aviation,4.1,(256),1.3k,23,12,39,--
Madras Engineering Industries,3.8,(256),1.2k,11,13,15,--
KhataBook,3.6,(256),1.3k,19,9,17,9
Sequential Technology International,4.1,(255),888,11,1,40,1
Hewlett Packard Globalsoft,3.5,(255),951,5,2,46,--
Sona Koyo Steering Systems,4.2,(255),360,7,4,43,--
Essar Power,4.0,(255),1.1k,8,--,32,4
Kapture CX,3.1,(255),952,23,38,6,6
Lentra AI,2.8,(255),2.1k,25,2,9,--
Sraco,3.7,(259),576,32,--,22,--
ATC Telecom Infrastructure,4.4,(256),762,14,--,25,--
Som Autotech,4.0,(255),966,18,3,19,--
Sedin Technologies,4.5,(255),1.1k,90,21,16,5
NIELIT,4.0,(255),694,20,2,18,10
SRM Technologies Pvt.Ltd,3.2,(255),2.1k,34,40,26,31
Terrier Security Services,4.2,(255),677,15,1,15,--
Sami-Sabinsa Group,3.4,(255),1.2k,25,3,26,3
Kotak Mahindra General Insurance,3.7,(255),1.4k,14,5,9,--
Cross Country Infotech,4.0,(255),855,57,10,14,2
Vision Express,4.0,(255),574,2,--,22,--
WizKlub,2.9,(254),853,35,--,7,1
Nordex India,,,--,--,--,--,--
Clearpack,3.9,(254),1.1k,26,--,13,4
Shalimar Corp,4.3,(254),886,20,6,12,34
Simar Infrastructures,3.6,(257),822,17,--,21,--
Tatvasoft,3.3,(254),1.7k,67,2,17,--
Bull Machines,3.7,(254),1.2k,25,23,17,2
Acorn Universal Consultancy LLP,4.3,(254),152,110,8,56,9
Eversana,3.3,(254),1.8k,30,23,14,5
Anand Rathi Global Finance,3.3,(254),1k,22,3,17,--
Ajay Industrial Corporation,3.4,(254),821,14,1,12,--
Tide - Business Management Platform,3.5,(259),1.6k,47,25,8,7
HyperCITY,4.8,(253),391,4,--,38,--
CTM India Limited,3.6,(253),823,8,--,9,--
Credera,3.0,(253),1.9k,43,14,18,7
ITI Finance,4.0,(256),522,16,--,5,--
Oasis Partners Asia,3.9,(253),848,14,--,10,1
e-Procurement Technologies,3.3,(253),884,18,--,15,--
Credera,3.0,(253),1.9k,43,14,18,7
La Renon Healthcare,4.1,(254),727,17,6,19,4
Dev Information Technology,3.4,(254),1.2k,8,14,16,--
Organic India,4.1,(253),963,17,--,20,4
Caliber Technologies,3.2,(253),1.6k,16,--,13,--
Annova Solutions,3.5,(253),877,19,13,7,--
Barista Coffee Company,4.4,(253),691,10,12,33,4
CTM India Limited,3.6,(253),823,8,--,9,--
Dalmia Bharat Sugar & Industries,4.1,(253),851,20,1,22,5
Puranik Builders,3.9,(253),1.2k,8,13,29,--
Invertis University,4.7,(252),242,72,8,10,--
GTL Limited,4.3,(252),586,10,3,39,--
CyberSWIFT Infotech,3.6,(253),486,18,2,32,1
Easyday Club,4.5,(252),433,11,1,39,--
Greenway Health,2.9,(252),1.3k,29,8,10,--
Little Nap Recliners,4.7,(252),91,39,7,52,129
Safran Engineering Services India,3.2,(253),1.7k,33,12,16,--
Randstad Global Capability Center,3.5,(254),1.6k,25,--,9,--
Edward Food Research and Analysis Centre,3.8,(252),646,35,1,11,28
Mfar Constructions,3.9,(252),777,13,30,31,--
Upwork,4.3,(252),1.6k,24,3,13,--
Adfactors PR,3.4,(253),1.9k,17,21,18,--
Billabong High International School,3.7,(252),766,12,--,34,--
Net Access India,3.9,(252),1.2k,41,14,24,--
Airtel Africa,2.8,(251),1.2k,44,13,9,--
Pittie Group,3.0,(252),1.1k,23,2,14,2
Learning Links Foundation,4.1,(252),887,15,11,20,--
Xylem Learning,4.2,(252),450,41,10,45,47
Bekaert Industries,3.8,(252),1k,12,8,23,--
IIT Madras,3.9,(251),1k,29,17,29,--
Intersoft Data Labs,3.6,(251),1.4k,22,6,11,114
Alp Consulting,3.8,(253),1.2k,34,--,31,6
Unthinkable Solutions,3.2,(251),1.7k,69,2,20,--
Huntsman International,4.1,(251),1k,13,6,40,--
C. L. GUPTA EXPORTS,4.3,(251),821,8,--,19,--
Collman Services,3.7,(251),772,12,--,6,--
Casio India Company,3.4,(251),893,24,--,22,--
Covalent Laboratories,3.5,(251),1k,10,8,17,--
Bhavani Industries,3.6,(251),1.3k,10,9,28,--
Unthinkable Solutions,3.2,(251),1.7k,69,2,20,--
Shankaranarayana Constructions,3.8,(251),842,24,6,17,--
Cube Highways,4.3,(251),713,19,--,3,1
VERITY GLOBAL SOLUTIONS,3.6,(250),1.3k,14,3,23,--
Tirupati Group,4.2,(251),1.1k,11,--,13,--
Indutch Composites Technology,3.7,(250),1.2k,8,10,16,1
Galpha Laboratories,3.7,(251),759,11,--,23,--
Radius Global Solutions,2.8,(250),1k,14,--,14,--
Sanjeev Auto Parts Manufacturers,4.1,(250),759,17,5,26,--
L&T Water & Effluent Treatment,3.9,(250),323,10,--,135,1
Securens System,3.9,(250),751,9,198,27,--
Ricoh,4.1,(250),722,9,--,33,--
Tokai Rubber Auto Parts India,3.4,(250),922,17,--,30,--
Netenrich Technologies,3.1,(250),1.9k,33,23,31,--
WPIL,3.4,(250),917,21,--,15,--
Aziro,3.5,(250),1.4k,57,146,12,25
Identifyplus Delivery Services,3.2,(250),432,11,--,10,--
Xtancia Technosoft,4.0,(250),50,40,--,1,2
Providence Global Center,3.7,(250),2k,20,8,11,--
Rustomjee Group,4.0,(250),1.3k,23,--,15,--
Geetanjali Medical College and Hospital,4.0,(250),757,9,5,21,101
Copart,3.1,(249),1.7k,32,8,16,1
Kapston Services,4.0,(250),948,15,13,10,48
QualiZeal,3.9,(250),738,65,7,2,21
Formidium Corp,2.8,(250),1.2k,12,--,11,--
EVIO,3.8,(250),766,13,9,15,2
BoAt,4.3,(251),1.4k,12,6,7,--
Svatantra Micro Housing Finance Corporation Limited,4.0,(251),795,19,30,6,--
Freedom Employability Academy,4.1,(250),594,29,--,7,8
Health & Glow,3.7,(249),1.2k,16,2,19,--
Webtel Electrosoft,3.6,(249),1k,13,5,14,--
Chai Point,3.7,(249),1.2k,17,5,18,--
National Contracting Company,4.0,(249),672,4,--,33,--
Microchip Technology,3.7,(249),2k,46,98,18,--
VSynergize Outsourcing,3.0,(249),901,8,--,11,--
IIFL Securities,3.9,(249),1.5k,22,--,19,--
The Smart Cube,3.5,(249),1.9k,30,--,29,--
FEV,3.5,(250),1.6k,11,1,20,--
Sarda Energy & Minerals,3.9,(250),890,12,4,12,--
Scc Infrastructure,3.8,(249),770,24,3,12,1
Prompt Personnel,3.7,(249),799,11,--,15,--
Lubi Industries Llp,4.1,(249),1.1k,11,6,12,1
Epicor Software Corporation,2.9,(249),1.9k,27,49,27,--
Renata Precision Components,3.4,(249),1.2k,17,12,16,--
Jitm Skills,3.1,(249),657,18,1,14,4
Q Way Technologies,3.0,(250),1.1k,15,15,18,17
Grb Dairy Foods,3.5,(249),1.1k,14,--,14,--
Vasta Global,3.8,(248),1.1k,43,--,7,--
Fortune Park Hotels,3.8,(248),639,11,--,27,--
Barmalt Malting,4.0,(248),970,15,2,21,1
NBCC,3.7,(248),797,19,--,21,--
Azim Premji Foundation,3.7,(248),779,35,26,22,--
The New India Assurance Co.,4.4,(248),656,9,--,24,--
Corecard Software,3.8,(250),1.5k,18,--,22,--
Cryoviva Biotech,3.4,(248),625,14,3,18,--
Excellon Software,4.4,(248),1.1k,15,11,10,19
FoodPanda,3.9,(248),814,7,--,28,12
Bondada Engineering,3.4,(248),722,33,67,8,--
SEO Discovery,4.9,(248),215,75,4,17,--
Ratna Sagar,3.6,(248),751,34,6,23,--
Sales India,4.1,(248),1.6k,33,--,22,1
The BIM Engineers,4.1,(249),1.1k,39,25,13,55
RSH Global,4.1,(248),772,10,3,19,4
Klaus IT Solutions,3.4,(247),1.3k,16,--,13,--
Ga Digital Web Word,3.7,(250),1k,18,--,6,--
Crown Solutions,3.6,(247),1.7k,21,--,6,--
Optiemus Electronics,3.6,(247),896,11,4,15,2
Onkar Infotech,4.0,(247),680,10,2,58,--
HMSHost,3.7,(247),623,14,--,22,--
Med Manor Organics,3.6,(247),670,18,1,22,--
iVenus,4.0,(247),386,42,6,4,2
Skechers,4.2,(247),790,15,--,19,1
SLAP,3.9,(247),863,17,--,11,--
GlobusSoft,3.5,(247),811,38,5,44,--
Radio Mirchi,3.4,(247),1k,19,--,12,1
Impact Analytics,3.9,(247),1.6k,86,14,13,--
DM Consultants,1.4,(247),62,3,--,3,--
AONE OUTSOURCING SOLUTIONS,4.6,(247),354,21,--,31,15
VISA Steel,3.2,(247),852,23,--,24,--
Toshiba,4.2,(247),1.2k,33,--,24,4
Kumaran Systems,3.4,(247),1.8k,38,57,17,28
HMSHost,3.7,(247),623,14,--,22,--
Onkar Infotech,4.0,(247),680,10,2,58,--
Skechers,4.2,(247),790,15,--,19,1
Ajmera Realty & Infra India,4.6,(247),624,5,25,10,--
GlobusSoft,3.5,(247),811,38,5,44,--
Galva Decoparts,3.4,(247),1.1k,19,--,11,--
Pearl Global Industries,3.7,(247),1.1k,12,22,34,1
Kamineni Hospitals,4.1,(247),800,12,12,18,--
Selectsys,3.4,(247),1.4k,25,--,13,--
Allen Solly,3.9,(247),544,16,--,25,2
Impact Analytics,3.9,(247),1.6k,86,14,13,--
Radio Mirchi,3.4,(247),1k,19,--,12,1
SLAP,3.9,(247),863,17,--,11,--
Programmers.io,3.9,(247),1k,33,35,37,19
Sewa Grih Rin,3.4,(246),885,10,7,10,--
Bsr Infratech India,3.9,(246),956,19,--,19,1
Chandan Steel,3.3,(246),1k,17,7,10,3
Pharmaceutical job,4.2,(246),2.2k,25,--,12,--
Ammann Apollo,4.0,(246),1.1k,14,3,17,--
Narmada Bio Chem,4.8,(247),311,7,--,58,38
Bihar Foundry and Castings Limited,4.3,(246),370,13,2,4,5
bebo Technologies,3.3,(246),1.4k,30,8,20,75
ContinuServe Softech India,3.2,(246),1.4k,19,9,7,--
Lizmontagens India,4.0,(247),797,9,--,9,5
Dhandhania Infotech,3.2,(247),1.1k,18,4,17,2
Kuwait Oil Company,4.3,(248),754,17,--,27,--
Kobelco Construction Equipment India,4.3,(248),1k,26,--,23,4
Genzeon (India) Private Limited,3.9,(248),945,56,39,5,19
ILS Hospitals,3.5,(247),667,13,8,14,--
Deen Dayal Upadhyaya Grameen Kaushalya Yojana,3.8,(246),491,10,--,19,5
Linfox Logistics,4.1,(246),682,5,--,21,5
Chandan Steel,3.3,(246),1k,17,7,10,3
Miraj Cinemas,3.7,(246),597,5,--,4,1
Bravura Solutions,3.8,(246),1.2k,17,7,106,10
Nagata India,3.9,(246),948,12,--,18,--
Allianz,4.3,(247),1.7k,21,4,39,8
Pharmaceutical job,4.2,(246),2.2k,25,--,12,--
SMS Pharmaceuticals,3.1,(246),810,16,1,12,--
Orange Mantra,3.8,(246),1.2k,36,23,24,13
Dhandhania Infotech,3.2,(247),1.1k,18,4,17,2
VRC Constructions India,3.8,(246),741,11,--,23,--
Edunet Foundation,4.0,(247),379,18,--,5,--
Neon Laboratories,4.0,(245),1.1k,9,--,15,--
ICICI Merchant Service,3.6,(246),650,14,--,27,--
St. John's Medical College Hospital,4.0,(245),708,6,--,18,--
JAY JAY MILLS,4.0,(245),775,17,106,19,--
NCL BUILDTEK,3.5,(247),958,20,64,15,4
SevenMentor,4.3,(247),475,63,119,33,--
Premier Indoplast,4.1,(245),775,7,--,5,3
MaRS Planning & Engineering Services,3.7,(245),875,11,9,6,4
Harita Techserv,3.2,(245),1.2k,23,1,18,--
Zones Corporate Solutions,3.2,(245),1.2k,34,9,19,--
PIX Transmissions,3.7,(245),929,17,11,21,1
Income Tax Department India,4.4,(245),1k,10,--,17,--
Prabhat Dairy,3.7,(245),861,7,--,26,--
Infosearch BPO Services,4.0,(245),507,13,8,8,22
Nova IVI Fertility,3.9,(245),704,17,--,15,--
Boston Institute of Analytics,4.3,(245),253,85,2,3,4
inMorphis Services,3.9,(244),951,12,2,12,--
Groupe SEB,3.6,(244),850,16,1,21,--
Man Industries,3.6,(244),1.1k,15,5,22,--
Global Edge Software,3.4,(244),1.4k,25,--,33,--
Live Connections,3.8,(244),914,23,7,11,2
BillDesk,3.1,(244),1.5k,17,9,16,--
Texas Review,3.9,(245),588,71,1,8,3
University of Petroleum & Energy Studies,3.7,(244),890,18,2,31,--
VGN Projects Estates,3.8,(244),710,15,4,79,--
Veolia,3.9,(244),971,14,--,9,--
Oxyzo Financial Services,3.4,(244),1.3k,13,1,9,5
Naprod Life Sciences,3.3,(244),1.1k,18,--,18,1
SK E&C,4.4,(244),482,12,--,46,1
Kanpur Plastipack,3.6,(244),817,21,9,23,3
Sugam Parivahan,4.2,(244),757,23,12,13,2
Linc,3.5,(244),965,16,3,9,--
Magnasoft Consulting India,3.1,(244),1k,21,2,13,--
Placementindia.com,4.9,(244),5,16,--,10,37
S Chand Group,3.7,(244),843,5,2,22,--
Bonito Designs,3.5,(243),1.3k,39,25,13,20
Indo German Tool Room,4.0,(243),521,10,1,17,4
Shri Mahavir Ferro Alloys,3.4,(242),816,16,2,7,--
Amara Raja Power Systems,4.1,(243),905,20,109,37,1
OASYS Cybernetics,3.0,(247),1.4k,14,1,10,--
Garware Hi-Tech Films,3.9,(245),1.1k,10,13,19,--
Paychex IT Solutions India,3.4,(251),1.3k,31,12,15,4
Model N,4.4,(245),961,31,6,13,62
Housejoy,4.2,(243),501,2,--,23,--
Alembic,3.8,(243),870,20,156,30,--
WEG,4.0,(243),1.2k,18,2,28,1
Avontix,3.3,(243),797,21,12,6,4
Sanoh,4.1,(243),905,15,2,30,--
Accentuate Business Solutions,3.5,(243),2.5k,20,15,24,--
United Alliance Technology,4.9,(243),27,5,--,86,--
AGILE AIRPORT SERVICES,3.9,(243),461,17,--,12,--
Zinnia,3.1,(243),1.4k,18,2,2,--
NuSummit,3.2,(258),1.8k,32,15,10,--
Vaidik Eduservices,3.2,(244),485,77,--,8,--
11:11 Systems,3.3,(242),1.4k,17,1,44,7
Consilio,3.5,(242),1.6k,27,22,16,--
RASI SEEDS,4.2,(242),744,8,1,26,2
Innoval Digital Solutions,4.7,(242),385,9,--,54,4
Pearl Precision Products,3.8,(242),704,8,3,8,4
Cyrix Health Care,4.2,(242),479,43,14,8,1
RegisterKaro,3.6,(243),478,77,1,1,--
Flex Technologies,3.9,(242),1.7k,13,--,11,--
MASAI School,4.1,(243),792,27,26,7,3
Airblack,3.9,(242),281,26,3,17,9
Consilio,3.5,(242),1.6k,27,22,16,--
Chaitanya Projects Consultancy,4.0,(242),665,19,3,11,--
The House of Abhinandan Lodha,3.3,(242),880,58,2,18,14
Precision Group,3.4,(246),1.7k,11,--,4,--
Red Bull,4.1,(241),810,16,3,21,--
Manubhai Jewellers,4.7,(242),195,62,5,3,31
Mvs Acmei Technologies,4.0,(243),755,16,--,21,1
Balasore Alloys,3.1,(244),752,18,3,23,1
National Small Industries Corporation,4.0,(241),584,16,--,12,--
Autometers Alliance,4.3,(241),946,16,--,25,1
SIAC SKH India Cabs Manufacturing,3.8,(241),815,23,--,21,--
LawSikho,3.7,(240),514,34,3,7,--
Centillion Solutions and Services,3.9,(241),591,11,10,5,1
Paradise Food Court,3.8,(241),927,23,52,31,--
Infoesearch Ites,3.2,(241),644,31,6,6,--
Aachi Foods,4.0,(241),909,27,10,24,4
MQSYS Technologies,3.6,(241),2.2k,15,--,9,--
Precision Group,3.4,(246),1.7k,11,--,4,--
Zinnov Management Consulting,3.2,(241),1.6k,30,42,16,--
AABSyS IT,3.3,(241),1k,11,1,24,3
The Indian Express,3.9,(241),1.3k,8,--,19,--
Agiliad,3.3,(241),1.7k,37,57,13,--
LawSikho,3.7,(240),514,34,3,7,--
SIAC SKH India Cabs Manufacturing,3.8,(241),815,23,--,21,--
Franco-Indian Pharmaceuticals,3.2,(241),732,10,1,19,--
CPM International,3.9,(242),486,20,--,22,--
Marquardt,3.8,(241),1.6k,15,7,26,--
ATS Homekraft,4.1,(241),785,27,8,15,2
Tecnotree Convergence,3.0,(241),1.7k,16,--,18,--
Sneha Farms,3.9,(241),893,15,10,10,--
Echs Polyclinic,4.1,(241),435,16,--,10,7
Expertrons,3.4,(240),615,39,5,21,--
20Cube Logistics,3.8,(243),1.1k,22,--,17,3
Shorthills AI,3.4,(241),574,17,8,60,--
Augtech Nextwealth,3.7,(240),454,39,7,5,--
BPL Medical Technologies,3.5,(240),994,15,--,18,5
SUGAR Cosmetics,3.8,(240),1k,23,--,11,1
Knest Manufacturers,3.6,(240),1.3k,15,3,6,1
Omprime Technology Private Limited,4.0,(240),305,23,4,43,54
Andhra Paper,3.5,(240),1.1k,22,2,9,1
Marathon Realty,3.8,(240),804,10,9,22,8
HEG,3.8,(240),970,18,3,26,--
Hofincons Infotech & Industrial Services,3.9,(241),620,9,--,29,--
Box8,3.5,(240),827,14,3,31,2
Shiva Pharmachem,3.8,(240),1.2k,6,2,20,--
Rajasthan Patrika,3.2,(240),948,11,6,17,--
Pontika Aerotech,3.6,(241),797,19,7,16,--
Government of West Bengal,3.6,(240),898,10,--,14,--
Rajan Technocast,4.7,(240),179,10,--,6,--
APM Terminals,4.4,(240),831,10,4,24,2
Mining Engineering Services,3.6,(240),670,35,3,5,3
GLA University,3.4,(239),871,19,6,18,--
Kharafi National,4.4,(240),321,3,--,32,--
"Sanjay Ghodawat International School, Kolhapur",3.4,(241),449,124,25,43,--
Finorchem Limited,3.7,(243),871,29,7,8,11
Neudesic Technologies,4.1,(239),2.1k,40,5,9,--
S&IB Services,3.9,(241),829,7,--,11,--
LinkedIn,3.9,(239),2.4k,75,--,17,9
Little Millennium,3.8,(240),693,21,6,21,--
National Insurance Company,4.6,(239),585,8,--,24,--
National Petroleum Construction Company,4.4,(239),535,12,--,45,1
Asian Institute of Medical Sciences,3.8,(239),1.1k,6,--,20,--
Relevantz Technology Services,3.6,(238),1.7k,34,21,2,7
SRR Projects,4.1,(240),753,18,1,20,--
Carnival Cinemas,3.7,(239),754,8,--,21,--
ASSA ABLOY,3.6,(242),1.1k,24,1,23,--
United India Insurance Company,4.5,(239),614,12,--,29,--
Aditya Birla Money,3.9,(239),759,23,--,14,--
Kalyani Maxion Wheels,4.1,(239),1k,6,--,22,--
Bikaji Foods,4.0,(240),669,17,1,8,1
Reserve Bank Information Technology,3.1,(239),2.1k,51,53,20,--
Linux Laboratories,3.9,(239),542,24,9,16,--
Sears IT & Management Services India,3.1,(239),1.3k,16,--,32,--
Army Ordnance Corps,4.8,(239),500,9,--,15,--
Relevantz Technology Services,3.6,(238),1.7k,34,21,2,7
Bikaji Foods,4.0,(240),669,17,1,8,1
Oasis Fertility,4.0,(239),678,18,5,7,9
Shaw Toyota,4.9,(239),149,60,--,75,2
The Mission Hospital,3.8,(239),816,9,9,20,--
Gem Engserv,4.0,(238),919,31,--,19,1
Marine Electricals,3.6,(238),1.3k,26,6,15,--
Neolite Zkw Lightings,3.9,(240),929,25,5,20,14
Pure & Cure Healthcare,4.0,(239),680,10,--,13,1
Jaipur National University,3.1,(238),632,11,2,5,--
Teachers Insurance and Annuity Association of America,3.8,(238),2.2k,8,--,10,--
Karanwal Capital,4.6,(238),211,102,--,63,1
The Sparks Foundation,4.3,(238),321,23,--,10,--
Tesseract Imaging,4.0,(239),628,14,--,20,--
Focus Energy,3.6,(238),759,20,5,45,--
Government Medical College,4.1,(239),885,7,--,12,--
Umedica Laboratories,3.7,(238),1.2k,15,18,13,--
SkillRecruit,4.4,(238),345,9,--,98,3
Tesseract Imaging,4.0,(239),628,14,--,20,--
Focus Energy,3.6,(238),759,20,5,45,--
Neolite Zkw Lightings,3.9,(240),929,25,5,20,14
Marine Electricals,3.6,(238),1.3k,26,6,15,--
Government Medical College,4.1,(239),885,7,--,12,--
Teachers Insurance and Annuity Association of America,3.8,(238),2.2k,8,--,10,--
Maral Overseas,3.6,(238),854,8,2,16,1
Ginger Hotels,3.9,(238),726,9,--,20,--
Matix Fertilisers & Chemicals,3.7,(238),1k,24,--,19,--
Parle Elizabeth Tools,4.0,(237),1.1k,20,--,18,--
John Crane Sealing Systems India,3.3,(240),1.3k,22,65,24,--
Impressico Business Solutions,4.4,(237),1.1k,18,16,42,9
Steelman Telecom,3.7,(237),697,9,--,10,--
Verifone,3.0,(237),1.7k,28,--,20,7
iD Fresh Food,4.0,(237),734,24,2,11,2
Atibir Industries,3.1,(237),587,6,3,28,--
ARKA Fincap,4.1,(237),697,23,4,10,1
Excelra Knowledge Solutions,3.5,(237),989,22,13,23,7
Algoworks,3.0,(237),1.7k,34,30,20,--
Parason Machinery,3.3,(237),1.3k,31,2,18,13
Steelman Telecom,3.7,(237),697,9,--,10,--
Verifone,3.0,(237),1.7k,28,--,20,7
ARKA Fincap,4.1,(237),697,23,4,10,1
Algoworks,3.0,(237),1.7k,34,30,20,--
Vensa Infrastructure,4.2,(237),740,18,--,15,--
Flash Viven Machining Technologies,3.7,(237),1.1k,15,--,19,2
Parason Machinery,3.3,(237),1.3k,31,2,18,13
Rasna,3.3,(237),605,18,--,13,--
First Citizens India,4.0,(237),1.8k,25,38,23,11
Essae Digitronics,4.1,(237),822,14,2,19,2
Valenta AI Private Limited,4.2,(237),645,34,10,20,41
Arihant Publications,3.6,(237),559,28,3,12,1
Excelra Knowledge Solutions,3.5,(237),989,22,13,23,7
Fusion,3.1,(237),890,19,1,9,--
Arvato,3.7,(236),470,2,--,41,--
Aia Engineering,4.1,(236),1.2k,21,2,23,--
Kinetic Green Energy And Power Solutions,2.9,(236),1k,24,21,7,--
Ganit Inc,3.9,(238),825,33,10,3,11
Ishan Technologies,3.7,(236),924,17,4,12,--
Koyo Bearings India,3.9,(236),753,8,--,33,--
Kinetic Green Energy And Power Solutions,2.9,(236),1k,24,21,7,--
Helmerich & Payne,3.7,(236),1.9k,9,6,19,--
Rubamin,4.0,(236),1.1k,20,7,24,10
Ganit Inc,3.9,(238),825,33,10,3,11
Stratosphere IT Services,3.0,(236),1.4k,12,--,15,--
Sonovision-Aetos,3.4,(236),1k,19,--,10,--
Koyo Bearings India,3.9,(236),753,8,--,33,--
Sears Holdings,3.0,(236),1.4k,13,--,20,--
JPM Group,3.8,(238),1.2k,12,--,13,--
Arvato,3.7,(236),470,2,--,41,--
Ishan Technologies,3.7,(236),924,17,4,12,--
Matrix ComSec,3.5,(236),1.4k,21,28,25,--
IntelliSmart Infrastructure,3.7,(236),907,23,2,5,3
Analytix Business Solutions,3.1,(236),1.2k,30,3,14,12
ABEC,4.1,(236),435,30,5,2,21
Raheja Developers,3.1,(236),828,7,5,16,--
ICPA Health Products,3.2,(238),672,16,37,20,--
Centaur Billing,3.8,(236),370,64,1,1,10
Scyo Decision Services,4.4,(236),391,24,3,2,6
Advantum Health,2.9,(236),864,13,56,23,--
Ts Tech Sun India,4.1,(236),769,18,3,21,--
Qdigi Services,3.5,(236),599,12,3,15,--
Advantum Health,2.9,(236),864,13,56,23,--
ADARSH DEVELOPERS,4.2,(236),723,14,5,21,--
SunMax Auto Engineering,3.5,(236),674,12,4,20,--
IMSI,3.2,(235),777,10,17,17,--
Qi Spine Clinic,3.6,(235),548,42,14,18,--
Futurism Technologies,3.8,(235),1.2k,43,--,10,--
ONLEI Technologies,4.8,(235),20,25,3,14,--
Jindal (India) Limited,4.0,(243),459,15,--,5,--
KNR Constructions,4.0,(237),757,9,2,22,--
Schott Poonawalla,3.6,(238),1.2k,8,3,4,1
Steril Gene Life Sciences,3.8,(236),1.1k,16,5,11,--
Patton International,3.5,(237),938,14,--,22,--
Programming.Com,3.4,(236),924,28,147,8,110
LNV Technology,3.9,(236),686,14,--,11,6
ExpertCallers,3.6,(235),843,15,1,10,--
M.J Global,3.9,(235),302,11,6,190,--
Optimus Drugs,4.1,(235),1.1k,12,--,20,1
Coffee Day,3.0,(235),972,22,--,28,1
Patton International,3.5,(237),938,14,--,22,--
Programming.Com,3.4,(236),924,28,147,8,110
Qi Spine Clinic,3.6,(235),548,42,14,18,--
RAKS Pharma,3.9,(235),775,11,5,31,--
Uniinfo Telecom Services,3.5,(235),509,13,3,19,--
Verticurl,3.0,(235),2k,13,1,15,--
Neogen Chemicals,4.0,(235),1.4k,18,5,14,--
Mayur Uniquoters,3.8,(235),1k,13,13,32,--
Pattern Technologies,4.2,(235),595,74,10,1,26
SAVA Healthcare,3.7,(234),849,14,34,23,1
Xchanging,4.1,(234),627,4,--,43,--
Bombay Rayon Fashions,3.3,(236),847,6,--,21,--
Travelex,3.2,(234),1.4k,20,8,34,5
Trivitron Healthcare,3.3,(234),1.1k,25,3,28,4
AYM Syntex,3.4,(234),915,22,1,23,--
Abante Integrated Management Services,4.1,(235),745,19,11,5,--
Integrated Personnel Services Limited,4.0,(234),911,22,12,14,19
Balaji Enterprises,4.4,(235),1.4k,12,6,15,1
Blue Cross Laboratories,3.8,(235),676,15,2,22,2
Chiripal Poly Films,4.0,(234),1.2k,19,5,13,1
Anand CY Myutec Automotive,3.8,(236),742,13,--,29,3
Kriti Industries,3.6,(234),709,14,--,21,--
Wave Infratech,3.9,(234),1.1k,27,--,14,--
MKCL,3.7,(234),1.1k,16,3,21,--
Games24x7,3.9,(234),1.8k,25,1,12,7
REI Systems,4.0,(234),487,44,1,50,3
Sand Martin Consultants,2.9,(234),919,30,--,18,--
Hyva,4.0,(234),1k,20,8,26,8
CodSoft,3.9,(234),142,24,--,--,2
Fragomen Immigration Services,3.5,(234),1k,17,--,19,--
Tata Power Renewable Energy,4.0,(234),617,15,--,10,2
Cotecna Inspection India,3.7,(234),863,10,6,13,1
Forest Essentials,4.1,(234),828,19,22,14,--
SGB By BrandSafway,3.9,(234),680,22,--,25,10
Northern Arc Capital,3.7,(234),1.1k,17,4,6,10
Coastal Marine Construction & Engineering,4.1,(234),828,23,19,15,--
Verzeo,2.7,(233),398,33,--,13,--
SkilloVilla,4.2,(234),272,18,6,13,--
FarEye,3.3,(233),1.7k,32,--,20,160
ZeMoSo Technologies,3.0,(233),1.1k,166,23,4,--
SmartWorld Developers,3.9,(234),1k,23,15,7,1
MyCaptain by Imarticus Learning,3.8,(233),556,58,--,16,9
Advids,4.4,(233),313,16,--,12,--
Connectwell Industries,3.5,(233),1.1k,19,24,15,1
Verifacts Services,3.1,(233),745,17,--,38,--
Prozo,3.5,(238),1k,14,1,6,1
Sankey Solutions,3.9,(233),653,37,--,1,15
Drools,3.5,(233),756,10,2,6,4
STMicroelectronics,3.9,(233),1.2k,24,4,28,11
Furlenco,3.3,(233),1.3k,24,--,20,46
Ncc Urban Infrastructure,4.1,(233),910,22,1,20,1
ORISSA METALIKS,3.9,(234),903,11,--,4,1
Link Group,3.8,(233),1.4k,34,--,28,--
Jaypee Hotels,3.9,(233),683,12,--,32,--
Ramky Group,4.2,(235),793,15,--,14,--
Busy Infotech,4.0,(233),869,15,34,17,--
Nyx-medical Solutions,3.6,(233),786,20,--,8,1
Lauren Information Technologies,3.4,(233),1.4k,12,6,10,6
Touchstone Educationals,3.2,(233),503,17,4,17,--
Transcom India,2.2,(233),929,27,1,9,10
Nielsen Sports,3.8,(233),970,9,58,18,--
Bosch Power Tools,4.3,(233),915,18,--,22,3
Fortis Memorial Research Institute,3.9,(235),867,5,--,13,6
Fresher Than Fresh,4.0,(232),385,61,--,15,--
Rossari Biotech,3.7,(235),1.2k,13,6,19,--
Megafine Pharma,3.8,(233),1.1k,6,--,18,--
Walter Bushnell,3.2,(232),589,19,--,7,--
Beumer Group,3.8,(232),1k,19,15,14,4
Biotique,3.1,(232),729,17,--,14,7
Graviti Pharmaceuticals,3.2,(232),952,7,9,13,--
Navitas Life Sciences,3.6,(233),1.4k,17,12,15,5
Successive Technologies,3.7,(232),2.1k,27,11,12,--
Fibe,3.7,(233),1.5k,17,31,16,6
IVTL Infoview Technologies,3.5,(232),1.3k,11,--,21,--
MUNDRA SOLAR TECHNOPARK,3.7,(232),727,13,--,25,--
TravelTriangle,3.6,(232),948,15,9,44,3
Texas Instruments,3.7,(232),2.5k,140,214,13,--
Z1 Tech,4.1,(232),424,22,9,1,9
Elevate Services,3.2,(232),1.1k,21,--,12,--
FedServ,3.6,(232),1.2k,23,2,7,7
Successive Technologies,3.7,(232),2.1k,27,11,12,--
OPG Mobility,3.0,(232),721,15,--,1,3
Google Pay,3.8,(232),1.3k,44,--,21,--
Deutsche Telekom Digital Labs,3.5,(232),2k,39,5,18,41
Amrita Vishwa Vidyapeetham,3.5,(236),1.2k,20,164,17,9
Mantri Developers,3.4,(233),969,10,12,38,--
MasterSoft ERP Solutions,3.7,(231),1k,19,17,10,10
AbbVie Inc.,3.7,(234),998,13,--,4,--
Scania,3.6,(231),607,17,--,40,1
VisionTek,3.5,(232),848,16,5,19,--
PrepLadder,2.6,(234),1.1k,31,5,23,--
TLC DigiTech Private Limited,3.3,(231),811,18,2,23,--
TRF,3.5,(231),890,11,--,25,--
Olympus,3.8,(231),1k,9,--,23,--
SrinSoft Technologies,3.8,(231),1.3k,26,6,21,--
Techahead Software,3.6,(231),853,38,3,9,5
Atidiv,2.6,(231),1.2k,22,5,22,10
Enser Communications,2.6,(231),799,15,6,15,22
DelaPlex Software,4.2,(231),939,38,13,8,1
Jagsonpal Pharmaceuticals,3.5,(231),664,15,8,15,4
DelaPlex Software,4.2,(231),939,38,13,8,1
Enser Communications,2.6,(231),799,15,6,15,22
Garden Silk Mills,3.6,(232),971,6,9,31,--
Broker Network,2.4,(230),1k,12,--,4,--
Travel Boutique Online,3.2,(232),1.4k,28,8,14,--
Bo International,4.1,(230),484,37,18,12,2
Soothe Healthcare,3.1,(230),870,17,--,15,--
BMW Industries,3.4,(230),810,11,--,24,1
Maxinfra,4.1,(230),774,17,--,12,--
Corrival Corporate Services,4.2,(230),524,23,--,2,2
Ceragon Networks,3.8,(230),859,15,1,22,--
Laxmi India Finleasecap,3.9,(230),564,12,14,13,--
BluSmart,3.8,(230),941,21,--,1,1
Meditab Software,3.2,(230),1.4k,32,13,22,--
Colourtex,3.8,(230),995,11,14,16,--
Mark's,4.0,(231),32,9,--,17,--
Lifelong India,4.0,(236),964,21,5,22,--
Vcare Call Center,3.3,(230),559,20,1,22,9
Reecomps Teleservices,3.7,(231),631,13,--,10,--
TP Southern Odisha Distribution,3.5,(232),765,23,--,6,--
Soothe Healthcare,3.1,(230),870,17,--,15,--
Maxinfra,4.1,(230),774,17,--,12,--
Corrival Corporate Services,4.2,(230),524,23,--,2,2
VHS Consulting,3.9,(230),1.5k,15,--,7,--
Meditab Software,3.2,(230),1.4k,32,13,22,--
Colourtex,3.8,(230),995,11,14,16,--
Pran Beverages India,3.7,(230),768,16,9,13,1
Toshiba Water Solutions,3.8,(230),945,22,--,14,1
Bajaj Markets,3.0,(230),1.4k,10,--,4,--
Jyoti Structures,4.0,(230),585,18,1,33,--
ExcelSoft Technologies,3.4,(230),1.7k,21,12,11,--
Gleeds Consulting (India) Pvt. Ltd,4.1,(229),893,10,--,16,1
University Living Accommodation,4.1,(230),578,29,15,13,22
Reliance Money,4.3,(229),796,5,--,19,--
Kserve Bpo,4.3,(230),475,9,3,4,--
Moreish Food,3.3,(229),554,27,1,7,2
Flair Writing Instruments,3.6,(228),890,14,2,21,--
MT Educare,2.5,(229),709,6,--,22,--
Petrofac Engineering India,4.5,(229),948,12,6,20,--
RAXA,4.2,(229),473,6,4,24,--
Eternis Fine Chemicals,3.4,(229),1.1k,19,--,18,--
Decimal Technologies,2.6,(229),1.8k,34,--,16,--
Reliance Home Finance,4.0,(229),477,2,--,24,--
TEOCO Software,4.0,(229),935,18,11,25,--
Putzmeister Concrete Machines,3.5,(229),1k,18,51,14,--
Vivifi India Finance,3.3,(229),890,29,--,3,--
Ebixcash World Money,3.6,(230),881,17,1,12,--
Hippo Homes,3.4,(229),711,14,--,8,--
South Eastern Coalfields,4.4,(228),304,9,--,21,--
State Street Global Advisors,3.4,(228),2.1k,8,--,34,--
Dunnhumby,3.7,(228),1.9k,33,--,28,--
Prakash Industries,3.7,(228),960,5,4,12,--
Flexituff Ventures International,3.4,(228),813,7,--,29,--
Texspin Bearings,4.0,(228),1.1k,17,13,18,--
Jesons Industries,3.3,(228),1.2k,21,3,8,--
SPRAY ENGINEERING DEVICES,4.2,(228),819,15,3,26,--
Om Innovation Call Services,3.6,(228),714,6,--,9,--
Ritu Kumar,3.9,(229),823,14,--,11,--
BeatO,3.2,(230),617,20,1,31,26
Kanoria Chemicals & Industries,3.8,(228),900,16,--,31,--
Information Services Group,3.6,(228),1.5k,23,7,17,66
Innovapptive,4.3,(228),704,26,13,18,--
Antino,2.7,(228),970,44,32,29,7
Indo Rama Synthetics (i),3.6,(228),879,13,2,14,3
Merkle,3.4,(228),2.1k,29,--,1,--
MINISO,3.8,(228),781,20,3,13,2
Bank Muscat,4.2,(228),1.9k,26,--,17,--
Eazy ERP Technologies,3.8,(228),705,28,16,16,8
WovVTech,4.3,(227),435,27,--,8,25
Absolute Barbecues,3.9,(227),876,10,9,20,1
REPUBLIC MEDIA NETWORK,3.6,(227),818,26,26,14,--
Nuberg Engineering,3.6,(228),1k,16,13,21,--
RateGain,3.6,(227),1.5k,23,15,19,--
KPR Mill,4.0,(227),924,11,--,16,--
Gold's Gym,3.8,(228),657,15,--,21,--
Archwell Operations,3.4,(227),1.3k,10,--,8,1
CoachX,4.8,(230),60,8,1,143,3
MMTC-PAMP,4.0,(228),858,16,6,24,4
Vishnu Chemicals,3.9,(230),932,23,1,16,--
Data Patterns,3.2,(227),1.3k,58,18,13,--
Droom,3.1,(227),1.1k,22,16,34,--
MEDICO Healthcare Services & Technologies,3.0,(227),961,26,--,12,1
All India Radio,4.3,(227),612,12,--,21,1
Shree Vasu Logistics Limited,3.4,(227),549,32,12,19,5
Chitkara University,4.1,(228),723,18,18,36,3
Artech,3.1,(227),1.6k,14,1,10,--
Microlink Solutions,3.6,(227),758,14,4,20,12
Equentis Wealth Advisory Services,3.4,(227),763,33,33,27,7
Aarav Global Products & Services Private Limited,2.6,(227),774,14,3,25,6
Croma Campus,3.4,(228),460,20,8,12,--
Oben Electric Vehicle,4.2,(227),506,27,47,15,--
Dr Oetker,4.0,(229),888,15,1,17,--
Nahars Engineering India,3.2,(228),1.1k,15,--,6,--
IPCS GLOBAL SOLUTIONS PVT LTD,4.3,(227),335,63,8,4,5
King George's Medical University,4.2,(226),611,9,--,16,--
Commerce Pundit,4.4,(227),613,44,5,24,29
Srg Housing Finance,3.9,(226),626,13,2,6,--
Torque Pharmaceuticals,3.9,(226),773,11,9,7,--
SITA,3.7,(225),1.2k,30,55,23,--
dsm-firmenich,4.0,(226),1.2k,14,57,16,--
Chrysalis High,3.9,(228),700,17,--,19,--
Nahars Engineering India,3.2,(228),1.1k,15,--,6,--
IPCS GLOBAL SOLUTIONS PVT LTD,4.3,(227),335,63,8,4,5
Laxmi-Agni Components and Forging,4.1,(228),610,16,2,10,3
Keolis Hyderabad Metro,3.9,(226),887,13,--,19,--
Srg Housing Finance,3.9,(226),626,13,2,6,--
Groupe Lactalis,3.4,(226),907,12,113,10,--
Motion Education,3.4,(226),986,17,--,2,5
SITA,3.7,(225),1.2k,30,55,23,--
OSI Digital,3.5,(226),2.2k,19,44,11,--
VISTRA INTERNATIONAL EXPANSION,3.4,(226),1.1k,24,20,23,--
Synthite Industries,4.1,(226),820,11,22,15,4
Pradan,3.7,(226),490,19,--,19,--
Marsh,4.0,(226),641,22,--,29,--
Truemeds,3.4,(227),1.1k,27,2,4,1
Spacewood,3.5,(226),1.2k,11,13,20,--
Saraca Solutions,4.1,(226),591,32,41,31,16
Simform,3.5,(227),1.5k,51,11,15,--
Pin Click,3.5,(225),484,19,10,19,2
TezTecch,4.8,(225),42,127,--,24,--
Eurofins Scientific,3.2,(229),1.6k,16,--,3,--
Parker Hannifin,3.6,(225),1.1k,7,7,16,--
Pin Click,3.5,(225),484,19,10,19,2
Dr Mohan's Diabetes Specialities Centre,3.7,(225),689,19,7,15,--
KC Overseas Education,3.6,(225),1.1k,18,3,5,27
Gates,2.9,(225),974,15,--,25,--
Cogent,3.1,(225),875,25,--,6,--
Inchcape Shipping Services,3.2,(225),1.3k,25,9,13,--
Cleartrip,3.1,(225),1.3k,27,15,21,7
Essel Group,3.7,(225),1k,7,1,28,--
Sutlej Textiles and Industries,3.8,(229),895,8,--,14,--
Simform,3.5,(227),1.5k,51,11,15,--
Pathfinder Business Analysis,3.5,(225),1.3k,14,2,16,--
Informatica Business Solutions,3.9,(225),2k,41,--,20,--
ePack Durables Solutions,3.5,(225),1.1k,15,--,7,--
TezTecch,4.8,(225),42,127,--,24,--
Besant Technologies,3.7,(225),1.2k,19,--,8,--
NMIMS,3.7,(225),1.2k,25,--,13,--
PagarBook,3.5,(225),958,21,5,15,5
Manipal Business Solutions,3.9,(225),771,17,--,3,--
CompuGroup Medical,3.2,(227),856,17,--,21,--
M Swasth Solutions,3.3,(224),483,16,--,1,--
Mitsui O.S.K. Lines,4.0,(224),774,5,1,16,--
Indo National Limited (Nippo),4.2,(224),695,11,4,14,1
Third wave Coffee Roasters,3.4,(224),932,21,--,8,--
Magicrete Building Solutions,3.8,(224),902,24,28,14,--
Oasis Infobyte,4.1,(224),139,24,--,--,--
TP Northern Odisha Distribution,3.5,(230),788,26,5,10,--
INFOSEC VENTURES,3.2,(224),416,24,3,11,--
Tata CLiQ,2.9,(228),1.4k,15,2,28,--
TPI Composites,4.3,(224),971,24,4,20,--
Purnartha Investment Advisors,4.1,(224),774,20,3,9,7
iLink Digital,2.9,(224),1.9k,26,8,1,--
Embassy Services,3.7,(225),1.1k,12,6,12,--
Religare Finvest,4.3,(224),528,3,2,29,--
Motorola Solutions,3.6,(224),1.7k,35,--,20,--
AWC Software,3.6,(224),1.5k,15,--,22,--
Galaxy Weblinks,3.7,(225),946,19,--,77,6
Rotostat Services,3.9,(225),834,18,--,18,--
Liebherr Appliances India,3.6,(224),915,11,45,17,--
Mold-Tek Technologies,3.1,(224),950,12,2,17,1
Philip Morris International,4.2,(224),767,15,--,20,--
Uni Cards,3.7,(224),840,28,3,3,10
AIS InfoSource,3.7,(224),861,25,30,36,--
Exponentia.ai,3.9,(224),837,24,42,26,31
Horiba India,3.4,(224),1.1k,9,9,22,--
The Souled Store,3.6,(224),771,21,1,17,--
C DOT,3.8,(224),1.3k,35,--,19,2
Rolta India,3.6,(223),871,2,--,15,--
Blazeclan Technologies,3.7,(223),1.7k,21,--,17,15
Yaantra,3.6,(223),560,13,--,7,3
Kerakoll,4.2,(223),777,18,--,24,1
UGC Supply Chain Solutions,3.2,(224),946,7,--,19,--
Elin Electronics,3.8,(224),766,3,--,1,--
Ibis,4.4,(223),653,8,--,32,1
Preethi Kitchen Appliances,4.0,(223),666,8,1,19,--
Pha India,4.0,(223),784,6,1,25,--
Milan Laboratories India Private Limited,3.6,(227),1k,10,2,16,--
SAMCO Securities,3.9,(224),933,96,1,4,6
Anlage Infotech,3.2,(228),811,21,18,43,--
UL Solutions,3.9,(223),811,14,27,2,--
Mehin,3.9,(223),576,9,--,10,--
E2logy Software Solutions,4.7,(223),235,16,2,94,--
InMobi,3.0,(223),2k,44,42,16,9
ABCD,4.0,(223),6.3k,112,--,12,--
Ajax Engineering,4.0,(224),1.2k,9,5,10,--
Root Industries,4.0,(223),1.2k,9,23,19,--
Deep Industries,3.5,(223),1k,22,3,8,--
Webasto Roofsystems India,4.0,(223),1k,19,1,8,1
Satyesh Brinechem,3.2,(223),872,29,1,15,1
Tata Housing Development Company,4.2,(223),941,11,--,29,--
EagleBurgmann,4.2,(223),1.1k,16,1,20,--
DTC Projects,3.8,(223),653,24,6,33,44
TransPerfect,3.1,(223),1.3k,32,12,10,--
Hicare Services,3.9,(222),847,13,--,19,--
Rapid Care Transcription,4.3,(222),412,58,8,3,--
Shangri-la Hotels & Resorts,4.2,(222),530,6,--,38,3
Pothys,4.0,(222),395,11,7,14,--
Tata Lockheed Martin Aerostructures,4.0,(222),1k,17,--,18,--
Anri Solutions HR Services,4.0,(222),503,21,--,3,--
Upstox,3.5,(222),1.6k,47,30,13,--
Futaba Industrial Gujarat,4.4,(222),817,12,2,11,--
Modern Automotives,4.2,(222),744,29,9,36,1
Khanna Paper Mills,3.8,(222),870,11,6,15,--
Tata Lockheed Martin Aerostructures,4.0,(222),1k,17,--,18,--
Anri Solutions HR Services,4.0,(222),503,21,--,3,--
Hinduja Group,3.7,(222),1.6k,25,--,31,8
Hicare Services,3.9,(222),847,13,--,19,--
Rapid Care Transcription,4.3,(222),412,58,8,3,--
Shangri-la Hotels & Resorts,4.2,(222),530,6,--,38,3
Cloud Analogy,3.8,(222),1.5k,67,--,5,--
BridgeLabz Solutions,3.3,(222),576,22,--,75,--
Bhima Gold,3.8,(222),851,17,7,15,--
Elofic Industries,4.0,(222),832,11,6,11,--
Globus Stores,3.5,(221),637,9,--,25,--
XenonStack,3.1,(221),508,33,12,42,33
MidasCare Pharmaceuticals,3.2,(221),645,13,1,11,--
Tps Infrastructure,4.0,(223),753,16,6,15,--
Resonance Eduventures,3.8,(222),715,7,--,12,--
Brnd.Me,3.7,(223),935,20,2,6,5
Haldiram's Prabhuji,2.9,(221),572,13,--,12,--
Special Technical Services,4.1,(221),602,13,--,22,1
Liyaans Properties,4.9,(221),60,5,2,7,1
KP GROUP,4.2,(221),662,23,810,12,2
NATIONAL SKILL DEVELOPMENT CORPORATION,3.4,(221),1k,25,5,12,--
Globus Stores,3.5,(221),637,9,--,25,--
MidasCare Pharmaceuticals,3.2,(221),645,13,1,11,--
Beri Udyog,3.8,(224),846,17,12,17,4
Brnd.Me,3.7,(223),935,20,2,6,5
TATA MEDICAL CENTER,3.8,(222),610,17,25,23,--
Akbar Travels,3.4,(222),1k,13,2,15,--
Bodal Chemicals,3.4,(224),1.2k,19,7,10,--
Tps Infrastructure,4.0,(223),753,16,6,15,--
Ananth Technologies,3.8,(221),1.2k,16,7,22,1
Ubique Systems,4.2,(221),747,30,--,29,--
Aneja Associates,3.4,(221),830,17,2,8,--
Revolt Motors,3.3,(221),819,30,27,9,--
Paramatrix Technologies,3.6,(221),576,14,55,15,--
Kopran,3.6,(221),1.2k,14,7,16,--
Apex Hospital,4.1,(221),882,13,25,15,1
Kopran,3.6,(221),1.2k,14,7,16,--
Masters' Union School of Business,3.3,(221),1k,97,125,11,--
Rohan Motors,3.9,(221),720,13,27,10,--
Quest Global Technologies,3.5,(222),1.8k,27,--,27,1
Bioseed,4.1,(222),436,16,--,5,4
Rajapushpa Properties,3.9,(220),982,19,--,10,4
Fulcrum Digital,3.5,(220),1.5k,37,3,6,--
Cummins Generator Technologies,4.1,(220),741,14,--,22,4
Venus Home Appliances,4.2,(220),676,19,9,16,18
BTL EPC LTD,3.7,(220),815,19,3,12,--
Army Medical Corps,4.8,(220),668,19,--,32,--
MiM-Essay,4.5,(221),255,54,--,17,--
Counsel India,4.3,(220),303,15,9,2,2
Bazar India,3.7,(220),439,15,--,3,--
GENWORKS Health,3.0,(220),751,19,--,22,--
Utkal Alumina International,4.3,(221),703,18,6,15,3
TechMojo Solutions,3.8,(220),1.5k,37,11,17,5
Chhatrapati Shivaji International Airport,3.5,(220),1.1k,13,--,24,--
Shanthi Gears,3.2,(220),1.2k,19,2,20,--
Infosys Springboard,4.6,(219),49,10,--,1,--
ACUTAAS CHEMICALS LIMITED,3.8,(220),1.2k,16,12,13,--
Red FM 93.5,3.7,(221),809,9,--,17,1
Tci Freight,4.2,(220),798,16,12,8,--
Turito,3.3,(220),888,25,--,13,--
CallHealth,3.3,(219),817,5,--,27,--
Tresor Systems,3.7,(219),742,12,8,15,--
Three D Integrated Solutions Ltd,3.4,(219),662,19,--,15,1
BetterPlace Safety Solutions,3.2,(219),1.4k,20,--,19,5
Modicare,3.9,(219),817,20,6,20,1
CENTRUM HOUSING FINANCE,4.0,(219),544,4,--,6,--
SILA Group (India),3.6,(219),775,7,--,3,1
Navigators Software,4.1,(219),624,19,38,4,--
Kazo Fashion,3.5,(219),546,12,1,11,--
PP Rolling Mills,3.8,(219),888,30,5,6,--
Vidya Mandir Classes,3.3,(219),854,9,1,12,--
Bharathi Cement,3.8,(220),753,5,--,13,--
FAIRWAY ENTERPRISES,3.9,(221),914,16,--,16,--
Roulunds Braking,3.4,(221),810,21,2,21,--
Orchid Chemicals & Pharmaceuticals,4.1,(220),507,11,9,23,--
India Post Payments Bank,4.3,(220),655,9,--,7,--
Smart Energy Water,2.6,(219),1.6k,25,21,9,--
Biryani By Kilo,4.3,(219),731,6,--,7,2
Xplore-Tech Services,3.2,(219),787,21,--,24,--
Milk Mantra Dairy,3.7,(219),799,19,--,19,--
Toppan Merrill,3.8,(219),1.5k,24,33,11,5
Destek Infosolutions,4.2,(219),225,12,--,47,34
Air India Express,3.3,(219),1.2k,18,4,16,--
N.K. Realtors,4.1,(219),485,31,5,17,--
Faiveley Transport,4.0,(219),817,14,149,32,3
SBL,3.6,(219),870,8,--,14,--
Svasti Microfinance,4.0,(219),549,8,5,6,1
Marengo Asia Hospitals,4.0,(219),449,8,6,3,--
Vikas Money,4.8,(221),57,15,--,1,--
Bharat Institutions,3.4,(218),181,14,--,98,--
IDMC,3.4,(218),905,7,1,11,--
Fleet Management,4.0,(217),770,23,36,18,--
Josh Talks,4.1,(218),387,29,--,2,1
InSync Analytics,2.4,(219),1.4k,38,--,16,--
Crimson Interactive,2.4,(218),1.2k,21,30,25,--
Continental Hospitals,3.9,(218),876,16,13,11,9
Tbea Energy,4.0,(219),895,15,8,30,--
Tech Mahindra Foundation,4.0,(218),598,33,--,30,--
Vikas Money,4.8,(221),57,15,--,1,--
HEPL - A Cavinkare Group Company,3.4,(220),1.2k,32,3,2,--
Bharat Institutions,3.4,(218),181,14,--,98,--
City Montessori School,3.5,(219),755,8,--,20,3
Shirdi Sai Electricals,3.5,(218),650,16,--,20,--
Josh Talks,4.1,(218),387,29,--,2,1
InSync Analytics,2.4,(219),1.4k,38,--,16,--
Moneyboxx Finance,3.6,(218),615,11,14,7,8
CONTUS TECH,4.0,(218),932,57,1,8,8
IFB Automotive,3.8,(218),827,7,--,23,1
Crimson Interactive,2.4,(218),1.2k,21,30,25,--
Pilot Industries,3.7,(219),1k,29,--,9,--
COWI,4.2,(218),676,9,6,19,--
Flender,3.6,(218),1.2k,18,3,13,--
Sri Ramachandra Institute of Higher Education and Research,3.9,(218),957,9,--,7,--
Rishabh Instruments Limited,3.9,(218),750,17,9,20,6
Radhakrishna Foodland,3.8,(218),794,9,4,15,7
Mol Information Processing Services India,3.3,(218),824,9,7,29,--
Solugenix India Private Limited,3.2,(219),1.9k,33,38,12,--
Gainwell Technologies,4.0,(218),1.6k,43,24,29,7
Lumiq,3.6,(218),857,15,7,16,1
Malayala Manorama,3.6,(219),1.1k,13,17,13,--
Biostadt,4.2,(218),614,14,1,18,1
Comcast India Engineering Center,3.7,(218),2.4k,62,--,19,4
John Deere Financial,4.3,(218),592,15,--,14,1
SCON Projects,4.4,(219),686,8,--,17,--
Jagran Prakashan,3.5,(217),860,9,--,11,--
Videojet Technologies,3.9,(220),832,9,8,25,--
Software AG,4.3,(217),1.5k,25,--,20,2
Manohar Filaments,3.8,(216),959,13,--,11,2
Weatherford,3.4,(217),923,17,--,24,4
Daffodil Software,3.7,(217),1.5k,32,--,31,--
Network Techlab,3.6,(217),1k,14,29,11,--
Six Sigma Soft Solutions,3.4,(218),1.4k,23,--,7,--
Prithvi Innerwears Private Limited,4.8,(217),65,47,--,1,--
The Co-operative Bank,3.7,(218),783,6,--,24,--
Shivam Infocom,4.3,(217),579,3,--,12,--
Zamil Air Conditioners,4.1,(218),515,12,--,34,--
Network Techlab,3.6,(217),1k,14,29,11,--
Six Sigma Soft Solutions,3.4,(218),1.4k,23,--,7,--
Emiza Supply Chain Services Private Limited,3.6,(217),788,10,6,10,1
Vijay Tanks & Vessels,4.2,(216),773,10,2,17,--
Parijat Industries (India),4.0,(217),779,10,--,25,5
Ayesa,3.9,(217),645,16,5,18,--
Prithvi Innerwears Private Limited,4.8,(217),65,47,--,1,--
The Co-operative Bank,3.7,(218),783,6,--,24,--
SCON Projects,4.4,(219),686,8,--,17,--
Jagran Prakashan,3.5,(217),860,9,--,11,--
Videojet Technologies,3.9,(220),832,9,8,25,--
Zamil Air Conditioners,4.1,(218),515,12,--,34,--
Manohar Filaments,3.8,(216),959,13,--,11,2
Software AG,4.3,(217),1.5k,25,--,20,2
Entertainment Network India,3.4,(217),1k,9,15,17,--
Weatherford,3.4,(217),923,17,--,24,4
Supreme Treon,3.9,(217),896,13,--,20,8
Globus Spirits,3.8,(217),951,14,--,10,--
Govt. Medical College,4.0,(217),869,13,--,13,--
SMC Power Generation,3.6,(216),815,15,--,11,1
Altum Credo Home Finance,3.7,(217),660,10,1,47,26
NCR Atleos,3.8,(236),1.3k,17,5,4,--
Centrient Pharmaceuticals,3.6,(216),1.1k,19,3,20,--
Rajesh Motors,3.8,(216),674,7,--,15,1
EMCO,3.8,(216),612,7,--,26,--
Innovalance Learning Systems,3.2,(216),383,35,--,4,--
KFA Consultant,1.3,(216),6,3,--,--,1
Hyundai Engineering,3.8,(216),794,16,--,23,--
Netaxis IT Solutions,3.9,(216),313,20,--,106,1
UTI Asset Management Company,3.8,(216),911,14,--,10,--
ACT Plast Paints,3.9,(216),809,11,9,16,1
Evonith Steel,3.9,(220),637,22,3,2,--
ARaymond,4.0,(217),1.1k,17,9,15,7
Mantra Softech,3.7,(220),1.2k,16,9,13,--
Vegrow,3.8,(217),982,21,12,13,--
Su-Kam Power Systems,3.5,(217),513,6,--,28,--
Fare Labs,2.4,(217),784,13,10,8,1
Bhutani Group,4.2,(216),772,38,--,12,3
TRIGO Group,2.5,(216),670,16,--,22,--
Mitsubishi Heavy Industries,4.2,(216),857,4,--,17,--
Nippon Data Systems,3.3,(216),1.1k,28,2,8,--
Janatics India,4.0,(216),1.3k,12,5,20,--
ACME Group,4.6,(216),311,31,--,4,--
ITCube Solutions,3.0,(216),1k,16,4,22,--
ICE Data Services,3.2,(215),1.5k,32,12,13,3
Ziff Davis Performance Marketing,3.6,(215),804,4,2,13,--
Vishay Components,4.0,(219),814,13,5,20,--
Blackbuck Insights,3.7,(217),966,18,11,5,12
Shriram Fortune Solutions,3.5,(215),463,11,--,21,--
International Certification Services,3.2,(215),778,7,4,14,--
SkillVertex,3.2,(215),288,17,3,65,--
Masu Brakes,3.3,(215),814,15,21,32,1
KisanKraft Machine Tools,3.1,(215),757,14,2,11,--
Corient Business Solutions,3.2,(215),888,33,6,11,--
Autoline Industries,3.5,(216),894,15,--,13,--
TechStar Group,4.1,(215),1.1k,20,92,14,--
KayBee Bio Organics,3.8,(215),387,35,9,9,2
Alpha Design Technologies,3.6,(215),1.2k,15,2,24,--
Aditi Consulting,3.3,(216),1.1k,17,5,14,5
Elsamex Maintenance Services,4.1,(215),583,11,--,22,--
Tata Asset Management Private Limited,3.6,(216),1k,12,5,15,--
Lingaya's Vidyapeeth,4.5,(215),289,47,--,3,--
Gujarat Narmada Valley Fertilizers & Chemicals,4.3,(218),838,12,--,18,--
Ashok Iron Works,3.3,(214),820,14,5,18,--
Emirates Airlines,3.9,(215),846,26,11,30,--
Ensure Support Services,4.4,(215),675,5,2,25,--
Creative Group,4.3,(215),755,34,--,9,13
WinWire,3.2,(215),1.7k,33,21,15,--
Valethi Technologies,3.1,(215),1.1k,12,--,11,--
Orange Health Labs,4.0,(217),593,19,--,5,--
Hero Future Energies,4.1,(219),1k,9,8,25,--
Tata Passenger Electric Mobility,4.1,(220),693,14,--,2,1
JSW Severfield Structures,3.8,(217),854,14,1,19,--
Praxis home Retail,3.8,(217),824,7,6,22,--
LRS Services Pvt Ltd,3.9,(214),821,24,3,23,5
Heads Up For Tails,3.5,(214),975,16,20,12,--
Fernandez Hospital,4.3,(215),567,6,--,19,--
Flyhomes,4.3,(214),357,2,--,96,24
Zivame.com,3.6,(214),1k,11,--,8,3
Career Launcher,3.8,(215),1k,8,9,18,--
Koye Pharmaceuticals,3.1,(214),598,9,--,17,--
AmpleLogic,4.0,(217),698,24,8,19,--
Marque Impex,4.0,(219),675,15,--,16,2
Vinculum Solutions,2.3,(214),1.4k,15,14,25,--
BajajSons,3.7,(214),848,11,4,15,--
SmartStream Technologies,3.2,(214),1.6k,17,5,14,--
Cordlife Sciences India,3.4,(214),570,13,14,27,--
Vedika Credit Capital,3.5,(214),562,5,1,22,--
Gokul Agro Resources,3.7,(214),952,17,11,7,2
Krishnapatnam Port,3.9,(214),734,7,--,37,--
Ohmium,3.4,(214),787,17,20,3,--
MSC Technology India,3.9,(214),1.7k,45,18,30,8
ASP OL Media,3.8,(214),341,72,6,6,--
Crossword Bookstores,3.5,(215),562,8,5,9,--
Ramoji Film City,4.2,(214),637,10,--,26,1
Stats Perform,3.3,(213),1.1k,24,3,3,6
Amphenol Fci,3.7,(213),984,13,4,17,2
Sri Gopikrishna Infrastructure,3.8,(213),497,8,3,27,--
Simplify Healthcare,2.5,(213),1.8k,40,55,2,--
ZunRoof Tech,3.5,(213),470,42,13,35,--
Zen Technologies,4.0,(213),896,27,3,12,4
Igarashi Motors,3.7,(216),1.1k,10,11,6,--
Geo Chem Laboratories,3.6,(213),647,13,10,12,--
ZKTeco Biometrics,3.1,(214),1.3k,27,--,13,--
Country Club India,3.1,(213),516,2,--,17,--
Gensol Engineering,3.7,(213),765,16,--,11,--
Gulbrandsen,4.1,(214),1.1k,6,3,30,--
alliantgroup,2.3,(214),1.1k,26,--,11,--
Colan Infotech,4.0,(212),1.3k,30,31,20,--
Nisum,2.8,(213),1.8k,33,41,16,5
Hidesign,2.9,(213),913,17,8,11,1
Embio,4.0,(213),933,6,8,17,--
Sula Vineyards,4.0,(213),836,11,7,16,--
Appsierra,4.4,(213),280,32,3,167,30
ECOS (I) MOBILITY & HOSPITALITY,3.8,(213),467,7,--,13,--
Aptia,2.7,(213),983,11,15,9,--
Sahajanand Laser Technology,3.0,(213),874,19,22,28,--
Vnr Seeds,3.8,(213),720,15,22,12,1
KDK Software,2.7,(213),454,26,43,20,3
Bharat Broadband Network,3.8,(213),783,10,--,5,1
Zen Technologies,4.0,(213),896,27,3,12,4
DNEG CREATIVE SERVICES,2.9,(213),946,10,7,11,--
Bombay Dyeing,3.9,(212),914,10,2,29,--
Kh Exports,3.9,(213),847,9,--,19,--
Teleone,3.7,(212),699,16,4,19,--
Precision Camshafts,3.2,(212),759,5,--,11,--
In2IT Technologies,2.9,(213),1.1k,17,1,15,--
Thyssenkrupp Industries and Services,3.9,(211),842,7,--,4,--
AARGEE STAFFING SERVICES,3.7,(212),673,6,--,7,--
Andhra Pradesh State Skill Development Corporation,3.9,(215),553,5,--,29,--
Taikisha Engineering India,3.9,(215),1.2k,17,1,18,--
Sakarni Plaster,4.4,(214),385,62,1,18,--
Primary Health Centre,4.2,(212),782,8,--,11,2
Kama Ayurveda,3.9,(214),789,21,1,17,--
Development Consultants,3.4,(212),587,13,--,20,1
Pradhan Mantri Kaushal Vikas Yojana,4.2,(212),365,7,--,24,--
Carzonrent,3.4,(212),638,3,1,9,--
Orange Retail Finance,4.1,(212),640,6,--,12,--
Prasol Chemicals,3.2,(212),1.2k,27,12,17,--
Enmas O & M Services,4.1,(212),662,11,--,21,1
Orthosquare Dental Clinic,4.5,(212),88,18,--,5,2
SACHA Engineering,3.3,(212),1.4k,14,--,14,--
HomeBazaar.com,3.7,(212),748,21,215,13,22
Sterling Talent Solutions,3.7,(211),687,11,--,35,--
Infojini,2.8,(211),751,20,10,27,26
India Pesticides,4.1,(211),849,18,6,9,--
UFO Moviez,3.1,(211),924,9,13,20,--
Sakura Autoparts,3.7,(211),855,11,1,12,2
Axio,3.7,(212),864,8,--,21,4
Country Inns & Suites,4.1,(211),643,7,--,35,1
Transaction Solutions International (India) Pvt Ltd,3.8,(214),753,21,11,6,3
Ludhiana Beverages,4.0,(212),806,11,5,18,--
Ganesh Grains,3.2,(212),627,19,4,13,--
CBSI,3.2,(211),1.1k,10,--,20,--
Siemens PLM Software,4.1,(211),1.7k,12,--,32,--
Petronas Lubricants,3.2,(211),702,19,3,24,--
Wingreens Farms,4.0,(211),849,10,--,18,--
S.S. Kothari Mehta & Co,3.5,(211),839,13,2,10,--
Lokesh Machines,3.9,(211),838,12,5,19,--
Expeditors International,3.5,(211),1.3k,15,--,11,--
IRIS KPO Resourcing,3.9,(211),1k,19,2,7,30
Logicon Facility Management,3.3,(211),748,15,3,11,8
Manitou Equipment India,4.1,(211),921,21,--,12,--
Alghanim International,4.1,(211),594,7,12,28,--
Arvind Techno Engineers,4.0,(212),819,9,--,8,--
Wardwizard Innovations & Mobility,3.2,(212),744,11,--,2,1
World Health Organization,4.0,(211),405,17,2,14,--
AISATS,3.6,(211),379,13,--,26,--
Techmagnate,4.3,(211),781,24,21,20,--
Beyond Key,4.2,(210),692,21,16,19,14
Roha Housing Finance,3.3,(211),626,8,2,4,--
Acma Computers,3.2,(211),937,24,11,11,--
Tripjack,3.8,(211),738,43,34,4,22
Schreiber Dynamix Dairies,3.9,(211),667,8,30,19,--
Pacific Development Corporation Limited (Pacific Group),3.6,(211),1.1k,19,24,20,7
Ichhapurti.com,2.4,(210),670,20,1,37,--
Jay Ushin,3.9,(211),878,7,--,16,1
IIMT Group of Colleges,4.0,(210),580,29,23,6,--
Hospet Steels,3.7,(211),857,18,6,18,1
Biorad Medisys,3.6,(211),989,24,3,10,--
Thejo Engineering,4.1,(210),948,25,5,18,--
Skypro Technologies,3.2,(210),704,14,--,13,1
Samkwang India Electronic,3.4,(210),836,18,14,12,1
Hi Tech Informatics,3.5,(210),735,12,--,9,--
Kirloskar Technologies,4.1,(210),547,18,6,16,--
Ichhapurti.com,2.4,(210),670,20,1,37,--
Jay Ushin,3.9,(211),878,7,--,16,1
IIMT Group of Colleges,4.0,(210),580,29,23,6,--
Biorad Medisys,3.6,(211),989,24,3,10,--
Hospet Steels,3.7,(211),857,18,6,18,1
Rexel,3.4,(211),954,13,3,18,--
Japfa Comfeed India Private Limited,3.9,(210),895,16,17,19,1
Barbrik Project Limited (PRA Group),3.7,(210),618,16,14,9,1
OptimHire,3.7,(210),822,28,--,25,--
TVS Automobiles Solutions,3.5,(210),821,7,--,2,--
Jabsons Foods,4.0,(210),485,32,11,7,--
Orbit Techsol,3.6,(210),1.2k,12,12,9,16
Prime Focus,4.1,(209),621,1,--,31,--
Brainware University,2.8,(209),608,25,35,4,19
Woodrock Infotech Private Limited,3.0,(211),362,18,1,10,1
Ducat,3.5,(209),684,15,--,5,17
Ways2excel,4.5,(209),61,7,--,54,--
Getix Health,3.7,(209),1k,15,7,17,--
Izmo,2.9,(209),890,17,14,15,--
Indel Money,4.1,(209),636,9,18,7,4
Ruby General Hospital,3.3,(209),761,9,5,7,2
Ashv Finance,4.1,(210),751,10,--,10,--
Gulf Asia Contracting,3.4,(220),700,12,--,8,--
AccSource KPO,3.2,(212),906,27,1,37,6
Eshopbox Ecommerce,2.9,(211),665,47,6,8,6
Luthra Group Company,4.1,(209),898,23,16,17,3
Yashi Consulting Services,3.3,(209),293,11,--,41,--
Jasmin Infotech,3.9,(209),1.5k,15,8,17,--
Clarion Technologies,3.9,(209),1.5k,25,15,17,--
Colruyt Group,3.7,(209),1.1k,13,14,22,--
Quest Diagnostics,4.5,(209),935,11,--,26,--
Mervice Infotech,3.4,(209),523,47,6,2,--
SVN SYSTECH INDIA,3.2,(209),937,12,50,6,--
One Point Solutions,3.3,(209),1.1k,9,--,6,--
Innovel Energy Services,3.9,(211),423,22,10,21,8
Crescon Projects & Services,3.5,(212),753,18,5,11,--
CDM Smith,3.5,(208),911,15,14,16,6
Indobevs,3.9,(208),859,13,3,13,--
Hoonartek,3.5,(208),1.5k,17,--,14,--
Rama University,3.4,(208),530,15,177,26,3
Apache Footwear,3.6,(208),695,18,--,18,2
St Regis,4.1,(210),636,9,--,22,--
eligarf Technologies,3.7,(210),288,13,--,1,12
Euro School,4.0,(208),599,28,--,34,--
IDBI Capital,3.6,(208),897,13,20,14,--
Shopclues,3.3,(208),1.1k,9,60,23,--
Beckman Coulter,3.4,(208),1.4k,13,--,19,6
DE Shaw,3.6,(208),3.2k,131,2,11,--
Karam Safety,4.2,(209),815,9,4,5,--
Al Ahleia Switchgear,3.6,(208),515,12,--,25,--
House Of Diagnostics,4.1,(208),792,16,14,26,20
Talentica Software,3.8,(208),1.5k,53,17,25,--
MeritNation,3.2,(207),584,7,--,22,1
Wings Biotech,2.9,(209),505,11,3,30,--
Blue Rose Technologies,4.1,(207),1.1k,21,--,20,2
Blue Rose Technologies,4.1,(207),1.1k,21,--,20,2
Lakme Salon,3.9,(207),462,14,--,14,--
Paytm Money,2.9,(207),1.3k,31,1,12,3
Wings Biotech,2.9,(209),505,11,3,30,--
Cyntexa,4.1,(207),596,52,46,31,110
Hgs Services,3.8,(207),656,55,--,33,--
Bhansali Engineering Polymers,3.1,(207),768,21,2,9,7
Black & Veatch,4.1,(207),1k,16,94,24,--
IG Petrochemicals,3.2,(207),1.1k,15,2,12,--
Vrinsoft Technology,4.5,(210),241,34,1,7,--
Roots Multiclean,3.7,(207),1k,19,71,19,--
Shine,4.0,(207),513,35,2,22,1
Dhampur Sugar Mills,3.9,(207),736,16,16,21,--
SFC Solutions India,3.6,(207),912,20,--,10,1
BPO+,4.4,(207),1.7k,48,--,21,--
Maharishi Markandeshwar University,3.6,(207),570,13,--,10,7
Anglo-Eastern Ship Management,4.1,(207),547,17,36,22,1
Redington Group,3.8,(207),1.4k,9,8,3,--
Biophore India Pharmaceuticals,3.5,(207),910,14,9,16,6
FACE Prep,4.0,(208),341,57,--,28,1
Axalta Coating Systems,4.0,(207),862,12,6,30,--
Windsor Machines,4.0,(207),824,10,3,16,--
Mukand Sumi Special Steel,3.7,(207),744,15,--,12,--
M&G India,3.5,(208),1.8k,14,7,10,3
S.R.Batliboi & Co.,3.0,(207),988,15,--,13,--
Zentiva,4.2,(207),882,10,25,10,--
Muthoot Mercantile,3.2,(207),600,13,17,5,2
Maharaja Agrasen Hospital,3.8,(208),762,9,20,9,--
Manikaran Power Limited,3.7,(207),766,34,35,14,18
Sigma Freudenberg NOK,4.2,(208),964,12,--,23,--
Samsung Semiconductor,3.1,(206),1.8k,22,--,10,--
China State Construction Engineering Corporation,3.9,(207),598,20,--,20,1
Odisha Power Generation Corporation,3.7,(206),724,9,--,23,1
Shemaroo Entertainment,3.3,(206),1.1k,10,3,18,--
The Cosmos Co-operative Bank,3.4,(211),1k,10,--,16,1
Alp Nishikawa,3.9,(207),850,10,4,19,3
Sleepwell,4.1,(207),658,18,--,14,--
Mashreq Bank,3.1,(208),1.1k,9,--,17,--
Integrated Resources,3.9,(206),724,38,--,15,--
rebootXP,2.8,(208),314,13,10,2,6
S.c Johnson Products,3.9,(206),557,2,--,30,6
Grass Roots Research & Creation,4.6,(206),131,2,3,127,--
Mfine,3.3,(206),1.3k,26,--,30,3
TekisHub Consulting Services,3.5,(209),1.1k,23,1,7,--
Kent,3.4,(206),834,8,--,9,2
Bygging India,3.9,(206),666,17,10,18,6
LS Automotive India,3.2,(206),1k,10,10,22,--
Mitsubishi Power India,4.5,(206),898,17,--,18,--
Vensure Employer Services,3.7,(206),300,49,59,6,39
Sendan International Co,2.2,(206),514,15,--,11,2
AB Mauri India,3.6,(209),848,13,1,13,1
Margadarsi Chit Fund,3.6,(205),687,12,--,14,--
OEN India,4.1,(205),886,16,1,12,--
Sigma Supply Chain Solutions,3.4,(205),490,4,3,9,--
Dollar Industries,3.6,(205),821,13,--,12,--
Lubrizol Corporation,3.8,(205),1k,10,15,16,--
Apps Associates,3.3,(206),1.4k,12,32,19,--
Gulf Spic General Trading & Contracting Company,3.5,(208),788,11,1,27,--
Manika Plastech Private Limited,3.9,(206),593,14,9,1,1
Fabtech Projects & Engineers,4.0,(205),842,17,14,13,--
IILM,3.9,(205),483,12,2,6,2
Capricorn Logistics,3.6,(205),747,8,7,10,--
DB Engineering & Consulting,4.3,(205),875,12,1,16,--
Lakshmi Life Sciences,3.8,(206),1k,11,11,7,--
Tata Main Hospital,3.7,(205),551,22,--,23,--
AB Mauri India,3.6,(209),848,13,1,13,1
Margadarsi Chit Fund,3.6,(205),687,12,--,14,--
Nutanix,3.4,(205),2.5k,92,50,12,9
Vestian Global Workplace Services,3.5,(205),880,7,11,10,9
Mazars,3.0,(205),1.4k,21,--,7,--
Apps Associates,3.3,(206),1.4k,12,32,19,--
Bureau of Indian Standards,3.9,(205),971,21,4,6,--
Lubrizol Corporation,3.8,(205),1k,10,15,16,--
Ester Industries,3.9,(205),819,10,2,20,--
SEW Eurodrive india,4.2,(205),869,18,--,16,--
Della Group,4.2,(205),318,20,37,14,1
HIVELOOP LOGISTICS,4.2,(204),413,6,--,1,--
SSEM,3.4,(205),362,11,--,30,--
Kriya NextWealth,3.5,(209),797,17,--,1,1
EKA Mobility,3.4,(209),942,14,--,7,--
Kriya NextWealth,3.5,(209),797,17,--,1,1
Ambuja Cement Foundation,3.8,(206),535,13,2,11,--
Peps Industries,4.0,(204),708,13,--,13,--
All India Council Technical Education,4.4,(204),215,11,--,5,--
Adhaan Solutions,3.8,(204),646,12,10,7,2
Tokai Imperial Rubber India,3.9,(204),798,15,--,16,--
Exeltis,4.1,(205),526,14,--,25,6
TomTom,3.7,(204),965,14,--,26,--
EDR Continuous Information,2.9,(205),859,11,1,12,--
Burger Singh,3.7,(209),655,18,2,3,--
Repro India,3.1,(204),911,17,6,13,--
Kundan Group,3.1,(206),686,21,7,4,1
Puthur Infotech,3.5,(207),751,9,1,4,--
Vilcart,3.8,(209),483,19,3,8,2
EKA Mobility,3.4,(209),942,14,--,7,--
Ministry of Home Affairs,4.1,(204),2k,7,--,7,1
Symphoni HR,4.0,(204),368,25,--,2,1
NSL Textiles,3.9,(204),654,11,--,18,2
RJ Corp,4.1,(204),602,9,--,15,1
Gennova Biopharmaceuticals,4.2,(204),919,12,--,13,--
Symphoni HR,4.0,(204),368,25,--,2,1
Adhaan Solutions,3.8,(204),646,12,10,7,2
RJ Corp,4.1,(204),602,9,--,15,1
VDart,4.0,(206),985,52,10,10,30
DavaIndia,3.6,(204),509,20,--,6,--
Godrej Tyson Food,4.0,(204),754,13,--,15,--
Gennova Biopharmaceuticals,4.2,(204),919,12,--,13,--
Timex Group India,4.0,(204),868,6,1,26,--
Sahyadri Industries,3.6,(204),836,14,--,9,1
DS-MAX Properties,3.6,(205),941,29,4,20,--
Marathon Electric India,3.5,(205),884,12,5,19,--
YouTube,4.6,(203),853,9,--,12,--
Ascendum KPS,3.6,(203),818,26,2,16,20
Jagran New Media,3.0,(203),671,7,--,12,59
CETPA InfoTech,3.3,(203),808,16,--,27,--
INOXCVA,3.4,(203),854,9,12,6,--
Saatvik Green Energy,3.8,(203),787,15,1,4,2
Extentia Information Technology,3.4,(203),1.4k,18,--,11,--
Prem Henna,3.6,(203),532,4,--,27,--
MSV International,3.9,(209),533,18,16,10,--
Tropilite Foods,3.5,(204),620,15,12,13,--
Ascendum KPS,3.6,(203),818,26,2,16,20
CETPA InfoTech,3.3,(203),808,16,--,27,--
Jagran New Media,3.0,(203),671,7,--,12,59
Extentia Information Technology,3.4,(203),1.4k,18,--,11,--
MBL Infrastructure Limited,4.0,(203),505,12,25,39,1
Krishi Rasayan Exports,4.0,(204),679,12,3,9,--
Sanmar Group,3.5,(203),896,24,--,12,--
Zenoti,2.5,(203),1.6k,53,19,24,--
Object Technology Solutions,3.8,(203),1.3k,9,7,10,--
Ushodaya Enterprises,4.0,(203),759,6,15,21,--
Saatvik Green Energy,3.8,(203),787,15,1,4,2
Prem Henna,3.6,(203),532,4,--,27,--
ReGen Powertech,3.7,(202),427,10,5,23,1
TNT Express,4.0,(202),400,6,--,34,--
Tech Vedhu,4.5,(202),23,35,8,42,--
Avis,3.5,(202),651,8,--,31,--
Vardhman Special Steels,4.0,(204),753,13,19,8,--
Hy Gro Chemicals Pharmtek,3.9,(203),651,12,--,20,--
Competition Team Technology,3.5,(202),1.1k,11,1,7,--
Vardhman Special Steels,4.0,(204),753,13,19,8,--
Medecins Sans Frontieres,4.3,(202),422,14,1,5,--
Competition Team Technology,3.5,(202),1.1k,11,1,7,--
SCIO Management Solutions,4.4,(202),657,18,--,14,1
Timezone Entertainment,3.4,(202),559,13,--,7,--
Springbord Systems,4.1,(202),638,27,9,10,2
Energy Efficiency Services,3.7,(202),761,13,--,20,--
Rozana Rural Commerce Private Limited,3.3,(202),529,28,14,10,23
Kalyan Toll Infrastructure,4.2,(202),657,8,7,21,--
Clean Science And Technology,3.5,(202),1k,12,9,11,--
Tm Automotive Seating Systems,,,--,--,--,--,--
Avaali Solutions,4.3,(202),439,47,13,1,--
Eagle Infra,4.0,(203),876,13,--,18,--
Avis,3.5,(202),651,8,--,31,--
Hy Gro Chemicals Pharmtek,3.9,(203),651,12,--,20,--
Jehangir Hospital,3.8,(202),690,9,6,16,--
Nipro India Corporation,3.3,(202),945,20,9,11,--
insightsoftware,3.6,(202),1.1k,34,9,5,18
Rudrabhishek Enterprises,3.0,(202),793,11,11,15,--
Toyo INK,3.8,(202),899,12,4,21,--
Toyo INK,3.8,(202),899,12,4,21,--
Sims Hospital,3.8,(204),873,22,1,12,--
Godrej Appliances,3.8,(202),662,9,--,21,1
Cex Webuy Entertainment,3.3,(201),1.1k,22,8,23,--
Panchshil Realty,4.3,(201),994,14,--,15,--
DAIMLER TRUCKS ASIA,3.8,(201),1.2k,5,--,7,1
Astec LifeSciences,3.7,(201),782,18,4,14,--
Cholayil Private Limited,4.1,(201),673,9,3,20,--
Volksoft Technologies,4.2,(201),178,4,--,6,--
Vertafore,3.9,(201),1.9k,24,--,17,16
Blue Tokai Coffee Roasters,3.9,(201),724,11,10,16,1
UST BlueConch Technologies,3.7,(202),1.2k,20,--,1,--
B2x Service Solutions,3.9,(201),478,4,--,19,--
Green Gene Enviro Protection And Infrastructure,3.7,(201),580,12,--,2,2
Praxair,4.1,(201),657,7,--,24,--
Dayal Fertilizers,3.8,(202),420,14,--,24,--
Salasar Techno Engineering,4.0,(203),924,18,1,10,1
PS Group,3.7,(204),764,20,10,17,--
Delhi World Public School,3.6,(204),715,17,22,19,3
Soch Apparels,4.3,(202),705,10,--,19,--
DAIMLER TRUCKS ASIA,3.8,(201),1.2k,5,--,7,1
Soch Apparels,4.3,(202),705,10,--,19,--
Blue Tokai Coffee Roasters,3.9,(201),724,11,10,16,1
GKC Projects,4.6,(201),436,--,--,33,--
Lohum Cleantech,3.5,(201),722,24,3,6,--
Vertafore,3.9,(201),1.9k,24,--,17,16
J Mitra And Co,3.8,(201),565,18,2,12,2
Prologic Web Solutions,3.9,(201),393,38,3,15,1
Tecumseh Products,3.2,(201),911,10,3,9,--
CTR Manufacturing Industries,3.4,(201),869,13,47,10,1
Hubergroup,3.9,(200),916,7,38,15,--
IIHT,3.6,(200),860,3,--,30,--
Indian Council of Medical Research,4.2,(200),734,8,--,5,--
Vandana Global,2.9,(200),827,18,5,3,--
Kiaasa Retail Limited,4.6,(200),333,39,--,21,3
Raksha TPA,4.2,(200),738,6,--,11,--
Grupo Bimbo,3.5,(200),949,12,--,8,--
Saudi Electricity Company,4.2,(200),384,10,--,28,5
Zydus Pharma,3.6,(202),719,15,--,8,--
Enrich Hair And Skin Solutions,3.6,(201),664,7,15,16,--
OASYS Tech Solutions,3.7,(203),580,13,--,4,8
Appsquadz Software,4.0,(207),879,28,40,16,31
Excel Industries,3.9,(201),965,16,11,12,--
Illusion Dental Laboratory,3.3,(200),592,16,11,6,--
Osam Dairy,3.9,(200),442,9,2,2,--
Invenio Business Solutions,3.5,(200),1.5k,12,1.1k,16,6
Iron Systems,3.2,(200),966,22,2,4,--
Sequretek It Solutions,3.3,(200),1.1k,11,17,6,5
OnMobile Global,3.6,(200),1.4k,16,--,25,3
Thriveni Sainik Mining,4.4,(201),628,31,--,13,--
Rimini Street,4.0,(200),998,8,26,15,1
GEETANJALI HOMESTATE,3.7,(199),274,16,--,38,--
DST Worldwide Services,4.2,(199),911,8,--,25,--
DesignCafe,3.3,(200),1.2k,13,--,11,36
General Diagnostics International Private Limited,3.1,(199),626,22,2,9,9
Monomark Engineering,4.0,(201),700,13,13,15,--
Gateway Group of Companies,2.5,(199),1.1k,28,2,15,--
Overseas Health Care,3.3,(201),463,18,--,15,--
AXIS Solutions,3.5,(201),777,14,1,7,--
SOS Children's Village,3.3,(200),499,14,7,20,--
Canvera,3.7,(199),607,5,--,15,--
Cadsys,3.3,(199),536,7,1,47,--
Kohler Power,3.8,(199),978,10,--,22,--
ILJIN AUTOMOTIVE,3.8,(199),772,14,1,21,3
Elsevier,3.8,(199),1.4k,26,174,17,31
Krystal Integrated Services Limited,3.9,(199),766,9,14,12,--
Bentley Systems,4.2,(199),1.4k,22,3,27,15
Shakti Hormann,3.6,(199),735,23,3,17,1
SEG Automotive,4.2,(199),1.2k,11,--,16,--
Bengal Energy,3.8,(199),644,11,--,8,2
SAT n paper,4.3,(199),162,27,1,2,--
NexTurn,3.7,(199),399,37,30,2,7
Frontizo Business Services,3.6,(199),602,21,--,9,1
Maahi Milk Producer Company,4.2,(198),511,15,--,24,1
Zeon Lifesciences Ltd.,3.9,(198),738,42,9,18,2
Dishnet Wireless,3.6,(198),370,--,--,39,--
Anand Rathi Wealth Limited,3.0,(198),1.3k,26,--,8,1
Stantec,3.8,(198),1.4k,32,14,9,2
Bullmen Realty,3.0,(198),780,19,--,3,--
Stedman Pharmaceuticals,4.2,(198),355,28,4,24,12
Bharti Airtel Foundation,3.7,(200),487,14,18,31,11
Triveni Almirah,4.0,(198),373,29,41,26,--
Virinchi Technologies,2.8,(198),1.1k,20,4,8,--
Dew Solutions,3.4,(198),1.2k,23,10,21,--
Yotta Infrastructure Solutions,3.7,(198),1.3k,14,66,10,--
Naresh i Technologies,4.0,(198),671,15,7,5,--
Caretel Infotech,3.5,(198),432,10,--,17,--
Aeon Credit Service,3.5,(199),622,12,--,8,--
Accord Synergy,3.3,(198),398,9,--,14,--
Anu Industries,3.5,(198),724,10,2,21,--
Loconav,3.1,(197),1.2k,14,--,11,--
i-Source Infosystems,3.7,(198),830,9,2,7,--
BookMyShow,3.6,(198),1.2k,29,--,20,--
Ciklum,3.6,(198),944,34,58,6,11
Kyb Motorcycle Suspension,3.7,(198),604,16,--,15,--
Dentsu Communications,3.1,(199),1.8k,12,--,5,--
Givaudan,4.0,(198),1.1k,7,--,32,--
Ginni Filaments,3.6,(199),772,7,5,13,--
Indovision Services,3.9,(198),847,23,111,13,34
VBeyond Corporation,3.7,(198),815,12,20,21,11
Bharti Airtel Foundation,3.7,(200),487,14,18,31,11
Naresh i Technologies,4.0,(198),671,15,7,5,--
CleanMax Enviro Energy Solutions,4.4,(198),928,22,42,10,--
HeyCoach,3.8,(197),192,26,--,1,12
Holy Family Hospital,3.3,(198),716,8,31,11,--
The Chennai Silks,3.6,(197),810,10,3,11,--
Pegasus InfoCorp,2.5,(196),1.1k,21,--,16,--
Anthea Pharma,4.0,(197),583,38,8,8,1
Emirates NBD,3.0,(196),1.2k,10,--,25,4
Kanerika Software,4.3,(198),571,7,9,2,--
Epitome Components,3.2,(197),855,15,13,6,--
Cheema Boilers,4.0,(198),793,13,9,12,--
NMTronics India Private Limited,3.1,(197),517,33,3,13,7
Paisalo Digital,3.4,(204),478,18,1,5,--
Mangalam Landmarks,4.7,(199),152,92,15,1,--
Starworth Infrastructure Construction,3.5,(198),781,12,7,7,--
APAC Financial Services,4.1,(200),545,10,23,5,1
Blowhorn,3.2,(197),563,7,--,17,35
Privi Speciality Chemicals,3.8,(198),925,21,6,12,2
Kutch Copper,3.6,(203),712,10,--,3,--
The Chennai Silks,3.6,(197),810,10,3,11,--
Blowhorn,3.2,(197),563,7,--,17,35
Privi Speciality Chemicals,3.8,(198),925,21,6,12,2
APAC Financial Services,4.1,(200),545,10,23,5,1
Kanerika Software,4.3,(198),571,7,9,2,--
Emirates NBD,3.0,(196),1.2k,10,--,25,4
Epitome Components,3.2,(197),855,15,13,6,--
Food Corporation of India,4.1,(197),714,15,--,12,6
Neosym Industry,3.9,(197),746,13,3,19,--
Cubastion Consulting,2.9,(197),1.2k,24,9,15,40
SmartQ - Bottle Lab Technologies,4.1,(197),1.1k,26,75,16,36
AMS Comtel BPMS,3.2,(197),772,10,--,11,5
Cheema Boilers,4.0,(198),793,13,9,12,--
Experian,3.8,(197),2.5k,28,118,11,--
GUVI,3.6,(197),890,31,3,5,20
Toto India Industries,3.8,(197),665,10,7,19,--
Lennox India Technology Centre,3.6,(197),1.1k,28,37,19,11
Jayanita Exports,3.4,(197),697,19,2,14,2
Kenvue,3.6,(196),1.4k,11,28,2,--
Kayjay Forging,3.7,(197),694,9,10,20,--
R.K Associates & Hoteliers,4.0,(198),495,57,11,56,10
BGD Tech PVT LTD,4.3,(198),204,64,--,1,1
Auto Ignition,3.6,(197),690,9,2,21,--
Capline Services,3.8,(198),743,35,3,20,--
Txd (india) Technology,4.0,(196),801,18,--,13,--
Inteva Products,3.6,(196),1.2k,19,9,21,--
Bajaj Broking,4.0,(196),546,21,53,5,18
Sun Direct TV,3.8,(196),653,9,2,19,--
Kumar Organic Products,3.3,(196),901,17,10,14,--
Paranjape Schemes (Construction) Limited,3.2,(196),881,11,6,16,--
Laxmi Remote India,3.6,(197),728,13,--,13,--
GoMechanic,3.3,(199),2k,55,4,25,1
Anion Healthcare Services,3.9,(197),685,15,3,54,--
Affine,3.2,(196),1.4k,55,13,13,3
Green Park Hotels,4.1,(196),687,3,2,24,1
RLabs Enterprise Services,3.0,(196),1.3k,20,--,15,--
Trinity Mobility,3.0,(196),1.3k,15,1,29,1
Edunext Technologies,3.2,(196),602,18,7,12,8
Hi-Tech,3.7,(196),1.2k,22,1,15,--
Essencea Infoserv,2.7,(196),506,18,--,2,--
Primus Techsystems,3.3,(196),1.3k,10,24,12,--
E Pack Polymers,3.8,(196),829,12,1,15,--
Essencea Infoserv,2.7,(196),506,18,--,2,--
TQ Cert Services,3.8,(196),506,14,--,3,2
INDIA TODAY GROUP,3.6,(196),1.2k,12,--,20,--
Cadmaxx Solutions,3.5,(196),791,18,12,6,--
Paranjape Schemes (Construction) Limited,3.2,(196),881,11,6,16,--
Kumar Organic Products,3.3,(196),901,17,10,14,--
Aquera,4.5,(196),376,27,2,24,--
Ess Kay Group,3.7,(196),669,15,2,9,11
Fichtner Consulting Engineers,3.7,(196),815,18,13,8,--
Ecolab Digital Center,3.3,(196),1.7k,26,--,8,--
Value Rcm Solutions,4.1,(196),409,33,1,13,--
Dr. Willmar Schwabe India,3.9,(195),509,10,1,16,--
Dmi Housing Finance,4.1,(196),593,8,--,11,--
Virbac Animal Health,3.8,(195),403,6,--,21,--
Cerium Systems,2.9,(195),1.2k,30,--,12,--
Nabard Consultancy Services,3.5,(199),510,18,1,7,1
Miraj Group,3.9,(195),770,14,1,16,3
Afflatus Gravures,3.7,(195),695,16,4,14,7
Micromatic Grinding Technologies,4.0,(195),752,10,8,23,--
Novopor Advanced Science,4.1,(195),880,12,8,10,--
Toyota Boshoku Automotive,4.0,(196),783,5,7,13,--
NeST Digital,3.6,(195),1.4k,20,63,6,3
Oliva Skin and Hair Clinics,3.7,(195),640,14,6,28,15
Radiant Appliances,4.2,(195),742,14,8,20,--
Zen3 Info Solutions,4.0,(195),1.2k,13,--,25,7
Danblock Brakes,3.9,(196),745,11,--,16,--
Kimbal Private Limited,3.5,(200),629,18,8,13,6
DSM Infocom,2.5,(195),424,6,--,5,1
Go Speedy Go,4.5,(195),101,16,--,29,30
Bharat Oman Refineries,3.3,(196),794,8,--,34,--
The Hindu Group,3.7,(199),955,10,3,14,--
Abellon Clean Energy,3.2,(196),859,4,3,18,--
ProcDNA,3.9,(198),633,106,37,6,29
Theon Pharmaceuticals,3.7,(197),792,16,4,15,--
Denso Ten Minda India,4.0,(195),757,17,--,13,--
ARC Document Solutions,2.7,(195),842,19,10,15,--
Cornerstone OnDemand,3.3,(195),1.8k,37,57,9,11
Ilensys Technologies,4.0,(195),1.2k,28,27,10,--
Denso Ten Minda India,4.0,(195),757,17,--,13,--
Tata Institute of Social Sciences,4.3,(195),731,10,--,17,--
Cornerstone OnDemand,3.3,(195),1.8k,37,57,9,11
Oliva Skin and Hair Clinics,3.7,(195),640,14,6,28,15
NeST Digital,3.6,(195),1.4k,20,63,6,3
DesiCrew Solutions,3.1,(195),734,15,25,8,--
Radiant Appliances,4.2,(195),742,14,8,20,--
ARC Document Solutions,2.7,(195),842,19,10,15,--
Modern Business Solutions,3.7,(195),595,8,--,9,--
RT Network Solutions,3.6,(195),619,14,4,9,--
Profinch Solutions,3.6,(195),1.5k,21,1,9,--
Namra Finance,3.9,(195),482,10,3,5,1
Digital Web Solutions,3.4,(195),689,21,47,4,--
AlgoShack,4.2,(197),484,72,48,8,67
Tonglit Autogistic,3.6,(194),749,19,3,14,1
Service Master Clean,3.8,(194),683,14,--,14,--
Mobile Premier League,3.8,(194),1.5k,26,4,14,--
Mitsuba,3.7,(196),751,6,--,18,--
Epimoney,3.3,(200),951,19,18,4,--
Vastu Finserve,4.0,(197),476,6,11,2,--
Gnrc Hospital,3.6,(194),659,15,--,13,--
Al-Futtaim Group,3.8,(194),529,12,--,33,--
ICT Service Management Solutions,3.5,(194),621,4,1,19,--
Carwale,3.3,(194),1.1k,50,29,23,11
Monnet Group,4.4,(194),442,12,--,18,--
C.G. Marketing,3.9,(194),547,4,--,21,3
GDX Group,4.1,(194),497,5,--,8,4
Freyr Energy Services,3.7,(193),655,12,127,8,--
Param Renewable Energy,3.8,(194),531,18,--,15,1
Dar Al Handasah Consultants Shair And Partners,2.9,(194),1.1k,19,4,6,--
CIGNEX,3.8,(194),1.2k,10,1,20,--
Pratibha Industries,4.4,(194),439,3,--,25,--
Lithium Urban Technologies,3.6,(195),716,9,--,5,7
Empower Pragati,3.4,(195),468,12,3,13,--
Unify Technologies,2.6,(194),1.3k,29,48,20,--
Mansukh Securities & Finance,3.1,(194),896,25,3,6,--
Sobha Constructions,3.5,(194),692,18,--,4,--
IFB Agro Industries,4.1,(194),702,8,--,26,--
Source One Management Services,3.2,(194),804,23,--,13,2
Jeena & Company,3.5,(194),665,10,7,19,16
Reliance Smart Point,4.1,(194),425,22,--,10,1
Swipewire Technologies,3.9,(194),1.1k,21,--,4,1
Prgx India,3.2,(194),1.3k,16,4,24,--
U.S. Polo Assn,4.4,(194),501,9,--,15,--
Abu Dhabi National Hotels,4.1,(194),284,11,--,36,--
DevTown,3.7,(194),124,35,--,--,5
Merkle Sokrati,3.7,(193),1.5k,33,7,16,--
Arvind Smartspaces Limited,3.7,(199),752,17,--,12,--
Bajaj Steel Industries,3.2,(197),1.1k,13,1,11,--
Cloudstrats Technologies,3.3,(193),366,17,5,13,--
CRED,3.6,(193),2.4k,45,--,10,1
Euronet Worldwide,3.5,(193),1.3k,15,3,17,--
NTC Logistics India,4.1,(193),930,18,4,17,--
Knoldus Inc,3.8,(193),487,21,--,29,40
Massive Restaurants,3.7,(193),628,3,--,18,1
Biesse Manufacturing,3.6,(193),951,19,4,18,--
Sheth Creators,3.2,(193),769,9,--,15,--
Vivimed Labs,3.3,(194),843,11,8,15,--
Amelia,3.2,(194),735,15,3,2,--
Code Brew Labs,3.1,(194),733,17,--,32,60
NIMS University,3.2,(196),758,17,--,10,2
HPM Chemicals & Fertilizers,4.1,(194),461,10,1,97,1
Apollo Spectra Hospitals,4.5,(194),490,17,--,15,--
CloudMoyo,3.9,(193),1.2k,8,--,44,--
Adcock Ingram,3.8,(195),873,11,--,13,--
Cyient DLM,3.8,(193),854,11,--,12,2
Walstar Technologies,4.1,(193),491,27,12,10,7
Azure Hospitality,4.1,(193),587,11,--,31,--
Radheya Machining,3.4,(193),683,10,15,19,--
Phenix Construction Technologies,3.9,(193),788,16,--,32,--
Teleminds Infotech,2.9,(193),667,13,3,23,3
Reventics,3.8,(192),891,16,--,19,--
Integrated Enterprises,3.8,(195),647,14,7,9,--
Celon Laboratories,3.4,(194),817,9,7,12,--
Crif Solutions,3.1,(192),1.3k,24,4,19,--
Aurus,2.6,(193),1.5k,31,1,13,1
Wyzmindz Solutions,3.2,(192),678,28,9,8,--
Carryfast group,3.6,(192),626,11,17,5,8
Bambino Agro Industries,3.8,(192),767,8,--,16,--
GreenCell Mobility,3.5,(192),612,13,12,7,--
Relyon Softech,3.9,(197),924,20,--,17,--
PPMS Field Marketing,3.8,(195),538,11,--,6,1
An Pharmaceuticals,4.4,(192),152,34,4,31,--
EbixCash Financial Technologies,2.7,(192),1.2k,6,12,8,--
Apollo Supply Chain,3.9,(195),691,13,1,4,16
Celon Laboratories,3.4,(194),817,9,7,12,--
Bharat Benz,4.3,(192),568,12,--,25,4
Integrated Enterprises,3.8,(195),647,14,7,9,--
Donear Industries,3.1,(191),844,8,6,7,--
Crif Solutions,3.1,(192),1.3k,24,4,19,--
Gunnebo,3.9,(192),816,12,11,15,--
Simplify3x Software,3.9,(192),1.3k,17,2,1,--
Yes Madam,3.8,(192),598,51,57,3,--
Aurus,2.6,(193),1.5k,31,1,13,1
Bambino Agro Industries,3.8,(192),767,8,--,16,--
Trellix,3.2,(192),1.6k,25,--,3,5
Akasa Air,3.4,(193),1.2k,25,17,4,--
Stumpp Schuele & Somappa Springs,3.3,(192),739,10,2,16,--
Admiral Solutions,3.1,(192),1k,12,--,12,1
RattanIndia Power,3.4,(192),742,15,15,19,--
Cashfree Payments,2.9,(192),1.7k,26,18,7,7
GreenCell Mobility,3.5,(192),612,13,12,7,--
Carryfast group,3.6,(192),626,11,17,5,8
Jaslok Hospital and Research Centre,3.9,(192),764,9,13,18,--
Eurofins Advinus,3.5,(192),1.2k,9,1,8,--
Hindustan Platinum,3.4,(193),1.2k,21,9,20,--
CPC Diagnostics,3.7,(191),630,12,--,12,--
InfoService,4.1,(191),1k,37,--,2,--
Bhavna Corp.,3.4,(191),1k,21,1,10,21
Exotel,2.8,(194),1.4k,17,49,7,--
NHPC,4.3,(194),509,14,--,26,3
Dr ITM,2.9,(193),516,12,1,9,1
Amtex Systems,3.2,(191),1.1k,18,10,2,12
Sitics Logistic Solutions,3.1,(191),659,9,10,5,2
Hindustan Media Ventures,3.7,(192),615,6,--,8,1
Kiran Foreign Trade,3.1,(191),857,25,1,21,--
INFRES METHODEX,3.4,(191),570,7,--,8,--
Cognifyz Technologies,4.0,(191),127,14,--,--,--
Nuance Transcription Services,3.8,(191),526,1,--,22,--
Systopic Laboratories,4.5,(191),354,5,110,28,--
Hogarth Worldwide,3.5,(191),1.6k,22,2,5,--
Jayem Automotives,3.4,(191),760,10,4,11,10
CPC Diagnostics,3.7,(191),630,12,--,12,--
Dr ITM,2.9,(193),516,12,1,9,1
NHPC,4.3,(194),509,14,--,26,3
Amtex Systems,3.2,(191),1.1k,18,10,2,12
D'Decor Home Fabrics,3.9,(191),994,17,6,12,--
Cognifyz Technologies,4.0,(191),127,14,--,--,--
Gameskraft,4.2,(191),1.4k,19,1,6,34
Electronics Mart India,3.6,(191),734,19,16,5,1
S V S Projects India,3.1,(191),602,11,--,13,--
W3Global,3.1,(191),989,21,--,9,6
Sel Manufacturing Co.,3.6,(191),687,8,--,20,--
Raptim Research,4.3,(191),908,14,--,14,--
Fortune Marketing,3.6,(191),843,12,--,5,--
Epp Composites,3.2,(191),716,69,11,7,1
NNE,3.3,(191),1.2k,20,13,16,8
Sagar Hospital,4.2,(191),633,6,4,15,--
SPJ group,4.0,(191),198,16,7,10,--
Aptonline,3.2,(191),1.1k,8,1,17,--
SPJ group,4.0,(191),198,16,7,10,--
Cinda Engineering & Construction,4.2,(191),775,18,--,10,1
Burman Hospitality,3.9,(191),626,10,15,16,--
Jayem Automotives,3.4,(191),760,10,4,11,10
CapitalVia,3.9,(190),377,48,--,23,--
Jarvis Technology and Strategy Consulting,3.4,(192),832,24,--,8,3
Gangavaram Port,3.4,(190),601,12,--,7,4
Rajhans Group of Industries,4.2,(192),516,23,2,14,--
BVC Logistics,3.5,(192),722,13,2,21,--
Translumina Therapeutics,3.3,(190),617,10,--,57,9
Asianet Satellite Communications,4.4,(190),567,23,1,12,--
Magnit Global,3.4,(195),819,18,--,2,12
Sulphur Mills,3.5,(191),854,15,9,24,5
Accutest Research Laboratories,3.3,(190),737,7,--,15,--
Tara Consultancy Services,2.7,(195),1.7k,48,--,11,--
AlmaBetter,3.6,(193),785,23,--,1,--
Architect Hafeez Contractor,3.0,(190),522,12,--,7,--
Ananda Dairy,3.7,(189),627,15,--,8,4
Arwade Infrastructure,4.0,(190),561,10,--,13,--
Intense Technologies,3.6,(191),1.3k,12,3,18,--
Birla Cellulose,3.6,(190),757,14,--,17,--
CapitalVia,3.9,(190),377,48,--,23,--
Magnit Global,3.4,(195),819,18,--,2,12
Sulphur Mills,3.5,(191),854,15,9,24,5
Jarvis Technology and Strategy Consulting,3.4,(192),832,24,--,8,3
Accutest Research Laboratories,3.3,(190),737,7,--,15,--
Gangavaram Port,3.4,(190),601,12,--,7,4
BVC Logistics,3.5,(192),722,13,2,21,--
Rajhans Group of Industries,4.2,(192),516,23,2,14,--
Ananda Dairy,3.7,(189),627,15,--,8,4
Nangia & Co. LLP,3.3,(190),872,23,14,6,4
Intense Technologies,3.6,(191),1.3k,12,3,18,--
Translumina Therapeutics,3.3,(190),617,10,--,57,9
FutureSoft India,3.4,(190),652,17,23,1,42
MaxVal Group,3.1,(190),1.1k,23,--,10,12
Presidency University,2.6,(190),764,13,6,16,--
IPL Biologicals,4.0,(190),667,20,22,12,--
Nandi Toyota,4.0,(190),548,17,--,21,--
Biotech Vision Care,3.6,(190),904,17,7,15,--
Psychotropics India,3.8,(190),664,3,1,12,2
"L&T Construction, Mining and Industrial Machinery",4.1,(190),374,10,--,95,--
Glatt Systems,3.7,(190),1.1k,14,5,18,--
Birdeye,3.1,(191),1.1k,30,21,9,--
ASK-EHS Engineering & Consultants,3.6,(189),614,12,--,14,3
Indian School of Business,3.3,(190),1.1k,12,8,15,--
Vmoksha Technologies,4.5,(189),536,24,--,6,--
NSL Sugars,4.2,(189),576,7,7,12,--
Cogniter Technologies,3.4,(189),2.7k,20,11,18,--
KerryIndev Logistics,3.6,(189),1.1k,5,--,7,--
Regal Rexnord Corporation,3.5,(190),1.1k,20,31,6,--
KRG Technologies,4.3,(189),628,23,--,16,8
Mentorsity,4.5,(189),59,13,--,30,--
GVK Group,3.5,(192),724,12,--,14,1
Dayal Group,3.9,(191),575,13,25,17,2
Goldi Solar,3.9,(194),938,19,--,5,--
DSM SOFT,2.9,(192),815,13,1,12,--
Toyota Kirloskar Auto Parts,4.2,(194),699,5,2,20,--
Mythri Infrastructure and Mining,3.4,(189),604,6,--,7,--
Ansal Api,3.8,(190),484,12,--,10,--
KPI Partners,3.5,(189),1k,21,45,24,17
Ghatge Patil Industries,3.9,(189),920,3,6,7,--
Sportz Interactive,3.4,(189),1.1k,22,28,16,18
Karuna Greentech,4.5,(189),133,2,--,4,1
Archean Chemical Industries,3.6,(189),841,13,7,15,--
Rhenus Logistics,3.2,(189),989,15,2,10,--
AMS,3.0,(189),735,8,6,1,2
Unislink,3.8,(189),794,31,2,40,--
Tynor Orthotics,3.6,(189),713,16,4,13,3
Global Payments,4.2,(189),1.7k,17,--,13,--
Warner Bros. Discovery,3.7,(188),2.1k,32,34,5,12
Hyderabad Metro Rail,4.2,(189),558,12,1,23,--
Harbinger Systems,3.4,(189),1.2k,8,19,15,5
Supple Tek Industries,3.4,(189),550,17,7,9,5
General Industrial Controls,3.7,(189),1.1k,11,11,7,5
Jar,4.4,(189),454,48,10,37,13
Aditya Anagha Multi State Credit Co-Operative Society,4.7,(191),116,6,--,2,--
Rane Group,3.8,(190),766,14,--,20,--
River Engineering,3.8,(191),883,9,5,20,--
Volante Technologies,3.4,(190),1.5k,19,--,17,--
Shubham K Mart,4.0,(190),273,70,1,2,6
Allset Business Solutions,3.6,(192),1k,16,--,8,--
International Travel House,3.7,(188),632,6,5,22,--
Nippon Konpo,4.0,(188),560,9,--,11,--
Kuantum Papers,4.3,(188),708,8,--,12,--
VAYA Finserv,4.0,(188),450,11,--,17,--
Ginger Webs,2.6,(188),1k,18,2,10,--
Labtron Equipment,3.4,(188),300,24,--,2,--
Polyplastics,3.6,(188),903,4,--,10,--
Tata Memorial Hospital,4.1,(188),616,12,--,18,2
Ashley Global Capability Center,3.6,(188),557,72,--,5,28
Caparo Group,4.1,(188),806,9,15,15,2
Sinch,3.4,(188),1.3k,18,8,9,--
Zeiss Pharma,3.5,(188),666,9,86,8,--
Enterslice,3.8,(188),539,26,22,15,--
SYNCHRONIZED SUPPLY SYSTEMS,3.9,(189),614,10,--,18,10
ART Housing Finance (India),3.9,(188),575,9,2,20,2
Recykal,3.8,(192),923,12,24,6,16
Vega Intellisoft,4.2,(191),643,37,3,37,2
Apollo Cradle,4.2,(188),396,21,--,9,--
Maksat Technologies,3.4,(188),591,10,--,15,--
Corrtech International,3.0,(188),720,3,--,6,4
iQuanti,4.0,(188),1.2k,18,16,16,--
Vitech Systems Asia,3.4,(188),1.5k,7,--,10,5
The Pride Hotel,3.3,(188),718,10,3,20,--
Bonanza Portfolio,3.2,(188),874,13,14,7,1
Careers360,2.8,(188),1.1k,18,--,11,4
Shankar Packagings,2.4,(188),859,12,2,13,--
Aster Cmi Hospital,3.9,(188),648,13,--,17,--
Kamdhenu,3.7,(188),552,10,3,15,--
Ring Plus Aqua,4.1,(188),695,14,--,10,--
Bimbo Bakeries India,3.7,(188),785,12,1,16,6
Metayb,3.8,(188),444,24,51,5,18
HEUBACH Colour,4.0,(187),913,11,8,20,--
Srijan Realty,3.6,(191),837,12,1,13,--
APOLLO POWER SYSTEMS,3.7,(188),591,16,5,12,1
Ruparel Realty,3.8,(189),740,15,--,10,--
RPP Infra Projects,4.0,(189),787,26,5,7,--
Heavy Engineering Corporation,3.5,(187),775,11,--,21,1
IOT Infrastructure & Energy,4.2,(187),316,5,--,49,--
Goel Construction,3.8,(187),622,10,4,5,3
Goel Ganga Group,3.2,(187),674,14,2,27,--
S kant Healthcare Ltd,4.6,(187),540,9,2,8,16
Target Engineering Construction Company,3.9,(187),519,12,--,14,--
Swaraj Engines,3.5,(187),564,10,6,14,--
bloom Hotel Group,4.1,(187),731,12,--,9,3
WNS Denali,3.5,(187),755,26,--,6,--
3F Industries,3.5,(187),774,9,5,16,--
STEM Learning,4.2,(187),292,27,3,8,--
Oxford University Press,3.0,(187),971,9,33,21,--
Infinity Data Technologies,3.4,(187),1.2k,3,1,10,--
Sri Ranganathar Industries,3.2,(187),836,11,2,6,--
Mega Rubber Technologies,3.6,(187),747,13,2,10,1
Accurate Engineering Company,3.2,(187),924,12,13,16,--
Deccan Cements,4.0,(187),704,11,2,11,--
SNS College of Technology,4.8,(187),78,60,--,129,5
Valiant Organics,3.5,(190),994,8,6,9,--
Cytecare Cancer Hospital,4.4,(188),460,14,7,11,4
Mandovi Motors,3.8,(189),569,7,4,15,--
Reliance Corporate IT Park,4.1,(188),721,8,--,20,2
Ican BPO,4.2,(188),238,3,--,16,--
Ravi Foods,3.8,(187),595,10,--,16,--
All Time Plastics,3.9,(188),792,7,3,10,--
JK Agri Genetics,3.4,(187),438,8,--,18,--
vSplash Techlabs,1.9,(188),719,13,4,4,9
Amentum,4.0,(187),281,8,9,32,--
Zuari Agro Chemicals,3.9,(187),629,7,--,19,--
Rotex,3.7,(187),957,19,3,11,--
Ranjit Buildcon,4.4,(187),542,13,--,9,--
Techugo,3.4,(187),501,18,11,6,2
Axa Parenterals,3.7,(187),773,21,1,17,--
Impresario Entertainment & Hospitality,4.2,(187),623,6,20,22,--
Globe Capital Market,3.5,(187),672,7,2,4,2
Geno Pharmaceuticals,3.1,(186),489,22,--,12,--
Celio Future Fashion,4.3,(186),411,5,--,16,1
Bharat Coking Coal,4.2,(186),446,12,--,19,2
Graygraph Technologies Private Limited,4.2,(186),635,34,7,2,1k
Radix Electrosystems,3.3,(186),828,16,12,9,--
Hyundai Heavy Industries,3.5,(186),380,11,--,30,--
Arabtec Construction,4.2,(186),425,5,--,26,--
FreshersNow,3.9,(186),230,57,--,5,--
MSL Driveline Systems,4.3,(188),668,3,--,16,2
Dr Shroff Charity Eye Hospital,3.8,(191),479,8,16,14,6
Ideaforge Technology,3.4,(190),1.1k,18,46,8,9
Bobst India,4.0,(186),939,15,5,18,--
Greaves Electric Mobility,3.2,(186),859,15,1,1,1
Towell Engineering Group,3.4,(186),504,10,--,32,--
Fangs Technology,3.9,(186),748,7,2,13,--
M*Modal,3.6,(186),460,2,--,33,--
Universal Cables,3.8,(186),780,17,2,12,--
Natural Remedies,3.6,(186),780,17,6,15,--
Ramee Group of Hotels,3.4,(186),653,9,--,19,1
Lalitpur Power Generation,4.3,(186),633,12,--,14,1
Eros Group,3.9,(186),763,19,15,22,23
Maven Silicon,4.0,(187),390,23,16,10,4
OneAdvanced,2.6,(186),1k,21,6,3,10
Express Roadways,3.6,(186),735,9,3,9,2
John Cockerill,3.2,(186),914,10,56,16,--
Market Xcel Data Matrix,2.8,(185),641,13,--,10,2
TALENTEDGE,3.2,(185),916,20,1,16,8
Randstad Digital,3.2,(190),1.1k,14,--,4,--
Wepsol,3.4,(185),841,9,12,13,--
Pravin Masalewale,3.9,(185),592,7,4,10,8
NetCom Learning,3.1,(185),775,22,2,16,5
Lawrence & Mayo,3.6,(185),491,16,--,25,--
Dmi Finance,3.6,(186),1.3k,16,18,11,--
Market Xcel Data Matrix,2.8,(185),641,13,--,10,2
ObjectWin Technology,3.5,(189),1.1k,12,--,6,--
Qube Cinema Technologies,3.8,(189),842,8,54,20,--
Confiance BizSol Private Limited,2.9,(186),648,28,--,28,4
Delivery.com,3.8,(187),736,19,--,14,--
Tata Realty and Infrastructure,3.9,(185),958,9,64,10,--
Randstad Digital,3.2,(190),1.1k,14,--,4,--
Appiness Interactive,4.3,(185),634,10,27,2,--
Gopalan Enterprises,4.0,(184),736,18,8,11,--
Peerless Hospital,4.0,(185),525,5,--,3,--
Goibibo,2.6,(185),791,11,30,18,--
Dexian India Technologies,3.5,(186),886,27,3,7,--
Li & Fung,3.8,(185),703,6,3,31,--
Veeline Industries,4.2,(185),261,48,--,5,--
Chromewell Engineering,3.8,(185),752,14,2,9,--
Ncr Eduservices,4.2,(185),503,24,25,21,--
JioHotstar,3.4,(185),1.8k,49,12,11,6
Macmet Engineering,3.9,(185),691,12,1,20,--
myTVS Parts & Accessories,3.8,(185),486,10,--,5,11
Gangar Eyenation,3.9,(185),518,11,20,17,--
Drishti IAS,4.1,(185),409,44,6,36,--
Atlassian,3.0,(185),4.5k,102,25,6,--
BYLD Group,3.8,(185),431,48,13,8,3
SeQuent Scientific,3.7,(185),743,3,--,13,--
Incrementors Web Solutions,3.6,(185),194,25,--,48,--
Junomoneta Finsol,2.9,(186),625,13,--,3,--
Hitek Syndicate,3.4,(185),454,8,1,5,--
Bewakoof,3.7,(185),935,15,--,21,--
Ccl Products,4.1,(184),767,8,9,11,--
Divgi Torqtransfer Systems,3.2,(185),820,11,9,13,2
Unimrkt Research,3.2,(185),1k,26,--,13,--
Maccaferri,3.8,(185),702,11,--,24,--
Applus Velosi,3.7,(185),422,8,--,24,--
Mahindra Accelo,3.5,(185),666,7,1,6,--
Rain Carbon,4.1,(185),575,15,--,10,--
Applus Velosi,3.7,(185),422,8,--,24,--
Daebu Automotive Seat,3.2,(185),692,6,6,22,--
Sterlite Copper,4.1,(185),617,7,--,26,--
cFIRST,3.8,(186),682,7,1,36,--
Global Hospital Pune India,4.0,(184),550,7,--,27,--
Oswal Group,3.9,(186),706,12,4,3,--
M2P Fintech,2.9,(190),1.4k,34,4,2,--
Yamaha Music India,3.7,(184),795,4,11,13,--
Sahyadri Farms,3.5,(188),889,15,18,4,--
Mepro Pharmaceuticals,3.8,(184),873,16,2,14,--
Singer India,4.0,(184),609,6,--,18,--
Childline India Foundation,4.3,(184),394,8,--,25,3
Agrawal Metal Works,3.9,(184),738,13,--,7,--
Modelama Exports,3.9,(184),702,6,--,9,--
ABT Maruti,3.9,(184),758,3,15,11,9
Leena Powertech Engineers,3.6,(184),555,9,--,7,1
NimbusPost,3.3,(185),720,18,20,24,--
Lapp India,4.1,(184),932,12,3,15,--
Ingenero Technologies,4.1,(184),926,13,--,7,6
Country Holidays Travel Chennai,3.9,(184),63,466,--,1,--
TalentServe,2.0,(184),124,25,--,2,1
C-quel Management Services,4.2,(184),215,13,--,79,--
S.M. Consultants,3.3,(186),640,18,--,12,--
Newtech Medical Devices,3.7,(184),357,14,11,35,--
Jai Kisan,3.2,(184),570,15,--,6,6
Central Institute of Plastics Engineering & Technology,3.7,(184),632,4,--,22,--
Anytime Fitness,3.5,(184),792,14,1,13,--
Jagatjit Industries,3.5,(184),594,6,2,15,6
Ayoki Fabricon,3.8,(184),724,7,15,13,--
Pratibha Syntex,4.0,(184),617,6,3,19,--
"CAMP Systems International, Inc.",3.9,(184),942,14,22,16,--
Advanced Medtech Solutions,3.6,(184),702,21,47,11,7
O2f info Solutions,3.4,(184),1.1k,9,1,5,--
Sree Metaliks,3.8,(184),767,15,1,5,--
GXO,3.7,(184),801,15,5,8,--
Pentagon System and Services,3.8,(184),883,8,4,9,--
Aster MIMS,4.5,(184),799,10,--,16,--
Finecure Pharmaceuticals,3.7,(184),830,14,6,15,--
Swal Corporation,4.1,(184),355,10,--,10,--
Yashashvi Rasayan,4.2,(185),754,6,6,27,2
Servosys Solutions,2.7,(184),1.3k,29,3,9,4
Hills Cement Company,3.3,(184),665,14,5,5,--
Ascolite - Aswani Industries Pvt. Ltd.,3.9,(184),458,35,62,8,54
Kapil Chit Funds,3.9,(185),384,4,--,18,--
Damodar Valley Corporation,3.9,(188),416,9,--,21,--
L&T Infrastructure Development Projects,4.0,(183),1.1k,10,--,12,--
Swelect Energy Systems,4.0,(184),537,15,--,9,--
Altius Customer Services,3.4,(185),667,15,10,18,--
Deepak Chem Tech,3.9,(190),843,14,--,4,--
Giridhan Metal,4.0,(186),555,21,--,5,1
CI Infotech,3.7,(184),749,9,--,6,1
Nipha Exports,3.5,(185),848,13,6,8,--
Yashoda Super Speciality Hospitals,3.8,(186),839,8,--,2,--
Vignesh Polymers,3.5,(183),1k,9,4,6,--
Institute of Language Management,4.2,(183),194,17,--,27,--
Impressions Services,3.9,(183),730,5,2,12,--
Sms Integrated Facility Services,4.0,(183),672,6,6,8,--
Scorpion Express,3.6,(183),659,19,--,12,--
Kenstar,3.7,(182),612,13,--,8,--
Vehere Technologies,4.4,(183),322,24,14,10,5
United Nations Development Programme,4.0,(183),524,16,--,13,5
Newton School: Pay after Placement,3.9,(183),986,27,89,11,--
Sistema Shyam Teleservices,4.2,(183),242,--,--,29,--
Indian Council of Agricultural Research,3.8,(183),594,8,--,10,3
Best Value Chem,3.7,(186),933,11,7,12,--
VASANTHA TOOL CRAFTS,3.9,(184),597,12,--,18,--
IQ City Medical College,3.4,(183),520,12,--,19,--
Kolors Healthcare,3.7,(183),714,16,7,10,1
Fiat Chrysler Automobiles,3.7,(183),1.1k,8,2,26,--
Carrefour,3.7,(183),546,9,--,33,--
Advance Auto Parts India,3.9,(183),1.3k,21,3,35,16
Trinity Touch,4.4,(183),836,15,34,35,81
A2Z Infraservices,4.0,(183),459,10,1,17,1
Sellcraft Global Technology Solutions,3.8,(183),1.1k,12,--,10,24
Katyayani Organics,3.9,(183),172,23,4,1,--
J Pan Tubular Components,3.3,(183),591,16,1,10,6
Rabwin Industries,4.0,(183),841,7,1,9,--
Alliant Talent,2.0,(183),974,14,30,3,--
Maheshwari Mining,3.6,(185),725,25,10,10,--
Vee Gee Industrial Enterprises,3.7,(182),681,15,--,11,5
D.B ENGINEERING,4.2,(183),365,15,36,16,3
Outscale Partners,2.5,(181),404,27,25,5,67
Cadworks India,4.9,(182),61,10,--,6,--
Allied Nippon,3.7,(182),718,14,7,11,1
First Abu Dhabi Bank,3.1,(182),965,15,--,22,--
RPSG,3.6,(182),877,18,--,8,--
Sun Technologies,3.2,(182),1.4k,21,--,14,--
Indus Motors,4.1,(182),631,3,--,14,--
Laminaar Aviation Infotech,2.6,(182),1.1k,17,--,14,3
Technocraft Industries,3.8,(183),859,11,--,15,--
Sunera Technologies,3.6,(182),1.7k,25,--,18,3
Tech2Globe,3.8,(183),300,23,13,13,--
Ceratizit,4.4,(183),713,22,--,25,9
Monginis Foods,3.5,(182),711,9,--,17,--
Pro1 Health Systems,3.6,(182),421,30,--,7,4
Nayoda,4.4,(182),--,83,--,39,--
Wysetek Systems Technologists,3.5,(182),829,13,23,12,--
Paracoat Products,3.7,(182),886,9,28,11,--
Ashish Life Science,3.7,(182),595,15,7,51,2
Crio.Do,2.9,(182),937,36,--,4,1
PAN Healthcare,4.5,(182),271,35,--,46,--
Arvind Technocrats & Engineers LLP,3.7,(182),303,10,4,8,--
Sandfits Foundries,4.0,(182),632,35,10,7,--
B.L. Agro Industries,3.7,(182),705,9,--,1,--
FloBiz,3.4,(182),730,29,9,14,3
Jubilant Industries,3.8,(182),1.2k,18,--,15,--
Ascendum Solutions,3.0,(182),810,15,5,6,--
Speed Engineering Solutions,3.8,(182),770,19,88,10,43
JBM Neel Metal,3.9,(182),573,13,--,8,5
Ind swift ltd. Gbu,3.6,(182),780,11,--,4,--
Exemed Pharmaceuticals,3.8,(182),876,13,19,13,6
Gmr Airport Developers,3.8,(182),718,11,--,21,--
Olive Bar & Kitchen,4.1,(182),494,5,--,18,--
Doordarshan,3.8,(181),875,7,4,16,--
NDTV Network,3.4,(181),904,8,--,23,2
Experion Technologies,3.7,(181),1.6k,21,38,17,21
Toluna,3.2,(181),915,13,--,21,--
KNNX Corp,2.4,(181),879,11,--,17,--
Informatica,3.8,(181),2.2k,31,--,4,7
Saint-Gobain Weber,3.9,(181),679,13,--,16,2
Prione Business Services,4.4,(181),803,6,--,45,--
Gmr Airport Developers,3.8,(182),718,11,--,21,--
Gujarat Guardian Ltd.,3.7,(183),791,14,10,24,1
KNNX Corp,2.4,(181),879,11,--,17,--
Informatica,3.8,(181),2.2k,31,--,4,7
Experion Technologies,3.7,(181),1.6k,21,38,17,21
Toluna,3.2,(181),915,13,--,21,--
ThinkPalm Technologies,4.0,(181),1.5k,17,4,15,--
Happy Forging,3.8,(181),912,12,8,8,--
Da Milano Leathers,2.8,(181),585,16,3,13,--
Hyland Software Solutions India LLP,3.5,(181),1.3k,36,23,21,6
Pathcare Labs,3.7,(181),547,18,1,16,--
Unilog Content Solutions ( P),3.1,(181),1.1k,19,5,13,--
Diksha Technologies,2.9,(181),782,5,11,38,--
West Bengal State Electricity Distribution Company,3.4,(181),435,9,--,17,--
Ellucian Higher Education Systems,3.6,(181),1.5k,38,3,27,3
PC Financial Services,4.1,(181),503,11,--,32,--
PMI Electro Mobility Solutions,3.9,(181),674,14,2,3,--
Varsity Education Management,3.7,(182),1.1k,10,--,8,--
Amnet Systems,3.7,(181),838,9,7,11,--
Maya Academy of Advanced Cinematics,3.0,(182),581,25,--,8,--
Kaff Appliances (india),3.1,(182),677,15,--,12,--
Brandix India Apparel City,3.9,(182),567,9,3,22,4
InAmigos Foundation,4.7,(186),29,44,--,35,--
Si Creva Capital Services,3.3,(184),371,9,2,4,--
Jamboree Education,3.2,(180),663,12,15,13,3
Ajanta Shoes,3.6,(180),596,19,--,9,2
Feedback Energy Distribution Company,3.6,(180),572,7,--,15,--
Lepton Software Export & Research,3.5,(180),757,25,26,9,21
Gsa Industries,3.9,(180),591,17,10,2,--
nurture.farm,3.1,(180),724,11,--,9,--
Poonawalla Finance,3.7,(180),964,7,--,8,--
Infibeam Avenues,3.1,(185),1.3k,12,3,5,--
Continental Tyres,3.5,(181),612,6,--,12,--
Wellspring Healthcare,2.8,(180),501,7,--,18,4
Citylife Retail,3.9,(180),350,7,--,14,--
Wipro Insurance Solutions,3.6,(182),607,12,--,4,--
QuyTech,3.9,(181),540,20,6,76,--
Matrix Cellular Services,4.0,(180),449,2,--,17,--
Bry-Air (Asia),3.7,(181),781,10,30,14,2
Manorama Industries Limited,4.5,(180),533,6,22,8,--
Lince Soft Solutions,4.7,(180),1.8k,8,--,10,--
Thinksynq Solutions,3.9,(180),701,25,3,12,3
Bry-Air (Asia),3.7,(181),781,10,30,14,2
B5 Plus,3.1,(180),483,25,--,23,2
Pan Gulf Technologies,3.9,(180),924,14,2,14,--
Crowe Horwath,3.6,(180),1.3k,37,19,13,--
Poonawalla Finance,3.7,(180),964,7,--,8,--
Gsa Industries,3.9,(180),591,17,10,2,--
Shree Maruti Courier Service,4.1,(180),795,11,2,8,--
Rhysley Private Limited,3.3,(180),378,26,28,13,--
MRCC Solutions,3.0,(181),989,11,6,11,--
Amagi Media Labs,3.5,(180),1.2k,33,13,14,--
Petroexcel Technology Services,3.5,(180),669,30,79,6,--
Don Bosco Tech Society,4.0,(183),342,11,10,24,1
Inmakes Infotech,3.4,(179),419,12,5,6,--
Lamprell,3.7,(180),383,8,3,27,--
otsuka chemical india,4.1,(180),755,14,1,14,--
ABP Network,3.8,(183),1.1k,5,--,14,--
EASTMAN EXPORTS GLOBAL CLOTHING PVT.LTD,3.6,(180),911,6,6,9,--
Kumar Properties,4.3,(179),874,13,9,7,--
Liquiloans,2.9,(179),848,21,8,3,2
SMCC Construction India,4.2,(180),617,12,--,18,--
Techno India Group,3.4,(179),764,13,--,12,--
Ajmal Perfumes,3.9,(179),490,16,1,8,--
Best Corporation,3.7,(179),873,7,3,15,--
Conde Nast India,2.7,(179),1.7k,20,12,17,--
L&T Geostructure,4.1,(179),437,10,--,2,--
Nanavati Max Super Speciality Hospital,3.6,(179),663,13,--,7,--
Zuno General Insurance,3.7,(181),405,16,--,3,--
Curateq Biologics,3.3,(181),888,13,1,4,--
Lamprell,3.7,(180),383,8,3,27,--
ABP Network,3.8,(183),1.1k,5,--,14,--
otsuka chemical india,4.1,(180),755,14,1,14,--
SPX Flow Technology,4.2,(180),999,10,--,17,--
SPIE Oil & Gas Services,4.1,(181),279,10,--,22,--
NASDAQ,3.4,(181),1.7k,28,28,23,--
Layam Flexi Solutions,3.5,(179),620,9,1,13,--
Govind Milk & Milk Products,4.3,(179),600,5,2,9,--
Graphite India,3.4,(180),738,7,1,16,--
Graphite India,3.4,(180),738,7,1,16,--
Sabyasachi Couture,3.7,(179),720,14,1,12,--
MEP Infrastructure Developers,3.8,(179),863,13,16,18,--
Deepak Foundation,3.9,(179),397,18,--,11,1
Mafatlal Industries,3.6,(179),649,6,18,10,--
Conde Nast India,2.7,(179),1.7k,20,12,17,--
Nanavati Max Super Speciality Hospital,3.6,(179),663,13,--,7,--
Ajmal Perfumes,3.9,(179),490,16,1,8,--
ATYETI,3.6,(179),1k,21,78,10,3
Embassy Group,4.1,(179),970,14,1,14,4
Bajaj Electronics,3.8,(181),631,13,--,3,--
United Industries,3.5,(179),925,12,--,16,--
Gowtham Model School,3.7,(179),554,14,--,9,3
DCW,3.7,(178),720,9,13,20,--
Ghv India,4.3,(179),699,7,--,16,--
DMI,4.0,(178),1.2k,21,--,7,14
Wibmo,3.2,(178),1.1k,7,--,10,--
Meditrina Hospital,4.0,(178),515,4,--,3,3
BG Distributors,3.5,(181),405,10,2,10,--
Metro Tyres,3.6,(179),711,13,1,9,2
Vishay Precision Transducers,3.4,(178),979,7,--,24,--
Prayag Polymers,3.7,(178),541,12,7,10,--
Abu Dhabi Oil Refining Company,4.3,(178),599,7,--,10,--
Metro Tyres,3.6,(179),711,13,1,9,2
Bajaj Electronics,3.8,(181),631,13,--,3,--
CR Asia,3.8,(179),616,11,2,32,--
Wibmo,3.2,(178),1.1k,7,--,10,--
DCW,3.7,(178),720,9,13,20,--
Jivo Wellness,3.0,(178),491,11,8,23,--
DMI,4.0,(178),1.2k,21,--,7,14
Ghv India,4.3,(179),699,7,--,16,--
Indian Register of Shipping,3.9,(178),954,12,13,8,7
GA Infra Private Limited,3.8,(178),509,17,21,3,2
SISA Information Security,3.0,(178),1.1k,9,49,11,--
Wonderchef Home Appliances,4.0,(178),698,16,3,12,--
Nahar Industrial Enterprises,3.8,(178),698,12,2,13,--
SEForge,3.3,(178),855,7,1,15,--
Attero Recycling,4.2,(178),490,11,15,6,--
Atidan Technologies,4.1,(178),492,27,23,13,40
Nina Percept,3.9,(179),641,7,--,12,1
Integrace Health,3.7,(178),529,15,1,15,13
Khaitan Electricals,2.6,(178),407,7,--,7,--
SHARON BIO MEDICINE,4.0,(178),660,4,4,10,--
Mold Tek Packaging,3.9,(178),709,15,--,7,1
Konstelec Engineers,3.3,(178),624,14,6,8,5
MUFG Intime India,3.4,(180),772,12,--,9,--
FunnL,3.4,(177),789,7,1,3,--
Sankara Eye Hospital,4.0,(179),542,9,32,17,--
Ben Franklin,3.5,(180),162,9,22,--,--
Frick India,3.6,(177),681,9,12,9,1
Marsh India Insurance Brokers,4.1,(177),1k,7,--,10,1
Arcon TechSolutions,3.2,(177),1.1k,38,--,13,--
MENTORS EDUSERV,4.1,(177),360,9,5,27,--
The Dollar Business,3.1,(177),788,21,1,5,--
Modenik Lifestyle,3.7,(177),732,7,3,1,--
Lynk,3.3,(177),969,12,--,5,--
Krishna Buildestates,3.8,(178),543,8,1,9,--
ICONMA,3.0,(177),747,13,--,7,--
Salzer Electronics,4.1,(177),880,8,12,13,--
Sterling Software Private Limited,3.4,(177),1.5k,10,8,9,--
Zerodha,4.1,(177),817,15,10,20,4
RC Plasto Tanks And Pipes,3.7,(177),698,15,2,15,--
Cipla Industries,4.0,(177),690,12,--,29,1
Qicpic,2.3,(178),105,21,--,1,1
Ivis International,3.4,(178),546,7,--,10,--
Thinksys Software,3.7,(183),1k,26,1,40,1
Sowparnika,4.1,(182),826,8,4,12,--
Apptunix,4.1,(177),468,65,--,5,6
Kamal Fincap,3.9,(180),363,4,1,12,5
IPG Mediabrands,3.3,(179),1.6k,31,--,4,--
ValueFirst Digital Media,3.4,(178),1.1k,13,--,25,--
Automation Anywhere,3.9,(177),1.6k,21,24,15,--
Geltec,3.3,(177),840,17,2,6,--
Sonyo Management Consultants,4.4,(178),382,38,--,5,9
Podar Jumbo Kids,3.8,(177),425,8,--,13,--
NSK,3.9,(177),1k,11,--,27,--
UptoSkills,4.5,(178),35,50,--,11,--
EssentiallySports,3.7,(177),195,28,--,6,--
Ognibene India,3.5,(177),932,10,--,15,--
Sensiple,3.7,(177),1.3k,16,7,18,6
Ardex Endura,3.9,(177),555,8,8,13,--
Publicis Global Delivery,4.0,(177),1.5k,24,--,7,--
Juspay Technologies,3.7,(177),2.5k,97,1,6,--
Nirvasa Healthcare,3.1,(177),449,17,1,4,2
LeapScholar,3.3,(182),600,45,--,7,--
Intellect Bizware Services,4.1,(181),1k,13,4,6,--
ARCHER Transnational Systems Private Limited,3.6,(178),530,22,9,8,8
Real Estate Group,4.3,(178),2.6k,18,3,9,1
Stonex,3.9,(178),1.2k,32,13,16,3
Unique Engineers,3.4,(175),805,12,--,14,--
Prateek Group,3.9,(176),523,23,--,9,--
Kepler Healthcare,3.5,(176),404,11,--,5,--
Expedien eSolutions,3.1,(176),883,14,1,23,--
DataTracks,3.3,(176),1.2k,16,2,8,--
Vee Gee Auto Components,3.9,(176),677,7,--,5,2
VISION,3.8,(176),673,11,--,15,--
MPL Group,3.6,(176),619,22,7,9,7
M Tech Innovations,3.9,(176),645,13,19,11,--
Neelachal Ispat Nigam,4.2,(176),547,20,--,11,1
DIN Engineering Services,3.6,(176),402,14,2,18,--
Chandak Group,4.2,(180),792,8,--,7,--
Nimbus BPO,3.3,(178),573,17,1,8,--
MGNREGA,3.7,(176),360,7,--,11,--
Aditya Birla Lifestyle Brands,4.1,(184),517,10,--,20,--
Ultra Engineers,4.0,(177),843,12,--,19,--
Trawex Technologies,4.5,(176),143,21,8,10,--
Geodis Overseas,3.3,(177),1.1k,27,9,13,--
Teliolabs,3.9,(176),391,39,40,31,6
AdamsBridge Global,3.4,(176),865,24,2,1,--
Prudent Insurance Brokers,3.6,(176),919,8,4,8,--
Ray Engineering,4.0,(176),547,5,--,11,1
Decon Telecom Solutions,3.2,(176),353,12,1,6,--
Coverfox,3.5,(176),655,8,16,18,8
TVS - SUNDARAM BRAKE LININGS,3.0,(176),788,9,--,17,--
Umang Dairies,3.9,(176),526,17,3,8,--
DHL IT Services,3.8,(176),1.6k,16,--,7,--
MRC Logistics,4.0,(175),623,7,21,12,--
RevFin,3.8,(176),335,24,--,3,1
IREO,4.6,(177),600,7,--,25,--
Talwalkars Better Value Fitness,4.1,(175),424,6,--,30,--
Keihin India Manufacturing,4.4,(175),589,5,--,32,--
KLM Laboratories,3.4,(177),689,10,--,7,--
Jewelex India,3.9,(175),673,4,9,12,--
FCS Software Solutions,3.7,(175),834,17,16,12,--
Eicher Engineering Components,4.1,(175),614,16,--,9,--
Escorts Construction Equipment,4.2,(175),645,10,--,28,1
Nv Group,3.4,(175),649,6,--,9,1
JSW Dulux,4.2,(175),414,11,8,8,1
Doms Industries,3.9,(175),758,8,--,10,--
Jupiter Wagons,3.7,(176),756,10,2,7,--
Kaseya Software,3.1,(175),1.5k,18,24,9,--
HYOSUNG T&D,4.0,(175),988,16,1,16,--
Collage,4.2,(175),448,17,--,9,--
Rosmerta Safety Systems,3.4,(177),732,12,1,--,--
Accurate Global Alliances,4.7,(175),60,10,--,2,--
Dipty Lal Judge Mal,3.9,(178),582,16,--,9,--
v4c.ai,4.5,(178),270,40,3,9,4
D A V School,3.8,(176),553,10,--,13,--
Hansa Cequity,3.3,(176),888,11,3,17,--
Camlin Fine Sciences,3.5,(177),954,16,1,15,6
MResult Services,3.6,(177),1.3k,25,--,12,20
Lanson Toyota,4.2,(175),529,7,4,9,2
CFlo,4.5,(175),414,12,--,15,--
Connect Broadband,4.0,(175),659,11,--,11,--
Hestabit Technologies,3.8,(175),685,24,4,11,6
ACE Group,3.9,(175),733,11,--,22,--
Hiranandani group,4.1,(175),889,11,--,24,--
Omega,3.9,(175),756,34,--,8,--
CoinDCX,4.0,(175),1.3k,45,48,10,24
Isprava,3.2,(176),785,16,9,7,--
Amar Cars,3.7,(175),596,11,7,12,9
Crane Consulting and Outsourcing,3.9,(175),1k,17,1,6,--
Lulu Hypermarket,3.6,(176),490,23,45,15,--
Inox Green Energy Services,4.0,(175),553,13,--,8,10
Way.com,3.9,(175),520,11,--,3,5
J G Hosiery,3.4,(174),675,9,--,16,1
Safdarjung Hospital,4.4,(175),703,8,--,16,--
Naxnova,4.3,(174),603,24,5,19,--
Aakash Health Care,4.0,(174),591,6,11,4,--
Flovel Energy,3.9,(174),672,12,2,16,--
Techno Exponent,3.6,(174),530,37,--,7,4
Texport Industries,3.5,(174),662,8,1,9,2
Super Auto India,3.8,(174),659,6,--,14,--
Conviction HR,3.8,(174),469,29,6,49,1
Wintax Solution,4.7,(174),26,4,--,113,2
Visible Alpha Solutions,3.7,(174),1.1k,22,--,27,6
Sindhuja Microcredit,3.7,(174),451,9,14,6,2
Nahar Group of Companies,3.5,(174),652,5,--,5,5
Hughes Communications,3.4,(175),971,12,2,16,--
Idexcel Technologies,2.8,(174),1.2k,12,17,11,--
Pacific Global Solutions,3.4,(174),766,16,18,4,--
LiquidHub,3.6,(174),762,14,--,32,--
Opporture,4.8,(174),64,2,--,--,--
Mayoor School,4.2,(174),143,1,10,131,--
Newfold Digital,3.5,(178),1.1k,21,3,8,--
Urban Money,2.9,(176),615,13,3,--,--
Nisa Industrial Services,3.9,(174),458,4,--,20,--
Steadfast Medishield,3.7,(176),421,18,1,42,--
Topre India,4.3,(177),680,16,1,12,--
Compuage Infocom,4.2,(174),853,9,6,19,--
Nucon Aerospace,3.9,(173),871,13,6,12,--
Naari Pharma,2.7,(174),674,7,1,17,--
Narayana Medical College & Hospital,3.9,(174),537,8,--,14,--
HexaView Technologies,3.3,(174),1k,31,1,14,--
Consern Pharma Limited,4.6,(174),237,32,6,20,14
Vertex,3.3,(174),508,7,--,30,--
Spun Micro Processing,3.9,(174),609,11,1,12,--
The Millennium School,3.8,(174),572,10,20,22,--
SembCorp,3.8,(175),726,11,8,12,--
SEW Infrastructure,3.3,(174),505,4,1,18,--
ROI NET Solution,4.2,(174),469,12,--,29,1
BYD Electronics,3.5,(174),852,15,--,12,7
Qatar Petroleum,4.3,(174),384,14,--,28,--
UTILITY PROJECTS AND SERVICES,3.8,(174),844,20,13,18,--
West Coast Pharmaceuticals,2.9,(174),723,12,--,7,--
IFFCO Kisan Finance,3.4,(174),470,16,--,5,--
Miles Education - CPA & CMA Review (Hyderabad),,,--,--,--,--,--
Lilac Insights,3.2,(174),578,13,1,10,--
Ramco Steels,3.8,(175),659,11,3,12,--
Jindal Industries Private Limited,3.5,(173),1.7k,29,8,26,22
Imerys,3.8,(173),754,10,9,18,--
Anabeeb,4.0,(173),387,11,--,15,--
Focus Softnet,3.4,(174),999,10,5,12,1
Hartex Rubber,3.2,(173),659,11,1,6,--
Niveus Solutions (Part of NTT Data),3.8,(171),1.4k,21,5,5,1
Cherry Hill Interiors,4.2,(173),570,19,4,11,1
Hind Rectifiers,3.7,(173),930,20,8,10,--
Peninsula Land,4.1,(173),666,7,--,21,--
Prudent Corporate Advisory Services,4.0,(173),560,8,--,11,--
L&T Transportation Infrastructure,4.0,(174),160,8,--,115,--
SmartED Innovations,3.9,(176),61,60,--,4,--
Government of Odisha,4.1,(173),781,15,--,7,--
ONKAR DIES,3.7,(173),733,8,10,15,--
Benzo Chem Industries,3.8,(175),817,15,--,12,--
Mount Talent Consulting,2.9,(174),628,11,10,11,--
CDW,4.1,(173),1.4k,23,2,2,--
Peekay Steel Castings,3.9,(174),718,7,16,9,--
Ganges Internationale,2.9,(173),818,9,--,19,--
Steer Engineering,3.2,(173),918,13,--,18,4
Samvardhana Motherson Auto Component,3.7,(174),883,9,--,7,--
Ideas2IT Technologies,3.5,(173),1.3k,55,4,41,26
Inditex,4.2,(173),540,9,--,29,1
Baskin Robbins,4.0,(173),453,9,--,16,--
Kewal Kiran Clothing,3.7,(173),594,12,16,9,--
IBM Consulting,3.7,(173),2.8k,56,--,10,--
Fukoku,3.6,(173),592,11,--,18,--
Niveus Solutions (Part of NTT Data),3.8,(171),1.4k,21,5,5,1
Hind Rectifiers,3.7,(173),930,20,8,10,--
Cherry Hill Interiors,4.2,(173),570,19,4,11,1
Deepija Telecom,3.9,(174),809,17,3,31,--
Arunachala Logistics,4.0,(173),613,12,20,9,--
Edujobs Academy,3.6,(173),321,12,--,7,3
Clearwater Analytics,2.6,(173),1.4k,28,51,9,--
SSK Group,3.7,(172),499,6,--,10,--
Filo,3.5,(174),593,13,10,5,--
Indian Terrain Fashions,4.3,(172),552,5,--,14,--
Honeywell Uop,3.6,(172),729,16,--,16,--
Grand View Research,2.9,(173),963,6,2,9,--
AIG,3.8,(172),907,10,--,34,11
Hansa Direct,3.2,(172),497,9,--,17,--
Henkel,3.7,(172),751,11,--,17,7
Ceigall,3.2,(172),698,9,16,7,--
VOLTECH O AND M SERVICES,4.1,(172),480,10,--,12,--
Kesari Tours,3.6,(172),685,10,--,21,--
Macmillan Publishers,3.5,(172),521,10,--,25,--
Narayana Junior College,3.7,(172),307,2,--,40,--
Vizza Insurance Broking Services,3.2,(172),553,15,10,7,--
CPA Global,3.8,(172),859,15,1,40,--
Ind Innovations,3.4,(172),803,9,--,12,--
Mindenious Edutech,4.2,(174),44,69,3,18,--
Scientific Games,3.7,(173),425,1,9,4,1
Cease Fire,2.9,(172),685,14,--,3,--
Endress Hauser,4.0,(175),749,6,4,15,--
Community Health Center,4.2,(177),472,6,--,2,--
Ivangel Sales & Services,3.7,(173),535,4,--,5,--
Chembond Chemicals,3.7,(172),723,9,7,19,--
B.P. Poddar Hospital & Medical Research,3.0,(173),547,16,--,8,--
Jobby Engineers,4.1,(172),589,7,1,16,3
Sarvatra Technologies,4.1,(172),1.3k,22,13,12,1
Verity Knowledge Solutions,3.1,(172),1.1k,38,--,13,19
TeamLease Edtech,3.2,(172),714,11,12,15,--
Deshpande Foundation,3.9,(172),567,10,2,10,1
Canteen Stores Department,4.4,(172),340,10,--,6,--
Net2source,3.4,(172),630,5,--,16,51
Milestone Gears,3.9,(172),621,11,--,11,--
Arihant Capital Markets,4.0,(172),654,41,21,10,5
First Solar,4.0,(172),730,14,24,5,--
Amphenol Omniconnect - India,3.8,(172),1.1k,14,1,9,--
Amity International School,3.9,(172),692,11,--,14,4
New Era Technology,3.4,(172),1.1k,13,26,4,--
EAPRO Global Ltd,4.2,(172),428,14,4,7,1
BlueBinaries Engineering and Solutions,2.5,(172),1.1k,25,1,10,47
Leena AI,3.8,(172),663,34,19,2,9
Qualsquad Infotech,3.2,(172),670,12,--,11,--
Kirtane & Pandit,3.5,(172),708,9,31,12,--
CGS,3.3,(172),928,26,9,14,--
CBTS TECHNOLOGY SOLUTIONS INDIA LLP,3.9,(172),1.4k,24,16,14,--
Satvat Infosol,3.1,(172),709,7,4,19,--
Somika Sarl,4.2,(172),472,13,--,10,--
Homesfy Realty,3.5,(172),509,17,32,3,--
AIG Business Solution,3.3,(171),337,2,--,77,--
Indian Coast Guard,4.1,(171),476,7,--,22,--
Voith,3.8,(174),955,6,3,17,1
Yuken India,3.2,(173),804,6,2,15,--
American Institute of Pathology and Laboratory Sciences,4.2,(171),570,10,13,21,11
Welspun Specialty Solutions,3.5,(172),593,5,1,11,--
ARSS Infrastructure Projects,3.8,(171),508,21,--,16,--
Desai Construction,4.1,(172),570,12,4,23,12
Manomav Engineers,3.9,(173),363,29,--,1,28
India1 Payments,3.7,(171),589,8,--,12,6
Gulf Oil Corporation,4.4,(171),647,7,1,16,--
V S International,3.8,(172),574,24,10,22,--
Verinite Technologies,4.2,(171),626,9,9,13,36
Linkquest Telecom,3.4,(171),443,9,--,8,--
Niyo Solutions,,,--,--,--,--,--
Xrbia Developers,2.9,(171),851,8,--,10,--
Smiiel - A Unit Of Motherson Sumi System,3.5,(171),425,21,--,18,1
CDS Infra Projects,3.4,(174),542,11,--,2,--
Emmbi Industries,3.4,(172),729,11,2,10,3
Swiss Garnier Life Sciences,3.4,(172),801,16,1,17,--
B M Birla Heart Research Centre,3.7,(176),466,11,--,6,--
Orchid Hotel,3.4,(172),619,11,--,20,4
Airpay Payment Services,3.0,(171),803,12,1,12,3
NaviSite,3.9,(171),1.3k,21,--,8,--
Nivara Home Finance,3.7,(171),535,11,7,7,--
Arya Collateral Warehousing Services,4.3,(171),446,12,5,14,--
Etraveli Group,3.2,(171),847,16,12,5,--
Aranca,3.4,(171),1.1k,16,23,20,--
Sikka Group,3.7,(171),590,10,--,20,2
Banas Dairy,3.9,(171),576,8,--,15,--
Royal Bank of Scotland International,4.2,(171),1.7k,13,--,28,--
Shinhan Bank,3.1,(171),936,18,2,11,--
Encalm Hospitality,4.0,(171),618,16,17,3,9
Jotun Paints,4.1,(171),669,15,4,25,--
Edwise International,3.8,(171),442,14,9,6,--
Everest Group,2.7,(171),1.7k,28,3,11,--
Enviro Infra Engineers,4.0,(171),589,12,15,11,4
Indian Armed Forces,4.5,(171),414,5,--,11,--
Raam Group,3.3,(171),613,32,12,6,--
Health Prime International,3.2,(171),826,13,--,10,--
Trafigura,3.1,(171),1.2k,10,7,16,--
KDDL,3.6,(171),734,11,15,17,--
Graphic Era University,3.4,(171),640,16,23,15,2
98thPercentile,4.0,(171),340,23,--,20,5
Elektrobit India,3.8,(172),955,17,--,10,--
Harvest Gold Industries,3.8,(171),569,17,--,8,--
Automotive Research Association of India,4.1,(171),902,8,--,14,--
Motovolt Mobility,3.7,(172),493,23,4,9,4
Anvil Cables,3.8,(171),539,9,--,13,2
Rysun Labs,3.3,(171),845,16,11,22,20
Coherent Market Insights,3.2,(171),355,12,1,27,--
IREP Credit Capital,3.9,(171),605,7,10,10,--
Bose,3.8,(171),533,6,--,28,--
Nido Machineries,3.6,(172),624,17,2,17,14
Bimal Auto Agency,3.8,(171),637,7,--,13,3
LC Infra Projects,3.9,(173),503,21,--,9,--
Makino Auto Industries,3.7,(174),608,12,--,17,--
OM Careers,2.7,(170),333,13,--,22,--
Allahabad Bank,4.5,(170),321,2,--,22,2
AMPLUS SOLAR,4.3,(170),789,6,--,15,--
Ram Kripal Singh Construction,3.6,(171),515,7,--,7,--
Tracks Components,3.1,(170),959,19,3,10,--
Avaada Electro,4.2,(170),507,20,5,14,2
Daramic Battery Separator India,3.6,(170),641,18,--,16,--
Central Coalfields,4.5,(170),302,6,5,11,--
Billroth Hospitals,3.5,(170),618,5,6,7,--
Garuda Power,3.1,(170),491,15,1,11,--
Ultratech India,4.1,(170),844,14,11,6,--
Roto Pumps,3.5,(170),571,9,3,12,--
thinkbridge,3.7,(170),737,26,4,33,33
Ajit Industries Pvt.Ltd,4.2,(170),536,19,--,13,46
Claris Lifesciences Ahmedabad,3.3,(170),390,1,--,28,--
Border Roads Organisation,4.3,(170),348,5,--,22,--
TerraCIS Technologies,3.6,(171),460,8,1,3,--
Gemini Edibles & Fats India,4.1,(172),597,11,1,17,--
Shree Technocrat Communication Systems,3.8,(171),740,10,--,13,1
Makino Auto Industries,3.7,(174),608,12,--,17,--
LC Infra Projects,3.9,(173),503,21,--,9,--
Bimal Auto Agency,3.8,(171),637,7,--,13,3
Allahabad Bank,4.5,(170),321,2,--,22,2
Central Coalfields,4.5,(170),302,6,5,11,--
ShopX,4.4,(170),720,1,--,20,--
VWR International,3.5,(170),1k,13,32,20,--
Okinawa Autotech,3.3,(170),589,9,1,7,--
Ultratech India,4.1,(170),844,14,11,6,--
MAT Brakes,4.0,(170),632,11,1,13,--
Ajit Industries Pvt.Ltd,4.2,(170),536,19,--,13,46
bgr Mining infra pvt Ltd,4.1,(170),618,11,--,7,--
MyGlamm,3.4,(170),757,11,4,14,1
Acme Formulation,3.0,(170),766,15,17,10,8
Pritam International,3.4,(170),681,10,8,6,--
Husk Power Systems,2.8,(170),574,11,10,13,6
Opus Technologies,2.8,(170),999,13,10,2,16
Seco Tools,4.1,(170),585,12,--,21,--
VK Building Services,3.9,(170),568,11,19,18,--
Multi Commodity Exchange of India,3.1,(170),1.1k,7,1,12,--
Pyrotech Electronics,3.1,(170),701,12,6,8,--
Armstrong International,4.0,(170),747,11,--,14,--
thinkbridge,3.7,(170),737,26,4,33,33
Roto Pumps,3.5,(170),571,9,3,12,--
VK Building Services,3.9,(170),568,11,19,18,--
Rubicon Skill Development,2.5,(170),360,26,3,5,--
Wingtech Mobile Communication,4.0,(169),703,16,--,18,2
Sharp Sight,3.9,(171),631,13,12,7,--
Egniol Services Private Limited,2.3,(169),465,14,4,1,5
Centelon,2.8,(169),583,11,--,66,8
Goodricke Group,4.1,(169),469,8,--,9,2
Lokmat Media,4.0,(169),888,6,--,8,--
Kalburgi Cement,3.7,(169),568,7,--,15,--
HTIC Global,3.7,(170),599,15,46,22,40
Grundfos,4.0,(169),815,13,--,12,4
Eduvanz,3.5,(169),810,14,1,10,3
WAE,3.2,(169),300,24,6,4,5
ASSET DEALS,4.3,(169),114,27,--,15,--
Chowgule Industries,3.6,(169),637,6,11,13,--
BUDDI.AI,3.5,(171),533,16,--,28,16
Alcove Realty,4.0,(171),480,12,--,6,--
KRYFS POWER COMPONENTS,3.9,(171),637,12,8,15,--
AECC Global,2.9,(171),660,18,--,9,--
Kemwell Biopharma,3.4,(171),671,13,8,10,--
Centelon,2.8,(169),583,11,--,66,8
Lokmat Media,4.0,(169),888,6,--,8,--
Eduvanz,3.5,(169),810,14,1,10,3
HTIC Global,3.7,(170),599,15,46,22,40
Deepak Novochem Technologies,4.0,(169),863,13,3,10,8
PMJ Gems & Jewellers,3.4,(170),604,13,--,12,1
Acuvate Software,3.1,(169),1.1k,12,7,14,--
Krishna Institute of Medical Sciences,3.8,(169),708,5,26,10,--
Uniproducts,3.5,(169),794,9,1,14,--
St. Mary's School,3.8,(169),572,8,1,17,2
MBit Computraining,3.7,(169),606,25,--,5,3
Axis Securities and Sales,3.6,(169),877,15,--,6,--
Hire Glocal,4.0,(169),85,20,--,35,25
JCBL,3.3,(169),680,9,17,12,4
WAE,3.2,(169),300,24,6,4,5
Grundfos,4.0,(169),815,13,--,12,4
Flatworld Mortgage Processing,3.5,(169),673,6,--,13,--
Hotel Park Plaza,4.1,(168),457,5,--,28,--
East India Technologies,3.0,(168),806,9,12,10,--
Farmson Pharmaceutical,3.1,(171),911,12,--,12,--
India Power Corporation,3.7,(168),726,16,1,18,--
DCM Infotech,3.6,(168),848,11,3,7,--
Bennett University,3.7,(168),785,16,3,11,2
Indivillage Tech Solutions,3.4,(168),709,17,--,5,4
Nordusk Led,4.3,(169),120,7,--,4,--
Strategic Learning Solutions,4.1,(168),533,8,--,13,--
Ocl Iron & Steel,3.6,(168),538,17,--,1,--
Medvarsity Online,2.9,(169),783,20,5,12,6
MRI Software,3.1,(168),1.2k,22,9,6,4
efficiently,2.5,(168),478,26,--,7,--
Group Pharmaceuticals,3.9,(168),412,10,14,13,--
T&N Business Services,4.6,(168),73,56,--,3,11
Delhi Integrated Multi Modal Transit System,3.6,(168),584,8,3,14,2
Fraazo,3.5,(168),662,20,--,13,--
Dynamic Techno Medicals,3.8,(170),606,7,--,12,--
Nerdy Turtlez,2.4,(168),416,18,--,22,15
Farmson Pharmaceutical,3.1,(171),911,12,--,12,--
Shri Kshetra Dharmasthala Rural Development Project,4.0,(170),373,5,--,8,1
Corpone Staffing Solutions,3.9,(168),553,18,--,11,--
Synergy Property Development Services,3.9,(168),501,5,--,31,--
Bennett University,3.7,(168),785,16,3,11,2
DCM Infotech,3.6,(168),848,11,3,7,--
Pramata Knowledge Solutions,3.2,(168),812,31,--,16,5
MRI Software,3.1,(168),1.2k,22,9,6,4
T&N Business Services,4.6,(168),73,56,--,3,11
Sankara Nethralaya,3.7,(168),433,9,2,16,--
Delhi Integrated Multi Modal Transit System,3.6,(168),584,8,3,14,2
Conserve Solution,3.7,(168),525,21,14,12,--
Gulshan Polyols,3.6,(168),632,13,--,15,--
iVistec Partners India Private Limited,3.9,(168),579,10,1,22,--
Makino,3.5,(168),799,10,2,15,--
Data Bridge Market Research,2.5,(168),529,24,4,6,14
Shimizu,4.1,(168),574,16,--,21,--
Nordusk Led,4.3,(169),120,7,--,4,--
Ocl Iron & Steel,3.6,(168),538,17,--,1,--
efficiently,2.5,(168),478,26,--,7,--
Medvarsity Online,2.9,(169),783,20,5,12,6
Iprogrammer Solutions,3.9,(168),738,30,13,9,--
Xpo Logistics,3.2,(167),1.2k,15,--,26,--
Hubtown,3.3,(169),685,14,--,9,--
Ace Pipeline Contracts,4.2,(167),482,13,2,18,2
M.P. Power Transmission Company,4.0,(168),437,8,--,7,--
Ecozen Solutions,4.1,(172),645,14,192,4,1
GKB Opticals,4.4,(169),381,7,--,8,--
Suraksha Gold Industries Private Limited,4.3,(167),89,95,--,26,3
Oakridge International School,3.3,(167),505,5,--,29,--
Sundaram Industries,3.6,(167),837,6,4,9,--
Chryso,3.8,(167),638,18,--,9,4
MT Autocraft,4.0,(167),589,8,2,17,--
Verint Systems,3.7,(166),1.2k,12,10,9,--
Sun Flag Steel,3.7,(168),718,8,--,6,--
CAPLIN STERILES,3.0,(167),1.1k,8,4,10,--
illumifin,3.2,(167),717,6,10,1,--
IIT Delhi,4.0,(167),895,19,--,18,--
iNeuron.ai,4.1,(167),763,18,--,27,--
VFS Capital,3.7,(167),335,8,--,2,--
ACI Worldwide,3.9,(167),1.4k,16,22,21,--
Export Trading group,3.5,(167),799,7,4,6,--
CriticalRiver,2.5,(167),1.2k,20,6,13,7
Azmeel Contracting,4.1,(167),247,4,--,20,--
Durr India,3.3,(167),862,8,1,5,--
Flexsin Technologies,3.6,(167),869,29,48,13,2
Hubtown,3.3,(169),685,14,--,9,--
Skechers South Asia,4.3,(168),684,10,2,13,--
Vitromed Healthcare,3.4,(168),650,19,5,10,--
Aptronix - Apple Premium Reseller,3.9,(168),647,10,--,12,3
Safeguard Global,3.7,(167),1k,7,5,4,--
Tarento Technologies,3.8,(167),1.3k,15,30,28,9
Acme Solar Energy,4.4,(167),367,13,--,4,--
Jaypee Brothers Medical Publishers,3.2,(167),637,22,--,9,1
Bankai Infotech,3.0,(167),936,14,--,18,--
MathWorks,4.0,(167),1.2k,48,1,16,6
SEED Infotech,3.4,(167),502,9,1,10,7
Sahu Exports,4.0,(167),581,13,--,8,2
Delval Flow Controls,4.2,(167),883,5,--,10,--
Oceanic Pharmachem,4.2,(167),125,33,--,38,--
3Pillar Global,3.2,(167),1k,23,26,15,4
Bsa Corporation,3.8,(167),812,5,10,7,--
Tamilnadu Petroproducts,4.1,(167),898,11,--,13,--
Innovassynth Technologies,3.4,(167),799,15,10,12,--
Eastern Coalfields,4.2,(167),288,9,--,11,--
Modi Builders & Realtors,2.8,(167),472,9,--,8,--
Poct Services,3.7,(167),487,20,2,12,--
Linedata,2.9,(167),1.1k,25,53,8,--
Badri Rai and Company,3.7,(167),533,14,7,5,--
Turner & Townsend,3.8,(171),1.6k,15,14,10,--
AstroTalk,3.4,(166),590,26,7,4,7
TIL,3.6,(166),735,10,1,17,--
Sourcefuse Technologies,2.7,(166),1.2k,22,16,17,--
Gera Developments,4.2,(166),718,4,4,13,--
Kohinoor Group,3.6,(166),1.1k,10,1,12,--
FMI Automotive Components,3.7,(166),590,12,7,15,--
GP Strategies,3.5,(166),1.2k,11,10,9,--
Bhilai Iron And Steel Processing Company,4.0,(166),589,7,--,15,2
Priyagold Biscuits,2.9,(166),424,11,1,7,--
Satec Envir Engineering (I),4.1,(166),392,16,3,8,2
Euronics Industries,3.5,(167),815,19,9,8,--
Broadcast Engineering Consultants India,3.5,(167),741,18,--,7,--
Vanesa Care,4.0,(166),558,6,--,7,--
Population Services International (PSI),4.0,(167),437,10,--,22,--
AstroTalk,3.4,(166),590,26,7,4,7
Envision Enterprise Solutions,2.6,(166),935,18,--,4,--
Alp Overseas,3.6,(166),726,7,--,9,--
Sourcefuse Technologies,2.7,(166),1.2k,22,16,17,--
Sharp Business Systems India,3.4,(166),542,7,--,13,--
FMI Automotive Components,3.7,(166),590,12,7,15,--
PCS Technology,3.7,(166),367,4,--,12,--
Bhilai Iron And Steel Processing Company,4.0,(166),589,7,--,15,2
GP Strategies,3.5,(166),1.2k,11,10,9,--
Tcs And Associates,3.5,(166),1.7k,12,--,4,--
SoftTech Engineers Limited,3.3,(166),1.1k,21,13,12,4
Zodiac Clothing Company,3.4,(166),469,11,4,13,--
Diversey,3.8,(166),669,5,--,19,--
VLink,3.6,(166),827,22,48,10,18
Priyagold Biscuits,2.9,(166),424,11,1,7,--
Euronics Industries,3.5,(167),815,19,9,8,--
Satec Envir Engineering (I),4.1,(166),392,16,3,8,2
Kohinoor Group,3.6,(166),1.1k,10,1,12,--
KG Invicta Services,3.3,(166),688,26,4,13,--
Sri Balaji Action Medical Institute,3.9,(166),587,5,--,13,--
Gea Process Engineering India,4.0,(166),787,3,19,17,--
Kotak Mahindra Asset Management Company,3.8,(166),998,13,9,12,--
Encotec Energy,4.1,(166),542,10,--,14,--
ValGenesis,2.9,(166),1.2k,23,45,17,3
Thirdware Solutions,4.2,(165),1k,4,--,21,--
HYOSUNG,3.4,(168),813,7,--,9,--
Zurich Kotak General Insurance,3.0,(173),701,12,1,4,--
Baxter Pharmaceuticals,4.2,(166),316,11,--,2,--
Thermo Systems India,3.9,(171),671,8,--,11,--
Gujarat State Electricity Corporation,4.4,(168),278,6,--,8,1
Bayer Zydus Pharma,3.5,(166),479,4,54,14,--
Kabra Extrusion Technik,3.6,(165),779,14,--,17,--
Interactive Avenues,3.3,(165),1.2k,13,--,12,--
Trayee Business Solutions,3.4,(166),509,9,--,7,--
Paushak,3.7,(166),833,17,7,17,--
Cronus Pharma Specialities India,3.4,(165),729,6,1,14,--
Sterling Information Resources,3.5,(165),684,5,--,9,--
Xotik Frujus,2.6,(165),437,8,--,7,--
Zeta Global,3.4,(167),1.3k,16,--,18,--
Scope eKnowledge Center,3.1,(165),450,8,--,18,--
Pioneer e Solutions,3.7,(165),627,4,--,6,--
Suven Life Sciences,3.6,(165),554,5,9,18,--
Sterling Information Resources,3.5,(165),684,5,--,9,--
Xotik Frujus,2.6,(165),437,8,--,7,--
Shri Ram Finance Corporation,3.1,(168),502,18,10,9,--
Tulip Diagnostics,3.7,(166),497,8,1,14,--
Baxter Pharmaceuticals,4.2,(166),316,11,--,2,--
Thermo Systems India,3.9,(171),671,8,--,11,--
Zurich Kotak General Insurance,3.0,(173),701,12,1,4,--
Gujarat State Electricity Corporation,4.4,(168),278,6,--,8,1
Bayer Zydus Pharma,3.5,(166),479,4,54,14,--
Interactive Avenues,3.3,(165),1.2k,13,--,12,--
Trayee Business Solutions,3.4,(166),509,9,--,7,--
E C R Buildtech,3.8,(168),462,14,5,8,6
Paushak,3.7,(166),833,17,7,17,--
Jhajharia Nirman Limited,4.2,(165),582,15,--,16,3
Inube Software Solutions,2.9,(165),1.1k,14,9,12,--
SOTI,3.1,(165),1.5k,26,25,14,--
Aditya Birla Chemicals,3.7,(165),637,14,--,11,--
The Knowledge Academy,2.6,(165),780,16,--,4,--
Milltec Machinery Pvt Ltd Bangalore,3.9,(165),697,9,--,12,--
Inube Software Solutions,2.9,(165),1.1k,14,9,12,--
SOTI,3.1,(165),1.5k,26,25,14,--
River Mobility,4.0,(166),684,13,31,2,--
Lotus Footwear Enterprises,4.0,(166),573,9,--,10,--
Pioneer e Solutions,3.7,(165),627,4,--,6,--
Milliman,3.0,(165),1.1k,25,5,18,--
Sberbank Branch in India,3.1,(165),530,30,5,9,7
IonIdea,3.0,(165),897,16,118,9,1
Cadeploy Engineering,3.3,(165),734,15,5,12,1
Gammastack,3.3,(165),797,71,34,33,--
Americana Group,3.6,(165),355,13,--,20,1
Unipath Specialty Laboratory,3.7,(165),656,14,4,5,--
Vasavi Group,3.7,(165),863,9,--,3,--
Plintron Global Technology Solutions,2.8,(164),1k,17,--,10,--
Shobhit Mediworld,3.9,(168),376,26,3,9,2
Intec Infra-Technologies,3.9,(164),375,11,21,9,8
Inductotherm,3.7,(164),686,12,13,23,1
Toll Group,4.0,(164),903,7,12,10,8
Bhartiya International,3.6,(165),843,7,--,17,--
Thomson Press India,4.1,(164),558,8,2,13,--
BigStep Technologies,4.2,(164),513,37,3,58,67
BAIF Development Research Foundation,3.6,(164),419,14,--,16,--
SRV Media,3.4,(164),538,27,4,28,11
StrategicERP,4.1,(165),281,14,1,2,--
Celebi Delhi Cargo Terminal Management,4.2,(164),422,3,--,37,2
HCL Foundation,4.4,(165),584,18,--,22,--
Magnum Group,3.2,(167),690,9,2,6,--
Datavail Infotech,3.6,(170),1.3k,7,53,12,--
Faasos Food Services,3.6,(164),388,4,14,17,--
IndiGrid,4.2,(164),736,16,--,7,--
Smart Drive Systems,3.4,(164),694,10,28,26,--
Chandan Healthcare,3.3,(164),444,20,1,6,--
Helo.ai by VivaConnect,4.2,(164),516,9,2,7,20
Synchronoss Technologies,4.1,(164),1.3k,11,2,17,--
TAAZAA,3.9,(164),843,24,14,6,--
Creativelipi Webtech,2.9,(164),537,7,3,10,--
Ritco Logistics,3.7,(164),570,13,7,4,3
TV9 Network,3.7,(164),882,11,4,7,--
Takahata Precision,4.2,(164),589,7,--,17,--
Unicommerce Esolutions,3.0,(164),1k,24,4,13,18
TAAZAA,3.9,(164),843,24,14,6,--
Ritco Logistics,3.7,(164),570,13,7,4,3
K.R.Mangalam World School,4.0,(164),480,19,9,4,2
Merilytics,2.9,(164),1.5k,51,--,7,--
TAL Manufacturing Solutions,3.8,(163),445,5,--,21,--
Webvio Technologies,4.2,(164),287,15,6,13,25
Amanta Healthcare,4.0,(163),626,7,--,20,--
NetProphets Cyberworks,3.5,(163),1k,6,1,13,1
ARDEE INDUSTRIES LIMITED,4.0,(164),313,30,8,3,35
TC Global,3.8,(163),482,9,2,26,1
Colgate Global Business Services,3.4,(163),727,23,--,15,--
Vasant Masala,4.0,(163),459,14,4,8,--
Futran Solutions,3.9,(163),457,20,5,13,9
Apollomedics Super Speciality Hospitals,4.0,(163),660,14,--,12,--
CTX Life Science,3.8,(163),716,6,2,10,--
American India Foundation,3.8,(163),480,14,--,11,--
Enercon,4.0,(163),545,12,1,17,1
CollegePur,4.6,(164),7,61,5,8,--
JCT Limited,3.9,(163),591,6,5,20,--
Brindavan Beverages,4.0,(163),612,7,--,11,--
Silver Consumer Electricals,3.1,(167),591,7,--,3,--
Batra Hospital,3.9,(165),551,4,16,14,1
Houzeo,3.8,(166),320,63,--,2,1
Apparel Group UAE,3.4,(163),23,1,--,1,--
MELCO,3.6,(165),574,4,1,6,--
ALOIS Solutions,3.9,(172),532,10,--,15,16
Ankur Seeds,4.2,(165),404,7,--,14,--
SugarFit,3.9,(164),329,25,--,5,--
Mahavir Die Casters,4.0,(164),508,4,--,12,--
Avinash Group,3.4,(163),580,14,--,11,--
NELCAST,3.6,(165),721,6,--,12,--
Sampark Logistics,3.4,(165),579,7,--,13,--
Agriculture Insurance Company of India,4.1,(168),514,12,--,6,--
Shivalik Rasayan,3.5,(165),573,11,1,7,3
Vibracoustic,3.5,(164),633,10,--,20,--
Topsel Toyota,3.8,(163),367,11,11,19,1
Eastman Industries,3.6,(164),358,17,7,7,--
The Calcutta Medical Research Institute,3.9,(164),475,9,13,12,--
Prabha Engineering,3.7,(163),837,8,1,10,--
Captain Tractors,4.4,(164),526,19,5,17,--
YuppTV,3.3,(163),1.1k,18,3,15,--
Escorts Railway Equipment Division,3.8,(163),525,9,--,11,--
Shubham EPC,3.9,(163),365,14,4,11,--
MGM Medical College & Hospital,4.0,(163),612,6,--,11,--
IndianOil Skytanking,3.4,(163),601,13,--,19,--
Rolls-Royce,3.8,(163),1.1k,33,25,18,--
SANY Group,3.8,(163),625,14,--,5,2
Khivraj Motors,3.8,(163),616,9,11,10,1
Mahanadi Coalfields,4.5,(163),259,8,--,8,1
Keywords Studios,2.4,(164),763,25,31,6,--
Rich Graviss Products,4.1,(163),567,15,1,20,--
Manipal HealthMap,4.1,(163),423,11,17,15,--
FreshToHome,3.5,(163),814,26,8,6,--
AKM Global,4.1,(163),531,41,33,1,--
Enzen Global Solutions,2.9,(163),554,6,--,16,--
Enaltec Labs,2.8,(163),728,14,--,21,--
Punjab & Sind Bank,3.4,(164),525,3,--,13,--
Jyote Motors,3.6,(162),497,9,--,9,2
Chloride Metals,3.6,(166),713,16,--,8,1
Capricorn Energy,3.6,(162),1.2k,18,--,34,--
Airtel Business,3.6,(162),895,34,--,19,--
Norwin Technologies,3.7,(162),1k,15,7,10,4
Space Matrix Design Consultants,3.5,(162),860,8,42,13,2
Cubic Transportation Systems,3.1,(162),1.3k,15,64,18,10
Enlink Managed Service pvt Ltd.,3.2,(162),565,16,27,21,--
Goel Ganga Developments,3.6,(162),677,13,3,20,--
Texila Educational And Management Services,4.0,(162),550,16,--,52,--
Pioneer Wincon,4.4,(164),393,21,--,30,--
Enaltec Labs,2.8,(163),728,14,--,21,--
Data Template Infotech,3.6,(162),577,18,--,22,84
Punjab & Sind Bank,3.4,(164),525,3,--,13,--
Apraava Energy,4.2,(167),629,11,--,8,--
IG Defence,4.5,(163),51,7,--,1,--
Baggit,2.7,(164),560,6,--,10,--
Sony Pictures Networks,3.5,(167),975,7,--,2,--
Gibraltar Technologies,3.7,(163),693,24,1,1,--
Jyote Motors,3.6,(162),497,9,--,9,2
Harsha Engineers International,4.0,(164),888,1,--,3,--
Hirschvogel Components,4.1,(165),736,7,9,19,--
Apraava Energy,4.2,(167),629,11,--,8,--
Baggit,2.7,(164),560,6,--,10,--
IG Defence,4.5,(163),51,7,--,1,--
Gibraltar Technologies,3.7,(163),693,24,1,1,--
Sony Pictures Networks,3.5,(167),975,7,--,2,--
Sanyo Special Steel Manufacturing,4.0,(163),691,8,--,15,--
Airtel Business,3.6,(162),895,34,--,19,--
Auditics Private Limited,3.8,(162),403,21,6,2,5
Reynolds,4.1,(162),530,8,--,15,--
Dairy Classic Ice Creams,4.1,(162),612,13,10,7,1
Enlink Managed Service pvt Ltd.,3.2,(162),565,16,27,21,--
SECON Private Limited Bangalore INDIA,3.2,(162),551,9,14,24,--
Norwin Technologies,3.7,(162),1k,15,7,10,4
Mohani Tea Leaves,4.0,(162),535,6,--,19,--
JConnect Infotech,3.4,(162),731,10,--,6,--
Shilpa Biologicals,3.1,(162),716,5,--,4,--
Donaldson India Filter Systems,3.7,(162),744,7,16,8,--
Ki Mobility Solution,3.3,(162),674,9,2,3,--
Veeraraghavan & Company,3.1,(162),409,8,--,4,--
AUO Mobility Solutions,4.0,(162),870,11,11,13,--
Rayden Interactive,2.7,(162),756,22,--,10,2
Nehru Yuva Kendra Sangathan,4.4,(161),172,8,--,18,8
Signzy Technologies,2.9,(161),993,35,32,1,7
Calix,3.8,(166),453,28,12,8,6
Vulcan Express,3.6,(161),226,1,--,20,--
Shakti Precision Components,3.6,(162),758,5,1,7,--
Axis Mutual Fund,3.8,(162),882,10,--,9,--
Shree Hari Infraprojects,3.1,(161),379,5,--,3,3
Him Teknoforge,3.6,(162),572,15,2,13,--
Esme Consumer,4.1,(161),437,11,2,2,1
Exim Logistics,4.0,(161),318,17,--,5,5
StoreKing,3.2,(161),711,12,--,20,--
AAI Cargo Logistics and Allied Services Company,3.2,(162),401,12,--,4,--
Tekskills,3.5,(161),876,27,63,10,11
Thoucentric,3.7,(161),1.6k,16,33,10,11
Ayana Renewable Power,4.4,(162),653,4,4,3,--
Enquero,4.2,(161),1.7k,21,--,19,--
Jindal Stainless Steelway,3.8,(168),706,15,--,18,--
Volvo Construction Equipment,4.1,(161),689,13,--,13,--
Solar Defence And Aerospace,3.6,(170),719,7,--,8,--
Arundhati Jewellers,3.5,(161),310,12,--,64,1
GIRDHARI LAL CONSTRUCTIONS,3.9,(162),490,14,2,1,--
Atotech,3.9,(162),813,12,--,26,--
Inorbit Mall,4.1,(162),607,17,--,20,1
Uno Minda Kyoraku,3.9,(162),590,11,1,18,--
Snapwork Technologies,3.6,(161),708,22,12,16,--
Srijan Technologies,3.2,(161),902,21,40,17,--
Parsons International,4.1,(161),220,7,--,20,--
RS Software (India) Ltd.,3.3,(162),544,10,3,18,22
Alice Blue Commodities,2.8,(161),817,10,--,9,--
Quba Architectural Products,4.2,(161),506,10,20,5,--
Electrolab,3.4,(161),616,10,102,7,--
Hind Terminals,4.0,(161),741,8,--,16,--
Europ Assistance India,3.5,(161),607,11,3,6,--
Deccan iServices,3.5,(161),787,10,--,5,--
MDI NetworX,3.9,(161),682,32,1,12,--
Preet Tractors,3.6,(161),487,19,--,29,8
Ambrane India,4.6,(161),431,8,12,3,--
Muvi,4.1,(161),609,24,7,12,8
HelpAge India,4.1,(161),397,6,19,10,--
Deccan iServices,3.5,(161),787,10,--,5,--
MDI NetworX,3.9,(161),682,32,1,12,--
Europ Assistance India,3.5,(161),607,11,3,6,--
Preet Tractors,3.6,(161),487,19,--,29,8
Hind Terminals,4.0,(161),741,8,--,16,--
Electrolab,3.4,(161),616,10,102,7,--
Muvi,4.1,(161),609,24,7,12,8
Continental Carbon India,3.6,(161),682,8,--,9,--
Cresce Technology Private Limited,4.2,(161),210,7,--,13,2
Oerlikon Balzers,3.7,(161),699,8,7,14,--
Saraswati Accountants Software,4.4,(161),129,23,3,14,11
Kartavya Healtheon,3.7,(161),386,8,5,4,5
ResearchAyu,3.9,(161),99,17,--,2,--
Outlook,2.8,(160),138,36,--,6,--
Dr. Ram Manohar Lohia Hospital,4.3,(161),388,6,--,16,--
Lotus Wireless Technologies,3.2,(164),785,19,--,10,--
Eagleview,3.2,(162),998,22,6,17,14
Galderma,3.5,(160),557,2,16,13,--
SightSpectrum Technology Solutions,3.2,(160),1.1k,16,45,--,--
DIC India,3.7,(160),733,10,8,13,--
Virtuoso,3.5,(160),807,17,6,2,--
Modi Naturals,4.1,(160),574,8,5,8,--
CCS Computers,3.9,(160),742,8,3,8,--
"PKF Sridhar & Santhanam LLP, Chartered Accountants",3.5,(160),672,12,1,13,--
Scymes Services,3.3,(160),557,7,7,36,11
Futures First info Services,3.1,(160),997,98,--,17,--
Victoria's Secret,3.8,(160),1.2k,19,--,11,2
Computer Generated Solutions,3.0,(160),1.1k,10,--,11,--
SanDisk India Device Design Centre,4.0,(160),1.3k,13,73,13,2
Marsh McLennan Global Services,4.1,(160),693,18,5,30,--
Suwasthi,2.5,(166),343,8,3,1,--
EMB Global,4.2,(161),453,16,1,1,3
MoreTasks,4.1,(161),269,27,--,25,416
5K Car Care,4.4,(160),267,48,--,--,--
Horizontal Integration,3.6,(165),1k,15,2,5,--
Unicorn DenMart,3.9,(160),547,33,17,8,--
Drytech Processes (I),3.8,(162),746,16,1,8,--
Interglobe Air Transport,3.4,(163),853,7,--,16,--
SPD Constructions,3.8,(161),511,14,2,4,--
Datagain,4.4,(160),398,36,9,30,--
Echelon Institute of Technology,4.3,(160),164,41,2,1,2
Melorra,3.1,(160),831,21,--,9,--
Rockman Group,3.9,(161),616,6,--,2,3
Advaith Motors,4.0,(160),517,8,4,17,--
KHD Humboldt Wedag,4.2,(160),776,9,--,16,--
Kaefer,3.6,(160),334,6,--,19,--
Mcpi,4.1,(160),639,12,--,13,--
Amrit Bottlers,4.2,(160),545,7,2,14,--
Hyatt Place,4.0,(161),376,5,--,17,7
Dedicated Freight Corridor Corporation Of India,4.1,(160),626,8,4,6,--
Louis Dreyfus Company,3.8,(159),500,6,2,1,--
VEKA,3.8,(160),520,11,6,13,--
Eisneramper LLP,3.3,(160),1.1k,15,46,5,--
Netcon Technologies,3.7,(159),1k,15,--,6,--
CBSE,4.3,(159),454,6,--,8,--
Rungta Sons,4.2,(167),425,7,--,2,1
Kearney,3.2,(163),1.5k,29,8,8,--
Simple Logic IT,3.4,(164),945,14,3,3,13
Rajasthan Aushdhalaya,3.3,(163),228,42,1,4,1
Frontier Business Systems,3.3,(159),920,15,13,11,1
Drychem India Pvt. Ltd,4.1,(159),629,8,1,4,--
ETP International,2.9,(159),803,9,10,20,4
Franciscan Solutions,2.6,(159),378,5,15,18,--
Chennais Amirta Group of Institutions,3.8,(159),453,15,22,10,--
Shubhalakshmi Polyesters,3.5,(159),730,4,9,27,--
Elkayem Auto Ancillaries,3.4,(159),618,9,5,12,2
BANGMETRIC,3.9,(159),230,17,--,2,15
Delphi Automotive Systems,3.3,(160),666,5,--,18,--
Narayan Seva Sansthan,4.0,(160),287,10,12,15,9
FreshMenu,3.2,(159),556,8,--,24,1
ADINATH MOTORS,3.7,(160),661,5,3,8,--
Unirac,3.9,(160),345,20,--,5,6
Shrachi Group,2.5,(159),464,8,56,15,--
Sumeru Software Solutions,3.3,(162),1.1k,12,--,9,--
AYN InfoTech,4.5,(159),184,1,--,47,--
Vertex Global Services,4.6,(161),188,17,--,2,2
Khushi Advertising Ideas Private Limited,4.4,(159),272,10,1,7,2
Specsmakers Opticians,3.8,(161),719,11,104,6,--
Kamdhenu Paints,2.8,(161),490,9,--,5,1
Aurolab,3.7,(161),640,28,8,7,--
GAIN Credit,3.7,(159),646,14,--,68,--
Jharkhand State Livelihood Promotion Society,3.6,(159),359,10,--,13,--
Hykon,4.2,(159),420,28,1,6,--
HMD Global,3.6,(159),632,12,2,13,--
Cape East,3.6,(160),320,6,--,17,--
Meenakshi Mission Hospital & Research Centre,4.1,(159),617,10,--,12,--
Ametek Instruments India,3.5,(159),1.2k,12,28,9,1
NICHINO INDIA PRIVATE LIMITED,3.5,(159),405,9,1,8,--
Great White Global,3.9,(159),657,11,12,8,1
Msc Cruises,4.1,(159),299,8,--,16,1
Isha Foundation,4.3,(159),702,12,44,12,17
Kirloskar Ebara Pumps,3.7,(159),777,8,10,4,--
Light & Wonder,3.6,(159),2.9k,36,27,41,9
Rinder India,4.0,(159),500,3,--,30,--
Head Digital Works,4.3,(159),1.1k,22,--,8,8
Dixcy Textiles,4.2,(159),613,4,--,24,--
Rina India,4.0,(159),534,10,--,13,--
Axis Sales,4.4,(159),429,20,--,20,1
G Square Housing,3.8,(159),620,12,6,1,13
Naaraayani Sons,3.7,(160),441,21,--,22,--
Sun King,3.8,(159),574,13,3,23,--
Basicfirst Learning,2.7,(158),234,7,--,61,--
Orange City Water,3.6,(158),466,7,--,8,--
Rorito International,4.0,(158),564,6,--,12,--
Meena Bazaar,3.5,(159),715,8,4,4,--
BrowserStack,2.7,(161),2.1k,63,--,17,12
Icomm Tele,4.1,(159),632,8,6,14,--
Stanadyne India,3.8,(158),809,8,4,15,--
Outbooks Outsourcing,3.4,(161),572,19,--,11,--
Amp Motors,4.0,(159),702,10,--,10,--
RealEstateIndia.com,4.8,(158),1.4k,2,--,5,12
Puma Energy,2.8,(158),749,12,20,4,4
OPK e Services,2.8,(158),554,17,--,13,1
Brickwork Ratings,3.3,(158),716,11,74,4,--
Multani Pharmaceuticals,3.8,(158),489,14,--,6,--
Borosil Renewables,3.7,(158),698,7,1,2,--
Payswiff Solutions,4.0,(158),848,2,--,9,3
BDG Metal & Power,3.8,(157),454,24,4,8,--
SURYA INTERNATIONAL ENTERPRISE,3.7,(158),339,14,2,3,--
Seeds Fincap,3.8,(158),466,6,9,4,1
Replicon,3.5,(158),1.2k,26,37,14,1
Paras Spices,3.6,(158),737,12,9,9,--
Paperpedia,2.0,(158),499,19,--,6,--
Vihaan Networks,4.1,(158),718,10,--,14,2
Synmac Consultants,4.0,(158),59,17,24,28,6
Vortex Engineering,3.9,(158),666,16,14,13,--
Avantha Technologies,3.5,(158),746,9,--,13,--
Group Surya Peb,3.2,(159),637,11,1,2,--
Evertogen Life Sciences,2.9,(158),459,15,--,23,--
ESIC Medical College and Hospital,3.9,(161),722,5,--,4,4
Interra Information Technologies,3.1,(158),786,9,4,9,3
Sohan Lal Commodity Management,3.8,(158),512,4,4,10,--
Optimus Information,2.8,(158),443,21,5,14,1
Corbus,3.4,(158),582,15,2,18,--
Foiwe Info Global Solution,4.1,(158),610,9,--,11,--
Dozco,3.9,(158),534,5,4,7,--
Infoblox,3.6,(158),1.4k,23,10,15,9
Nirmal Industrial Controls,3.7,(158),796,19,50,11,--
APL Logistics,3.6,(158),623,12,9,10,2
BCForward,3.3,(158),741,10,32,11,--
BizGurukul,4.1,(158),383,23,--,14,--
Ogilvy,3.3,(158),1.1k,13,--,16,--
POWERCON Ventures India,3.9,(159),471,19,20,16,--
Visit Health,2.9,(158),857,12,45,4,--
Aligned Automation,3.6,(158),1.2k,15,7,8,--
EMotorad,4.4,(158),354,48,8,3,15
L&T Smart World & Communication,4.1,(159),293,2,--,58,--
Sun Life Global Solutions,3.7,(168),985,8,--,11,--
Rabindranath Tagore International Institute of Cardiac Sciences,3.8,(157),394,2,--,13,--
Karnataka Co-operative Milk Producers Federation,4.1,(160),432,4,--,4,--
High Street Essentials,3.6,(159),499,8,8,11,1
Executive Ship Management,3.9,(157),626,15,4,12,--
Vega Industries,4.0,(157),526,2,--,7,13
Xcaliber Infotech,3.1,(157),1.2k,19,4,6,--
Jai Beverages,3.5,(157),517,17,7,5,--
Spinco Biotech,3.7,(157),599,11,2,11,--
K2k Infrastructure,3.9,(157),477,8,--,11,4
KK Spun Pipes,2.8,(157),701,13,--,14,1
Patil Automation,3.3,(157),919,8,3,11,--
Gail Gas,3.7,(157),744,8,--,7,--
National Oilwell Varco,3.8,(157),602,9,--,14,--
V2soft,3.3,(157),1.2k,14,57,10,--
SunTec Business Solutions,2.6,(157),1.1k,7,5,12,--
Apcotex Industries,3.8,(157),931,10,12,11,--
Sresta Natural Bioproducts,3.6,(157),553,10,41,12,6
SAGE Publications,3.2,(157),679,13,25,26,--
Primetals Technologies,3.9,(157),804,13,--,16,--
Goodrich Logistics Pvt. Ltd.,3.3,(157),853,15,9,12,--
Prayagh Consumer Care,4.1,(157),425,8,2,6,--
Jasper Industries,4.2,(159),551,9,1,13,--
Premier Irrigation Adritec,3.7,(157),422,26,--,9,1
GTT Communications,3.2,(157),1.1k,13,5,16,--
Desire Energy Solution,3.8,(157),637,14,2,5,3
Auto Mechanics,2.7,(157),161,17,--,1,--
Anchor Health and Beauty Care,4.1,(157),611,8,--,19,--
Hilton Garden Inn,3.6,(157),430,7,5,19,--
Allyis India,3.1,(157),835,10,--,6,--
Meghmani Group,3.5,(157),610,4,--,4,--
Alteus Biogenics,2.6,(158),490,14,--,9,--
Mistral Solutions,3.6,(157),1.2k,18,17,16,--
Beekay Steel Industries,3.0,(157),636,10,--,5,--
Mistral Solutions,3.6,(157),1.2k,18,17,16,--
Antraweb Technologies,3.7,(157),471,11,5,17,3
Back Office,4.0,(157),1.2k,20,--,16,1
Liebherr,3.9,(158),659,20,--,14,--
RKC Infrabuilt Private Ltd,3.8,(157),583,16,1,6,--
Obbserv Online Services,4.6,(157),148,6,--,44,--
Hindustan Colas,3.5,(157),604,14,2,13,--
National Oilwell Varco,3.8,(157),602,9,--,14,--
Megha Gas,3.7,(157),649,16,--,3,--
Qatargas,4.6,(157),513,11,--,17,--
Kerry Ingredients,3.4,(157),703,11,1,16,--
Quarks Technosoft,3.6,(157),676,27,76,10,20
Primetals Technologies,3.9,(157),804,13,--,16,--
KollegeApply,3.7,(157),110,70,--,2,--
Sunbeam School,4.0,(156),424,10,--,16,--
Agilent Technologies International,3.8,(156),571,2,--,23,--
IIT Kharagpur,4.3,(156),563,18,--,13,1
Abryl Laboratories Manufacturing Unit,3.5,(157),738,11,--,10,--
Air India Engineering Services,3.6,(156),433,6,--,16,2
Bottomline,3.2,(156),1.2k,24,10,4,21
Aditya Vision,3.8,(156),366,16,10,9,1
IIT Kharagpur,4.3,(156),563,18,--,13,1
Polaris,4.0,(156),1.1k,23,3,12,--
Surya Food & Agro Limited,2.9,(156),361,12,13,10,--
Sidwal Refrigeration Industries,4.2,(156),691,11,3,12,1
Acies,3.9,(156),422,43,35,38,5
Oerlikon Graziano Transmission,4.5,(156),299,2,--,33,--
Montage Enterprises,3.2,(156),605,7,2,13,--
Solaris Chemtech,4.6,(156),602,12,--,27,--
Deendayal Antyodaya Yojana-National Rural Livelihoods Mission,3.9,(156),320,7,--,5,4
ARK Infosolutions,3.6,(157),644,6,24,13,--
PICL,3.7,(155),555,7,--,9,2
Locobuzz,2.7,(156),544,14,12,27,--
PharmaZell,4.0,(156),690,10,--,15,--
Simpl,2.9,(157),876,18,--,4,--
Enova Facilities Management LLC,4.2,(157),254,16,--,21,8
Theorem Incorporation,3.3,(156),825,13,--,14,--
Market Research Future Reports,3.2,(162),441,10,--,14,--
Altair Engineering,3.8,(156),848,40,--,20,5
Astute Corporate Services,3.2,(156),562,5,2,5,--
AVIZVA,2.1,(157),951,21,5,6,8
SP Apparels,4.1,(156),594,4,--,12,--
"MAT Holdings, Inc",3.6,(156),611,9,--,9,--
Barco Electronic Systems,4.1,(156),860,9,16,12,--
Intelux Electronics,4.0,(156),606,6,4,11,--
Montage Enterprises,3.2,(156),605,7,2,13,--
Java R & D,2.7,(156),678,18,14,15,--
Polaris,4.0,(156),1.1k,23,3,12,--
ARK Infosolutions,3.6,(157),644,6,24,13,--
PharmaZell,4.0,(156),690,10,--,15,--
Sakshi,3.7,(156),623,5,2,8,--
FANUC,3.3,(156),837,26,13,16,--
Naiknavare Developers,3.7,(156),588,10,13,14,--
Haqdarshak Empowerment Solutions,3.8,(158),392,15,--,7,--
Revlon,3.7,(156),347,14,--,14,--
Casino Air Caterers & Flight Services,4.0,(156),629,7,5,13,--
Krishak Bharati Cooperative,4.4,(156),351,13,27,9,--
Deendayal Antyodaya Yojana-National Rural Livelihoods Mission,3.9,(156),320,7,--,5,4
PICL,3.7,(155),555,7,--,9,2
Haqdarshak Empowerment Solutions,3.8,(158),392,15,--,7,--
Luker Electric Technologies,3.8,(156),601,11,3,7,--
J&F,3.6,(157),508,30,1,65,13
ESSPL,3.7,(157),867,5,--,16,--
LUCKY MINERALS,3.6,(157),495,9,--,12,--
Zimetrics Technologies,3.4,(157),1.1k,8,1,103,1
Shri Mahant Indiresh Hospital,3.3,(156),358,6,18,13,1
Xtelify,3.3,(159),1.3k,14,--,8,--
Maiva Pharma,3.7,(159),828,10,--,5,--
CapGrid Solutions,3.8,(156),319,22,--,1,4
Synamedia,3.3,(155),1.2k,17,1,9,10
CARS24 Financial Services,3.3,(155),560,8,--,6,2
Costa Coffee,3.7,(155),359,17,--,14,3
Hegde & Hegde Pharmaceutica,4.1,(155),477,8,--,19,--
TechBlocks,3.1,(155),686,25,60,7,--
Stanvac Chemicals,2.7,(155),410,8,--,10,--
Sirca Paints India,4.1,(155),559,11,2,11,--
Mtg Learning Media,3.8,(155),552,12,--,7,--
Nelco,3.8,(155),603,9,1,15,8
Spc Life Sciences,3.3,(155),689,9,--,10,1
BIZONGO,3.2,(155),965,19,--,6,15
Unschool Learning,3.3,(155),207,36,--,10,--
Bill Forge,4.3,(155),467,6,--,11,1
J&F,3.6,(157),508,30,1,65,13
ESSPL,3.7,(157),867,5,--,16,--
Vedic International School,4.3,(155),285,9,--,6,2
Indian Institute of Technology Madras,4.2,(160),1.2k,4,1,7,--
Indian Institute of Management,3.8,(159),1.1k,4,--,5,--
Springworks,4.3,(156),343,33,4,43,9
Assurance Intl Limited,3.7,(155),317,30,29,27,11
Maiva Pharma,3.7,(159),828,10,--,5,--
CapGrid Solutions,3.8,(156),319,22,--,1,4
Million Minds Management Services,3.5,(155),523,6,--,9,--
Synamedia,3.3,(155),1.2k,17,1,9,10
Costa Coffee,3.7,(155),359,17,--,14,3
FinAdvantage,4.0,(155),397,23,23,8,20
Mtg Learning Media,3.8,(155),552,12,--,7,--
Spc Life Sciences,3.3,(155),689,9,--,10,1
TechBlocks,3.1,(155),686,25,60,7,--
Nelco,3.8,(155),603,9,1,15,8
Suntara Cosmetics,3.6,(155),707,14,9,24,--
Raj Industries,3.6,(155),704,11,2,6,--
Safeducate,4.2,(155),383,8,--,13,4
Klassic Wheels,2.7,(155),760,6,8,9,--
OakNorth,3.0,(155),1.3k,9,--,9,3
BEO Software,4.1,(157),446,5,19,86,--
Schbang,2.8,(155),1.2k,28,2,6,6
NPCC Engineering,3.8,(155),671,18,--,15,--
Stanvac Chemicals,2.7,(155),410,8,--,10,--
Accentuate Technology,4.2,(155),994,92,--,27,--
SDP & Associates (Office),3.6,(155),316,35,1,18,--
Annapurna Group,3.9,(154),519,7,--,10,--
UNI Klinger,3.8,(154),655,15,12,20,--
POLARISGRIDS PRIVATE LIMITED,3.4,(153),520,22,4,13,9
Frost & Sullivan,2.9,(154),1k,12,17,12,3
Element14,3.9,(154),968,18,--,8,--
ETV Bharat,3.9,(154),431,7,--,16,--
Dream Plast India,3.4,(154),771,12,--,18,--
Partha Dental,3.6,(154),348,10,4,20,--
IMMCO,3.3,(154),954,14,--,10,--
Aczet,2.8,(154),583,9,--,46,--
Rivulis Irrigation,4.3,(154),545,17,1,12,--
Fourth Partner Energy,4.3,(154),700,10,1,12,--
MRL Tyres,3.5,(154),720,7,--,8,--
Jash Engineering,4.0,(154),743,13,6,10,--
All Out,3.7,(154),332,12,3,1,--
BCITS,3.7,(154),718,14,--,7,--
Tata Ficosa Automotive Systems,,,--,--,--,--,--
Casepoint,3.1,(156),859,13,--,12,--
Gsp Power Projects,3.8,(155),511,7,--,6,--
Accentuate Technology,4.2,(155),994,92,--,27,--
SDP & Associates (Office),3.6,(155),316,35,1,18,--
Rotork Controls,3.5,(154),740,15,5,12,--
Western Coalfields,4.2,(157),351,12,--,14,--
POLARISGRIDS PRIVATE LIMITED,3.4,(153),520,22,4,13,9
Heranba Industries,3.6,(156),744,8,1,9,--
Vandhana International,3.7,(157),571,26,1,15,--
UNI Klinger,3.8,(154),655,15,12,20,--
NIS Management Private,3.8,(154),459,4,--,11,--
Dream Plast India,3.4,(154),771,12,--,18,--
Curia,3.7,(155),737,11,4,11,5
ETV Bharat,3.9,(154),431,7,--,16,--
Infrabeat Technologies,4.2,(154),934,14,15,19,--
Pearson,3.8,(154),1k,9,--,11,9
Partha Dental,3.6,(154),348,10,4,20,--
Lumax Mannoh Allied Technologies,3.6,(154),691,7,--,11,--
JQR SPORTS,3.8,(154),281,37,1,1,--
Euronet Global Development Center,3.8,(153),1.1k,16,1,14,1
Lokal App,3.1,(155),675,19,90,28,1
TerraPay,3.2,(154),894,11,3,4,--
Quinte Financial Technologies,3.6,(154),738,24,--,11,8
Systech Solutions,3.6,(154),1.4k,15,1,18,--
Nium,3.1,(154),1.3k,10,19,14,6
4i apps solutions,3.5,(154),1.1k,18,7,13,8
Pixon Green Energy Pvt Ltd,3.7,(154),541,14,10,35,--
Takenaka,4.2,(154),567,13,--,27,--
Sage Metals,3.7,(154),732,10,2,17,--
JL Morison India,4.5,(154),367,8,3,7,--
ENTRI SOFTWARE,3.9,(154),711,12,2,3,--
Being human,4.2,(154),503,11,--,7,--
Log 9 Materials Scientific,3.3,(153),693,12,19,9,4
Mindcrest,2.8,(154),549,5,--,25,--
Altruistic Technology Labs,3.3,(156),750,9,--,2,--
IFGL Refractories,3.5,(156),587,7,11,7,--
CloudThat Technologies Private Limited,3.9,(153),766,32,86,9,13
Dyuti Technologies,4.6,(154),266,24,6,20,--
Creative Garments,3.9,(153),596,9,2,12,--
Accel Limited,3.5,(153),833,11,1,10,7
Syniverse Technologies,3.7,(153),1.1k,8,4,16,--
UTI Technology Services,2.9,(152),584,3,--,7,--
Dr. Amin Controllers,3.9,(153),500,10,--,9,--
Nuvento Systems,3.2,(153),778,18,1,6,--
Paramount Limited,3.4,(153),843,8,--,5,--
Molbio Diagnostics,3.6,(153),795,14,8,8,--
Rapidtech IT Services,3.7,(153),456,6,--,5,--
Revature,3.1,(153),723,46,8,8,--
Future Consumer,4.4,(153),669,6,--,17,--
Classcanyon,4.5,(153),62,7,--,34,--
Concorde Motors,3.8,(153),356,1,25,18,--
IndiaLends,3.4,(156),843,15,--,11,--
IndiaLends,3.4,(156),843,15,--,11,--
Altruistic Technology Labs,3.3,(156),750,9,--,2,--
Techved Consulting,3.5,(155),452,35,--,20,--
MariApps Marine Solutions,3.2,(154),1.3k,13,--,5,--
Dyuti Technologies,4.6,(154),266,24,6,20,--
CloudThat Technologies Private Limited,3.9,(153),766,32,86,9,13
Vipul Motors,3.4,(153),584,--,1,8,--
Primus Super Speciality Hospital,3.7,(153),501,9,--,4,1
IFGL Refractories,3.5,(156),587,7,11,7,--
GKN Sinter Metals,4.1,(153),596,10,14,17,--
Eldeco Infrastructure & Properties,4.2,(131),601,3,2,7,--
Dr. Amin Controllers,3.9,(153),500,10,--,9,--
Aarthi Scans and Labs,3.6,(153),662,18,4,6,--
Brickwork India,3.2,(153),879,9,12,13,--
Gujarat State Petronet,3.8,(153),657,7,6,11,--
Birla Precision Technologies,3.4,(153),718,5,27,15,--
Rapidtech IT Services,3.7,(153),456,6,--,5,--
Molbio Diagnostics,3.6,(153),795,14,8,8,--
Paramount Limited,3.4,(153),843,8,--,5,--
Revature,3.1,(153),723,46,8,8,--
Axis Asset Management Company,3.7,(153),612,4,152,5,--
Verka milk dairy,4.1,(153),387,4,--,2,--
Akshara Enterprises,3.0,(153),705,9,4,5,--
Ravindra Bharathi Schools,3.4,(152),388,4,--,8,--
Best Koki Automotive,3.5,(152),678,13,1,13,14
KLT Automotive & Tubular Products,3.5,(152),486,--,--,14,--
Sterling Auxiliaries,3.1,(157),852,11,1,12,--
Spocto X,3.4,(156),713,8,1,5,--
Techouts,3.9,(152),821,38,2,18,9
Wellknown Polyesters,3.7,(152),722,10,16,3,--
Bausch & Lomb,3.9,(152),606,3,--,14,--
Disposafe Health And Life Care,3.3,(152),697,11,30,6,--
Portescap,3.7,(152),824,15,--,19,--
Alliance University,3.7,(152),527,12,3,20,5
Metal Power Analytical,3.4,(152),647,20,2,19,1
P.N. International,4.0,(152),700,10,--,14,--
Pragati Infra Solutions,4.1,(152),461,18,26,15,9
Rakshit Drugs,3.8,(152),629,8,6,18,--
PGIMER,4.2,(152),515,3,--,6,--
OptiSol Business Solutions,3.4,(152),1k,19,6,20,33
Web Synergies,3.0,(152),787,6,3,7,--
Ideas 4 Transformation,3.0,(152),520,5,4,2,--
Mahindra Aerospace,3.9,(152),699,7,--,8,--
Royal HaskoningDHV,4.4,(152),457,4,8,15,--
eBIZ.com,2.6,(152),155,2,--,29,--
More Mega Store,4.2,(152),516,8,--,21,--
SKS Business Services,3.0,(152),632,20,--,9,--
HomeShop18,4.2,(152),464,3,1,20,1
SequelOne,3.3,(153),732,14,6,9,--
Ravi Infrabuild Projects,3.7,(152),576,10,5,4,--
Geo Designs And Research,3.7,(155),670,3,37,6,2
Enrich Energy,4.0,(156),663,8,--,11,3
Edac Engineering,4.2,(152),547,10,--,27,--
Reliance Foundation India,3.8,(152),681,10,--,12,--
Premsons Motor Udyog,3.5,(152),548,9,21,10,--
Mehta Cad Cam Systems,3.6,(153),645,12,13,11,--
Alcatel-Lucent,4.3,(152),503,7,--,22,--
Faber Sindoori Management Services,3.5,(152),492,5,--,19,--
Magma Housing Finance,4.5,(152),371,5,--,12,--
Chiripal Industries,3.8,(153),792,6,5,20,--
PubMatic,3.5,(152),1.4k,34,18,26,10
Karnataka Power Transmission Corporation,4.3,(152),476,8,--,5,--
Dangote Cement,4.2,(152),196,7,--,15,--
Reserve Bank of India,4.7,(152),1.1k,18,--,13,--
Qualtech Consultants,3.4,(152),596,16,11,8,--
Milacron,3.8,(152),972,6,2,3,--
Kalpataru International,4.1,(152),370,11,12,4,9
LAKME ACADEMY,3.5,(152),658,19,21,3,2
Smart Call Center Solutions,3.1,(152),351,23,27,13,--
Progility Technologies,3.5,(152),542,9,1,9,--
Worldpay,3.9,(152),1.3k,11,15,12,--
NewAge Software & Solutions,3.8,(152),1.2k,4,5,13,--
Kitex Garments,3.4,(152),737,4,--,18,--
Elancer It Solutions,3.0,(153),739,10,3,3,--
SAI Consulting Engineers,4.3,(152),497,10,--,17,1
Akshayakalpa,3.8,(152),459,16,2,6,--
Altigreen Propulsion Labs,3.5,(151),772,12,--,2,7
Unify Facility Management,4.3,(151),434,12,--,7,1
Mapro Foods,3.4,(152),406,6,1,11,--
Sitec Labs,3.9,(153),692,10,7,15,--
Interactive Brokers,3.3,(151),1.1k,23,3,4,--
PolicyX.com,2.9,(151),627,16,1,15,--
CommVault,3.8,(151),1.4k,30,18,12,10
Archidply Industries,3.7,(152),439,5,4,11,--
ATS ELGI,4.2,(151),514,6,--,20,--
John Energy,4.0,(151),572,8,--,16,1
Alpha Corp Development Limited,4.4,(151),587,23,--,16,--
India Pistons,2.6,(151),736,9,1,20,--
Cognus Technology,2.2,(151),495,9,4,6,--
Ashida Electronics,3.8,(151),601,7,2,11,--
Aditya Birla Management Corporation,4.0,(151),446,7,--,8,--
Smiths Detection,3.3,(151),831,14,--,5,--
S S Enterprises,3.9,(150),968,4,7,11,--
Toshiba Johnson Elevators,4.1,(151),523,8,--,7,--
Yamaha Motors Solutions,3.0,(151),824,20,36,21,8
Shiksha Financial Services India,4.4,(151),527,13,3,15,1
CignaTTk Health Insurance,4.0,(151),445,4,--,17,--
Altigreen Propulsion Labs,3.5,(151),772,12,--,2,7
Pace Power Systems,3.5,(151),421,11,--,11,--
Global Trade Plaza,4.8,(151),60,93,4,5,--
CommVault,3.8,(151),1.4k,30,18,12,10
Bharuch Enviro Infrastructure,4.1,(153),694,7,--,1,--
Privat Hospital,4.1,(151),1.8k,8,--,13,--
PolicyX.com,2.9,(151),627,16,1,15,--
India Pistons,2.6,(151),736,9,1,20,--
Alpha Corp Development Limited,4.4,(151),587,23,--,16,--
FICCI,3.4,(151),633,15,1,12,--
Toshiba Johnson Elevators,4.1,(151),523,8,--,7,--
Lokmanya Multipurpose Co-op Society,3.1,(151),623,8,43,6,--
HealthAsyst,3.5,(152),860,21,10,25,--
S S Enterprises,3.9,(150),968,4,7,11,--
Eris Therapeutics,3.8,(151),432,12,--,7,1
Shiksha Financial Services India,4.4,(151),527,13,3,15,1
Yamaha Motors Solutions,3.0,(151),824,20,36,21,8
Jio Payments Bank,3.4,(151),779,16,--,14,1
MSG Global Solutions,4.3,(151),880,31,3,49,2
Tcil,3.7,(151),513,19,--,5,1
Nikhil Adhesives,4.0,(151),471,9,1,7,--
Codilar Technologies,3.9,(151),660,30,35,4,52
Pennant Technologies,3.8,(151),867,24,4,12,--
Surya Hospital,3.6,(151),640,9,39,8,1
Seashell Logistics,3.8,(151),563,9,--,10,4
Fasal,3.2,(151),428,14,--,34,--
Crescendo Global,4.3,(150),173,16,9,54,81
Jsw Infrastructure,4.1,(152),624,9,--,20,--
Voylla,3.0,(150),437,6,9,12,--
Jaypee Infratech,4.1,(154),612,13,--,11,--
GIC Housing Finance,3.6,(153),714,14,6,9,1
e-Centric Solutions,3.6,(150),563,3,--,14,--
Bombay Hospital,3.6,(150),454,9,1,10,1
Actis Technologies,4.2,(150),572,8,9,14,--
Freight Tiger,3.2,(151),565,14,15,13,1
EMPClaims,4.1,(150),196,42,--,44,--
Genus Innovation,3.5,(151),644,6,8,5,--
Zigly Pet Care,4.3,(150),100,24,--,36,30
Tarasafe International Private Limited,4.5,(150),221,10,--,3,--
Dream11,4.2,(150),1.5k,41,--,4,12
SAVE Solutions,4.0,(150),612,7,--,8,--
GoBoult,3.4,(150),487,24,12,5,--
EGDK India Pvt Ltd,3.8,(150),358,23,--,8,22
Ambience Group,3.6,(150),551,20,8,5,--
Hanu Software Solutions,3.5,(150),920,17,--,28,--
Trident Automobiles,4.6,(151),565,2,--,17,--
UAE Exchange,4.4,(150),440,5,2,16,--
SAP-Concur,4.1,(150),795,3,--,21,--
Nippon Toyota,3.7,(152),530,3,--,25,--
First Step Babywear,4.1,(152),713,6,3,12,2
Sandvik Coromant,4.2,(155),710,9,20,13,5
Magna Steyr,4.0,(151),951,5,--,14,--
SkillCircle,3.9,(150),249,35,1,3,2
Raheja Universal,3.8,(153),675,14,33,12,--
Chemveda Life Sciences,3.7,(152),563,16,5,2,--
STJ Electronics,3.4,(151),729,14,4,8,--
Sun Pharma Advanced Research Company,3.6,(150),747,8,3,10,--
Avon Cycles,3.7,(150),524,19,7,10,--
Etihad Airways,4.1,(150),440,12,--,23,--
DOGUS SOMA JV,4.2,(150),519,9,--,12,3
Detox Group,3.8,(151),602,12,4,9,--
Marquistech,3.4,(150),827,10,--,10,--
Ocean Life Spaces,3.5,(150),704,8,7,7,12
LRQA,3.4,(150),609,8,9,11,--
Choice Equity Broking,3.3,(150),619,9,69,6,--
Global Connect Business Solutions,4.3,(150),126,47,6,42,10
IDA Automation,3.7,(150),601,10,--,5,--
Serentica Renewables,4.4,(150),560,10,--,6,2
Teletext Holidays,3.4,(150),861,8,6,23,--
iSource,2.9,(150),609,13,2,7,--
Christ University,3.0,(150),649,15,--,12,4
ESRI India Technologies,3.7,(150),744,10,3,9,7
STPL,3.7,(150),629,5,--,6,--
Institutional Shareholder Services,3.5,(150),1.3k,23,5,10,8
Newtronic Lifecare Equipment,4.0,(150),555,9,13,13,--
Fedora Solutions,3.0,(150),646,14,--,10,--
Komatsu,3.6,(150),758,9,11,17,--
Digital Aptech,4.4,(150),399,6,27,7,5
Chalo,3.6,(150),602,20,8,6,--
WAISL,3.8,(150),1k,11,23,6,--
Eskag Pharma,3.0,(149),483,8,--,9,--
Agastya International Foundation,3.4,(152),318,2,15,30,1
Enfusion,3.2,(151),1k,19,--,8,--
Luxor International,3.4,(149),700,8,--,12,1
Frugal Testing,4.6,(149),167,24,--,5,44
ApplyBoard,2.5,(149),607,10,37,6,3
Difacto Robotics and Automation,3.8,(149),763,12,2,10,--
SKS Ispat & Power,3.3,(150),552,3,--,8,2
Malpani Group,4.1,(149),600,8,7,3,--
Karam Industries,3.9,(149),603,8,--,24,--
Prestige Estates Projects,4.5,(149),648,9,3,15,--
Thar Worx,3.9,(149),1.1k,8,--,11,--
Peerless Biotech,4.3,(149),161,4,--,2,--
Spinks Softech,4.0,(150),662,5,5,9,--
Daicel Chiral Technologies,4.1,(150),670,2,1,12,--
Apollo Medskills,3.8,(149),415,7,--,20,2
BNB SARL,3.5,(149),270,14,--,9,21
Zenith Leisure Holidays,3.2,(151),562,8,1,15,--
Arch Pharmalabs,3.8,(149),666,5,--,14,--
ERA's Lucknow Medical College & Hospital,3.5,(150),528,13,5,9,--
Delta Technology,3.4,(149),1.2k,7,--,11,--
Ansys Software Private Limited,4.1,(149),1.2k,32,2,10,9
Shankar Electricals,3.7,(149),514,5,--,14,--
Velammal Educational Trust,3.6,(149),672,13,15,8,2
Megha Fruit Processing,3.7,(149),413,10,4,4,--
SEDER GROUP,4.1,(149),351,8,--,17,--
Azuga Telematics,3.6,(149),929,15,1,16,--
Mahesh Edible Oil Industries,3.6,(149),549,15,9,2,1
Shipping Corporation of India,4.5,(149),619,5,--,15,--
Zaggle Prepaid Ocean Services,3.0,(149),978,19,4,5,--
POSCO,4.0,(149),687,4,--,24,--
Cogneesol,3.1,(149),802,21,22,14,--
Repos Energy,3.8,(149),611,16,7,6,--
One Trust,3.0,(149),1k,19,13,10,8
Puropale Creations & IT Solutions,4.7,(149),15,2,--,--,--
Sakal Media Group,3.5,(149),719,5,3,15,--
Wittur Elevator Components,3.6,(149),779,3,2,15,--
3 Gen Consulting,2.9,(149),503,8,15,20,--
Accumax,3.8,(149),924,6,9,6,--
Deduce Technologies,3.4,(149),1.1k,11,--,12,--
Progcap,4.0,(149),808,11,2,7,--
Solitaire World,4.2,(148),305,11,--,84,9
Major Brands,4.1,(148),419,3,--,17,--
W3Softech India,4.1,(148),811,4,6,9,3
Nifco India,3.7,(148),501,9,--,15,--
Grew Energy,4.2,(154),504,9,3,3,1
Symbiosis International University,3.7,(148),728,22,--,4,--
MediaTek India Technology,3.6,(148),1.3k,32,10,9,--
ECE Industries,3.7,(148),586,4,7,12,--
Signity Software Solutions,4.5,(148),340,9,7,22,14
MicroGenesis Techsoft,3.3,(148),1k,13,1,8,--
Onicra Credit Rating Agency,3.2,(148),311,3,--,15,--
Smile Foundation,4.0,(148),532,12,17,12,--
Doctors for you,3.7,(148),466,9,35,11,--
Sungwoo Hitech,3.8,(148),703,1,--,16,--
Tanla Platforms,3.1,(148),1.3k,13,31,8,--
Shreeji Infrastructure,3.6,(149),426,10,4,6,--
HM Constructions,4.6,(148),205,28,22,17,--
Yasho Industries Limited,3.7,(148),635,15,3,3,--
Srei Sahaj e-Village,4.5,(148),266,3,2,25,--
Aero Club-Woodland Store,3.4,(148),385,4,--,2,--
Kantar Operations,4.0,(148),801,11,--,15,--
Ameyo,3.5,(148),954,18,--,20,--
rProcess Outsourcing Services,3.3,(151),509,12,1,10,3
Zeco Aircon,4.1,(148),720,6,3,11,--
Ewac Alloys,4.1,(150),616,17,3,22,--
CBNITS,3.7,(148),581,13,19,51,--
Blue Jet Healthcare,3.8,(150),1k,10,3,3,1
Nutraj,3.7,(151),273,9,9,5,--
Deoleo India Pvt Ltd,4.0,(149),508,8,--,35,4
Dr L H Hiranandani Hospital,3.6,(148),534,5,5,16,--
Cogencis Information Services,3.2,(148),509,6,2,16,4
Bdh Industries,4.6,(148),333,3,13,11,--
Akash Blowers,4.4,(148),153,77,--,9,--
Mankind Specialities,3.7,(150),496,12,--,4,--
Printo Document Services,3.6,(150),661,12,5,7,--
Greytrix India Pvt Ltd,3.4,(148),557,14,10,42,15
Dealmoney Securities,2.9,(148),596,6,--,9,--
WebFurther,3.2,(148),899,18,--,5,--
Ojas Innovative Technologies,3.6,(148),1.3k,10,--,12,26
IRIS RegTech Solutions Limited,3.2,(148),1.3k,16,--,14,--
NCDEX,3.5,(148),907,7,24,17,--
Factspan,3.3,(148),780,23,17,3,19
Jai Raj Ispat,3.6,(148),522,16,4,4,--
mPHATEK Systems,3.3,(148),1.1k,16,--,3,--
CL Educate,3.8,(148),677,3,10,20,--
Trangile Services,4.5,(148),624,10,5,3,57
Hyundai Steel,3.9,(148),780,12,2,18,--
Wings Pharmaceuticals Pvt Ltd.,3.1,(149),514,16,5,8,--
Synthimed Labs,3.7,(148),573,13,14,7,--
Esyasoft,4.1,(148),379,43,--,3,6
GTN Engineering,4.2,(147),671,6,12,11,--
Vibatel Solutions,3.6,(148),425,11,--,11,1
Government of Delhi,4.4,(148),709,8,--,1,--
GKB RX Lens,4.0,(147),446,4,3,17,--
Rare Rabbit,3.6,(152),515,7,--,7,--
Bijak,3.5,(149),661,14,--,2,--
Omninos Solutions,4.2,(147),291,13,--,65,--
Servify,3.4,(149),1k,11,--,8,--
Madras Medical Mission,4.2,(147),482,6,--,12,--
Wishup,3.7,(149),540,38,15,5,--
IDrive,3.7,(147),909,44,10,10,2
FundsIndia,3.0,(147),955,15,16,8,--
Maneesh Pharmaceuticals,3.9,(147),551,8,2,12,1
ZoomRx,2.6,(148),899,41,45,6,6
Brady Corporation,4.2,(147),633,4,3,19,--
Trn Energy,3.4,(147),446,7,--,13,--
HL Klemove,3.2,(147),851,11,8,8,--
Autobahn Trucking Corporation,4.0,(147),598,14,51,2,--
MTX Group,3.2,(146),1.2k,28,6,12,2
Radixweb,3.3,(147),921,17,2,10,47
GTN Engineering,4.2,(147),671,6,12,11,--
Vibatel Solutions,3.6,(148),425,11,--,11,1
Jamia Hamdard University,3.8,(147),429,4,--,16,--
AI Engineering Services,3.5,(149),532,6,--,1,--
Government of Delhi,4.4,(148),709,8,--,1,--
Rare Rabbit,3.6,(152),515,7,--,7,--
DigitalTrack Solutions,3.8,(152),937,16,--,8,--
Digi Clarity Global Solutions,4.0,(149),364,8,8,5,4
Cummins Sales and Service,3.9,(147),233,5,--,1,--
IDrive,3.7,(147),909,44,10,10,2
Wishup,3.7,(149),540,38,15,5,--
Bijak,3.5,(149),661,14,--,2,--
AI Engineering Services,3.5,(149),532,6,--,1,--
Digi Clarity Global Solutions,4.0,(149),364,8,8,5,4
DigitalTrack Solutions,3.8,(152),937,16,--,8,--
Cummins Sales and Service,3.9,(147),233,5,--,1,--
Gits Food Products,4.0,(150),542,12,2,11,--
Mantle Solutions,3.1,(147),886,9,10,5,1
Luna Technologies Private Liimited,2.9,(147),787,8,10,5,34
Q Connect Corp,3.5,(148),297,13,--,1,--
Nova IVF Fertility,3.7,(147),540,9,--,9,--
Demech Chemical Products,4.2,(147),360,50,3,10,1
LimeRoad,2.5,(147),932,10,--,4,1
DNV,4.0,(147),741,11,1,9,13
Inadev,2.9,(147),608,11,2,29,9
Autobahn Trucking Corporation,4.0,(147),598,14,51,2,--
Flynaut SaaS,3.0,(147),398,21,--,2,--
MTX Group,3.2,(146),1.2k,28,6,12,2
Radixweb,3.3,(147),921,17,2,10,47
Dinesh Engineers,3.9,(147),508,12,9,9,--
Facilities And Building Solutions,3.6,(147),570,11,4,10,--
EIH,3.7,(147),655,4,249,16,1
vConstruct,3.6,(147),991,13,92,23,31
Aster Medcity,4.6,(147),556,8,--,17,--
Lalbaba Engineering Limited,3.3,(147),441,17,14,17,15
Xtranet Technologies,3.3,(147),857,16,30,9,2
Duroply Industries,3.9,(147),601,15,14,9,--
L&T Power Transmission & Distribution,4.2,(147),144,4,--,89,--
THDC,4.0,(147),377,8,--,9,5
B.L Agro Oils,4.1,(146),429,14,--,28,1
Ford Motor Credit Company,4.0,(146),736,9,--,26,--
Jodo,3.7,(147),544,26,6,2,1
Skillinabox,4.1,(146),61,41,--,1,--
TalentOla,3.1,(146),257,42,--,1,--
Byju's Future School,3.3,(146),315,28,--,21,--
Planet PCI Infotech,3.7,(146),639,9,4,13,1
V-Soft Consulting,3.0,(147),654,33,--,12,7
Crif High Mark Credit Information Services,2.8,(148),1.2k,15,2,10,--
YFC PROJECTS,3.5,(146),565,8,--,8,--
Hubert Enviro Care Systems,2.9,(146),761,10,16,5,--
Modern Insulators,4.0,(146),599,6,6,15,--
Kamlesh Kumar Singh Engineers,4.5,(146),458,5,--,10,--
B. E. Billimoria,3.8,(146),317,6,--,10,--
Dana TM4,4.0,(147),602,7,--,1,1
Adani Road Transport,4.3,(148),404,4,--,2,1
Lycatel BPO,2.4,(146),652,2,--,21,--
Axles India,3.5,(146),699,7,4,25,2
Octillion Power Systems,4.1,(146),631,16,10,3,1
Shalimar Group,4.1,(146),705,4,6,6,--
ISKCON,3.3,(146),587,3,24,12,--
Ascend Telecom Infrastructure,4.2,(146),424,4,--,13,--
Shree Maruti Integrated Logistics,3.6,(146),377,7,1,4,--
Rus Education,4.3,(146),322,25,3,3,1
Dantal Hydraulics,4.1,(146),650,4,--,8,--
CallHippo,4.0,(146),173,27,12,12,--
Neo Metaliks,3.6,(146),548,7,3,7,--
Aksh Optifibre,3.8,(146),520,6,5,17,--
Propelld,3.6,(146),617,11,1,4,--
Adhunik Metaliks,3.2,(146),481,5,--,12,--
Bansal Hospital,3.9,(146),498,5,1,12,--
Capital Finserve,4.4,(146),59,7,16,56,2
Chai Break,4.6,(147),69,67,--,--,--
REC Power Development and Consultancy,4.1,(147),495,7,--,1,2
Madhavbaug,3.9,(146),396,3,--,6,--
Freudenberg Gala Household Product,4.0,(148),426,7,--,13,--
Panoli Intermediates India,4.1,(146),645,10,6,15,--
Vigour Mobile,3.7,(148),484,3,4,13,--
Gedu Services Private Limited,3.3,(155),673,35,20,2,6
International Crops Research Institute for the Semi-arid Tropics,3.7,(147),427,5,14,16,1
DRN Infrastructure,3.3,(149),532,6,3,15,--
yellow.ai,3.0,(146),1.4k,20,--,7,6
MassMutual,3.6,(147),1.2k,33,2,13,--
Bhadra International,3.7,(146),313,2,--,18,--
Tops Security,3.8,(146),355,3,5,18,--
Mangalam Information Technolgies,3.3,(148),517,10,7,7,--
Toyoda Gosei South India,3.8,(146),539,9,2,4,1
Tilaknagar Industries Ltd.,4.0,(146),448,11,--,21,--
V-ensure Pharma Technologies,3.3,(146),572,6,5,9,--
Continuum Managed Services,3.7,(146),628,2,16,34,--
ETV Network,4.1,(146),379,6,--,25,--
Oxalis Pharmaceuticals,3.8,(146),533,5,--,8,--
B New Mobiles,3.2,(146),584,9,7,13,--
Safran India - Digit,4.0,(146),273,19,--,31,--
Arbro Pharmaceuticals,3.9,(146),531,20,11,11,--
CEC International,3.9,(146),350,2,--,25,--
Monotype,3.3,(146),1.1k,28,3,13,--
Gujarat Energy Transmission Corporation,4.1,(146),344,--,--,9,--
Merlin Group,3.8,(146),621,8,17,7,--
Sofcon India Pvt Ltd,3.6,(146),534,14,16,13,2
Jupiter Money,2.3,(146),1.1k,36,11,6,3
WebMD,3.4,(146),1.5k,32,1,13,6
Outlier,3.9,(146),259,16,--,2,--
Kin Marché,4.1,(146),103,22,--,9,2
TD Power Systems,3.8,(146),757,10,5,10,--
K.R.Pulp & Papers,3.2,(146),466,11,2,7,--
Yeshshree Press Comps,3.7,(146),680,9,6,10,1
Applied Cloud Computing,2.4,(146),894,21,12,7,3
INDOASIAN,4.1,(146),450,12,6,19,--
Lloyds Engineering Works Limited,4.1,(147),580,11,20,8,--
Alter Domus,3.0,(146),1.1k,12,21,6,--
Paradigm Realty,4.0,(146),493,13,6,7,187
Sushima Pharmaceuticals,3.3,(146),207,13,1,53,--
FNZ,2.8,(147),1.3k,58,6,5,2
Electrostar Electronics,4.2,(148),1k,5,--,1,--
A. Menarini India,3.5,(145),340,3,--,18,--
Alpha Net Consulting,4.6,(145),253,13,--,4,2
Sangam Dairy,4.2,(148),475,11,2,6,--
StayVista,4.4,(146),477,23,67,10,5
Marwadi Shares & Finance,4.3,(146),690,7,9,6,--
The Oriental Insurance Co.,4.4,(145),369,3,--,17,--
TML Business Services,3.9,(145),477,11,--,13,--
IFortis Worldwide,3.8,(145),99,29,--,13,11
Flemingo Duty Free Shop,3.9,(145),519,2,2,12,--
A.P.Securitas,4.0,(145),435,7,1,7,2
Pramati Technologies,4.4,(145),1.1k,9,--,22,--
India Retails & Hospitality,4.4,(145),182,46,2,3,2
Mobineers Info Systems,4.2,(145),418,14,5,9,2
AlgoLeap Technologies,4.2,(145),499,40,66,9,2
GoApptiv,4.0,(146),360,6,--,5,--
Sunil Hitech Engineers,4.5,(145),381,3,--,21,--
Walko Qsr Company,3.9,(145),552,7,7,5,3
Korn Ferry,3.0,(145),990,18,1,5,1
Areteans,3.5,(147),1.5k,20,--,5,--
Core Diagnostics,3.8,(146),570,5,--,15,--
Perto,3.5,(147),658,16,3,11,--
Ampcus Tech,4.1,(147),398,20,--,7,--
Fulcrum Worldwide Software,4.3,(145),848,9,23,16,--
StayVista,4.4,(146),477,23,67,10,5
Electrostar Electronics,4.2,(148),1k,5,--,1,--
Sangam Dairy,4.2,(148),475,11,2,6,--
Alpha Net Consulting,4.6,(145),253,13,--,4,2
Amps Electrical Facility Services,3.1,(145),512,5,1,13,1
Marwadi Shares & Finance,4.3,(146),690,7,9,6,--
IVL Dhunseri Petrochem Industries,3.7,(145),511,5,1,8,--
Banaras Hindu University,4.7,(146),373,6,--,20,--
Emtec,4.4,(145),1.1k,15,--,21,1
TML Business Services,3.9,(145),477,11,--,13,--
A.P.Securitas,4.0,(145),435,7,1,7,2
Walko Qsr Company,3.9,(145),552,7,7,5,3
Perceptive,3.7,(145),884,13,6,13,20
Pramati Technologies,4.4,(145),1.1k,9,--,22,--
Mas Rural Housing Mortgage Finance,4.1,(145),353,6,20,5,--
IVL Dhunseri Petrochem Industries,3.7,(145),511,5,1,8,--
TTEC Digital,3.8,(145),708,22,28,3,--
Blackstone Center of Excellence,2.6,(145),1k,11,--,2,--
Banaras Hindu University,4.7,(146),373,6,--,20,--
Emtec,4.4,(145),1.1k,15,--,21,1
GlobeGround India,3.7,(145),409,9,--,11,--
Eduquity Career Technologies,3.4,(145),638,11,--,7,--
Perceptive,3.7,(145),884,13,6,13,20
Cachet Pharmaceuticals,3.8,(145),456,5,--,18,--
Reliance Group,4.1,(145),627,21,--,8,--
Mas Rural Housing Mortgage Finance,4.1,(145),353,6,20,5,--
Sakthi Finance,3.9,(145),551,6,--,12,--
Boyen Haddin,3.4,(145),310,25,--,5,--
Palo Alto Networks,3.7,(145),1.7k,25,--,5,--
42Gears Mobility Systems,3.7,(145),784,19,40,11,--
ClinicAnywhere,3.2,(145),611,23,--,4,--
SurePrep,3.8,(145),768,12,--,11,--
Fia Technology Services,3.4,(145),484,15,7,7,--
Turner International,4.2,(145),713,12,47,13,--
AL-SUWAIDI INDUSTRIAL SERVICES,3.7,(145),263,8,--,19,--
TYPSA,3.3,(145),597,12,--,9,--
Aditya Birla Renewables,3.9,(146),628,10,--,2,--
Livesalesman,4.7,(145),126,1,--,8,--
Centurion University of Technology and Management,3.4,(144),433,9,3,10,2
Real Ispat & Power,3.7,(145),646,11,23,6,1
CG Corp Global,3.1,(144),399,9,--,5,1
Krishna Penstone Automotive,4.0,(144),499,3,--,8,--
Medhavi Skills University,4.4,(145),210,27,90,1,--
Hailstone Innovations,4.1,(146),598,21,--,18,33
ITC Group,3.7,(144),710,2,--,15,--
Nesma Trading,4.2,(144),237,14,--,28,--
Chemie Tech,3.3,(144),535,5,--,20,--
Tag Worldwide,3.3,(145),977,6,3,3,--
Titan Biotech,3.5,(144),742,21,11,9,--
KLES Dr. Prabhakar Kore Hospital & M.R.C,3.6,(144),405,1,1,14,--
API Holdings,3.5,(144),540,7,--,3,3
WWICS Group,3.3,(144),414,12,--,3,--
SOGEFI,3.4,(144),689,13,--,7,--
IIDE - The Digital School,4.0,(144),288,30,26,3,5
Star Paper Mills,3.8,(144),488,15,1,8,1
Maple Digital Technology,3.3,(144),425,7,1,11,--
Abu Dhabi Commercial Bank,3.4,(144),653,6,--,9,--
Drake & Scull International PJSC,4.5,(144),231,2,--,24,--
Nayati Hospital,3.4,(144),536,--,--,21,--
Preet Group,3.7,(145),589,20,--,5,--
Chiripal Group,4.0,(145),575,2,--,6,--
Girl Power Talk,4.6,(144),47,4,5,3,4
Unique Measurement Service,4.3,(145),249,70,2,11,--
THERMAL SYSTEMS,3.6,(144),603,13,2,11,--
Rigved Technologies,3.7,(147),700,27,23,2,--
Omega Hospitals,4.0,(145),587,5,5,10,--
Valdel Engineers & Constructors,3.0,(144),645,9,--,6,--
94.3 MY FM,3.7,(144),383,3,--,6,--
NJ Group,3.4,(146),540,20,--,4,1
Sri Ramachandra University,4.4,(144),501,4,2,17,--
Future Market Insights,1.5,(146),539,12,--,12,--
SFS Group,3.7,(145),595,6,17,2,--
Adamas University,2.8,(144),489,16,--,8,1
Cococart Ventures,3.5,(144),342,9,--,3,2
Bijnis,3.7,(144),585,13,--,6,8
Prefr,3.8,(144),702,10,13,4,12
Oman Shapoorji Llc,3.6,(144),395,9,--,14,--
Weir Minerals,4.2,(145),720,15,23,19,--
Sarita Handa Exports,3.5,(144),677,9,--,9,--
Ntrust Infotech,3.5,(144),849,12,--,15,--
Mallcom,3.9,(144),434,7,40,12,--
Shiksha.com,3.2,(144),505,15,--,10,--
R.K. Group,3.2,(144),849,6,3,9,--
Technofab Engineering,4.3,(143),443,2,--,19,--
Aravind Eye Hospital,4.2,(143),429,4,--,4,1
Bhate & Raje Construction Co.,3.9,(144),441,5,6,13,--
New Swan Multitech,3.8,(145),511,12,1,9,--
EZ Works,3.9,(144),134,21,--,7,--
Deutsche Telekom,3.3,(144),1.4k,25,--,11,10
HMT Machine Tools,3.8,(143),601,4,32,27,--
ASA & Associates,3.4,(143),871,15,--,11,--
Winkies,4.0,(143),312,11,1,4,--
PlasmaGen Biosciences,3.5,(143),715,6,1,6,--
Maharashtra Rail Infrastructure Development Corporation,3.9,(143),625,17,--,12,--
Omega Elevators,3.7,(143),493,6,3,13,--
Napier Healthcare Solutions,2.6,(144),822,14,--,14,--
WsCube Tech,4.9,(143),112,4,--,3,--
Bhate & Raje Construction Co.,3.9,(144),441,5,6,13,--
New Swan Multitech,3.8,(145),511,12,1,9,--
EZ Works,3.9,(144),134,21,--,7,--
Pride Purple Group,3.9,(143),712,7,14,15,--
Drums Food International,4.6,(144),581,8,2,11,--
Forbes Facility Services,4.2,(145),515,8,3,10,--
Strata Geosystems,3.7,(144),634,7,--,16,--
Amalgamated Plantations,3.4,(143),427,11,--,19,--
Adma Solutions,4.3,(143),288,5,--,8,--
Deutsche Telekom,3.3,(144),1.4k,25,--,11,10
Spectra Technovision India,3.2,(143),749,11,4,6,--
Winkies,4.0,(143),312,11,1,4,--
Omega Elevators,3.7,(143),493,6,3,13,--
MotivityLabs,2.9,(143),1.1k,14,21,5,5
Besmak Components,3.8,(143),702,8,8,10,--
Nectar Infotel Solutions,3.0,(143),425,10,2,3,--
Prothious Engineering Services,3.3,(143),379,4,8,23,37
Lloyd Electric & Engineering,3.3,(143),475,1,--,12,--
Marquis Technologies,3.3,(143),673,14,8,21,--
Gemini Consulting & Services,3.4,(143),1.2k,7,28,15,8
HireRight,3.3,(143),777,4,1,3,--
Comnet Solutions,3.6,(143),787,8,--,2,--
Obeetee,4.0,(143),605,9,2,14,--
Testhouse,4.0,(143),822,15,4,8,26
Oriental Consultants India Pvt Ltd,3.9,(143),223,5,--,2,14
YCH Logistics,3.7,(143),522,13,--,9,--
Nesto Hypermarket,3.8,(143),414,14,--,10,1
Indian School Finance Company,4.6,(142),500,1,--,18,32
Housr,4.3,(142),368,11,1,8,--
Cooper-Standard Automotive,4.2,(142),707,1,--,13,--
Winman Software,4.1,(142),430,38,--,13,6
G7 CR Technologies,2.9,(142),627,17,--,10,--
DELTA,4.1,(144),1.4k,25,42,9,--
Just Dogs,3.6,(142),377,20,9,4,--
VaaaN Infra,3.2,(142),486,3,--,9,--
Moving Picture Company,3.7,(142),451,5,7,8,--
HPI Limited,3.7,(142),1.2k,12,--,9,--
Emonics,3.7,(142),666,17,--,4,--
Jayabheri Automotives,4.0,(142),388,4,12,7,--
Mizuho Bank,3.0,(142),891,15,--,8,--
Hicool Electronic Industries,3.8,(142),475,14,6,6,1
Antal International,3.8,(142),551,21,4,12,--
Saifee Hospital,3.3,(142),525,8,--,14,--
Academor,2.6,(142),167,48,--,2,4
Piramal Group,4.1,(142),1.5k,33,--,10,8
builder.ai,2.8,(142),974,13,--,2,--
Transformers & Rectifiers (India),4.2,(142),853,8,9,13,--
New India Co-Op Bank,3.1,(142),619,6,--,5,--
SDNA Global,4.0,(142),287,13,10,38,--
Cooper-Standard Automotive,4.2,(142),707,1,--,13,--
New Swan Enterprises,3.6,(142),467,13,--,9,--
Winman Software,4.1,(142),430,38,--,13,6
G7 CR Technologies,2.9,(142),627,17,--,10,--
Multi Mantech International,3.3,(143),371,7,23,14,--
Tcg Digital Solutions,3.3,(145),945,16,5,12,--
P2G Mobilty Tech,4.3,(143),31,23,--,1,--
DELTA,4.1,(144),1.4k,25,42,9,--
Bangalore Electricity Supply Company,3.7,(142),533,6,--,4,--
Idea Infinity IT Solutions,2.9,(142),739,12,2,3,61
West Bengal Power Development Corporation,3.7,(142),380,5,--,16,--
Moving Picture Company,3.7,(142),451,5,7,8,--
Vista Furnishing Limited,4.1,(142),400,16,1,1,13
Emonics,3.7,(142),666,17,--,4,--
HPI Limited,3.7,(142),1.2k,12,--,9,--
Altos Global Services,3.7,(142),353,10,1,25,13
Remsons Industries,3.8,(142),735,10,5,13,--
Rinac India Limited,4.0,(142),533,6,26,7,1
Central Academy School,3.5,(142),427,6,2,9,--
Vikram Tea,4.3,(142),418,15,2,7,2
The Hackett Group,3.2,(142),1k,13,31,11,10
Sterling Accuris Wellness,4.2,(142),529,6,13,4,--
MGM Healthcare,3.9,(142),790,13,--,3,--
Lakshmikumaran & Sridharan,3.4,(142),520,9,2,10,--
Ashok Iron Group,3.6,(142),721,9,--,4,--
Telegence Powercomm,3.4,(142),394,10,--,9,1
RELX Group,3.7,(142),691,11,--,8,--
Footprints Play School,3.4,(142),522,9,6,9,--
Astro Arun Pandit,3.4,(142),191,39,1,--,8
Chemco Plastic Industries Private Limited,4.6,(142),510,6,2,25,--
Csc Computer Education,4.5,(142),568,5,--,9,--
BeBran Digital,4.5,(142),21,42,--,3,--
ATPI,3.8,(142),942,8,6,13,--
Vertex Homes,3.2,(142),594,11,--,15,--
Linamar,3.6,(147),704,8,2,8,4
Medanta S.N. Superspecialty Hospital,4.0,(142),542,15,5,5,--
Andhra Pradesh Grama/Ward Sachivalayam,4.1,(141),311,5,--,4,--
Manav Rachna International School,3.7,(142),480,6,--,7,--
Star Estate,3.9,(143),376,32,2,8,3
Reynold India,4.6,(142),265,3,21,7,--
Total Shipping & Logistics,2.8,(142),522,12,15,14,3
Global FPO,3.4,(143),581,25,1,2,2
Decision Point,3.2,(141),767,16,--,9,2
Lahori Zeera,3.9,(141),287,7,--,3,--
Xihi Technology,3.4,(141),514,12,4,7,--
Eco Protection Engineers,4.2,(141),611,13,--,10,1
Tokai Rika Minda,3.7,(141),552,8,2,11,2
Kruger Ventilation Industries,3.5,(141),618,7,29,8,--
Century Real Estate,3.6,(141),669,6,1,12,--
Auriga Research,3.1,(141),640,14,60,12,3
J. M. Mhatre Infra,3.8,(141),507,1,--,16,--
Accurate Background,3.5,(141),822,12,--,1,5
Enkei Wheels India,3.6,(141),577,8,2,7,--
Gigmo Solutions,3.2,(141),267,10,2,5,--
The George Telegraph Training Institute,3.0,(141),398,9,4,8,--
Smile Electronics,3.6,(142),583,4,3,8,--
Ind Synergy,3.9,(141),533,6,2,8,--
iQGateway,4.4,(141),339,8,--,6,--
Robt Stone (ME) LLC,2.8,(142),347,17,--,6,--
Jolly Containers,3.5,(141),598,8,1,7,--
H-one India,4.0,(141),554,7,--,15,--
Njs Engineers India,4.0,(141),575,10,--,10,--
Indus Cosmeceuticals,4.2,(141),194,7,1,1,4
Vishakha Glass,3.9,(141),517,14,--,2,--
Rockwell Industries,3.5,(141),539,18,8,8,1
Indian Potash,3.5,(145),463,6,8,9,--
Times Network,3.2,(142),1k,4,--,8,--
cloudEQ,3.6,(142),450,24,4,8,--
Datwyler Group,4.0,(142),570,9,--,3,--
ParamInfo,3.2,(141),304,10,4,17,1
KION India,3.3,(141),935,13,--,7,--
Novopay Solutions,2.8,(141),750,16,2,16,24
Civet Projects,4.2,(141),427,8,1,7,--
ShipGlobal.in,4.0,(142),258,13,4,8,--
Express KCS,3.5,(141),530,12,--,17,--
Moolya Software Testing,3.3,(141),1k,27,14,20,--
Sanjay Ghodawat Group,3.6,(141),539,5,12,10,--
GadgEon,4.0,(141),1.4k,12,18,5,--
Airef Engineers,3.8,(141),492,8,1,6,1
APEEJAY EDUCATION SOCIETY,3.0,(141),555,16,37,8,5
Hitachi Solutions,3.7,(141),1.1k,5,4,14,--
Ramdev Food Products,4.5,(142),420,7,2,10,--
XSEED Education,2.6,(141),520,6,1,19,--
Idom,4.0,(141),574,14,11,8,--
Shipsy,4.0,(141),744,20,4,2,12
Sanathan Textiles,4.1,(141),696,7,1,8,--
HP ADHESIVES,3.9,(141),555,10,1,6,--
Internship Studio,3.9,(141),70,7,--,2,--
Global Consumer Products,4.3,(140),326,4,--,17,--
Affiliated Computer Services,4.1,(140),407,1,--,14,--
Herman Miller,4.3,(140),854,18,3,13,6
Zelis,3.7,(149),844,21,15,26,5
MK TRON Autoparts,3.5,(141),695,10,3,5,--
Protiviti Consulting,2.9,(141),1.4k,12,--,10,--
Fixderma,3.7,(142),485,11,1,7,--
Alliance Group,3.8,(141),916,15,5,6,--
Phoenix Marketcity,3.9,(140),658,5,--,9,1
John Distilleries,3.6,(140),693,6,--,11,--
Voltech Hr Services,3.4,(140),437,8,--,23,--
Svarn Infratel,3.4,(140),640,12,--,4,--
Continental Coffee,4.1,(140),488,5,--,6,--
DigiLantern,3.4,(140),295,8,12,2,3
Gapbridge Software Services,3.2,(140),436,4,--,31,--
Solulab inc,2.9,(140),295,10,--,25,--
Earlyjobs,4.7,(140),20,40,--,8,2
GEEBEE Education,3.4,(140),495,14,5,6,45
INDIAN DESIGNS,3.9,(142),527,5,8,9,--
Shree Malani Foams,3.9,(144),608,10,--,7,--
PressureJet Systems Pvt. Ltd.,3.9,(140),290,29,7,31,11
SAG Infotech,3.3,(140),443,12,5,8,--
Signals & Systems (India) Private Limited,3.7,(140),700,8,14,17,14
LIC Mutual Fund,3.6,(140),632,9,8,13,--
Fabtech Technologies International,3.7,(140),646,10,11,6,--
Scott Edil Pharmacia,3.5,(141),619,12,--,8,8
Nxtgen Datacenter Cloud Technologies,3.2,(140),758,11,--,8,--
CriticaLog India Private Limited,4.2,(140),571,7,2,8,28
Valtech India Systems,3.7,(140),1.2k,7,2,5,--
Digicommerce Solutions LLP,4.5,(140),197,8,6,4,7
Overnite Express,3.9,(140),363,--,--,8,--
Kpn Farm Fresh,3.6,(140),504,8,8,4,--
Planet EDU,3.2,(140),427,12,--,7,--
Pravin Electricals,4.0,(140),576,5,--,12,--
Narayana Superspeciality Hospital,4.0,(140),448,8,--,8,--
ChicMic,4.1,(140),294,13,--,19,--
Orion Security Solutions,2.8,(140),607,5,10,14,--
MOVIN,3.7,(139),575,15,9,4,2
Cherise India,3.8,(141),323,2,1,2,--
Keya Foods International Private Limited,4.1,(140),404,3,5,11,3
AGI Greenpac,3.9,(140),607,6,16,4,--
Shahnaz Husain Group Of Companies,3.1,(140),392,19,13,12,--
Continental Coffee,4.1,(140),488,5,--,6,--
Svarn Infratel,3.4,(140),640,12,--,4,--
DigiLantern,3.4,(140),295,8,12,2,3
ChicMic,4.1,(140),294,13,--,19,--
Foxlink India Electric,3.7,(140),609,14,--,8,--
Proziod Analytics,3.5,(140),349,5,--,23,13
AGI Greenpac,3.9,(140),607,6,16,4,--
Keya Foods International Private Limited,4.1,(140),404,3,5,11,3
Monotech Systems,3.5,(140),663,11,22,8,--
EasyRewardz Software Services,2.8,(140),937,10,15,4,12
Facile Services,2.8,(140),633,17,4,12,--
Consolidated Analytics,3.9,(140),575,21,14,3,13
Aqua Tech Systems,4.2,(140),726,8,14,6,--
Modern Foods,3.6,(139),578,7,--,11,--
Weavetex Overseas,3.8,(140),536,9,1,9,--
MAJID AL FUTTAIM RETAIL,3.1,(141),602,11,5,11,1
DMI DRAEXLMAIER MANUFACTURING,3.7,(139),486,9,7,8,--
Minimalist,3.6,(141),471,11,4,4,--
Food Service India,4.0,(142),783,5,1,9,--
Jss Pro Services,3.9,(139),638,14,--,10,--
Choice International,3.4,(141),1k,12,1,5,3
Allzone Management Solutions,3.9,(139),418,9,--,10,--
Dietech India,3.9,(139),754,5,--,10,--
IMS Learning Resources,3.8,(139),740,11,5,5,--
Tafe Access,3.8,(140),516,5,1,11,--
AIT Global,3.2,(139),852,13,18,8,--
Khandelwal Laboratories,4.2,(139),431,3,--,10,--
LNJ Bhilwara Group,3.5,(139),445,7,--,9,--
Calling 24o7 Bpo Services,3.9,(139),370,16,8,5,21
V.Ships,3.9,(139),479,11,4,6,1
Birla Century,4.1,(139),617,7,--,7,16
Prabha Industries,4.1,(139),645,10,--,9,--
Marino Food Products,4.0,(139),431,8,1,4,--
AstraGen,3.5,(139),372,18,--,10,--
Pune Institute of Business Management,2.8,(138),536,10,6,13,--
Amec Foster Wheeler,3.9,(139),324,7,--,24,--
Aditya Birla SunLife Asset Management Company,3.9,(139),615,16,--,16,--
Shilpa Steel and Power,3.3,(140),502,3,3,12,--
Eximietas Design,4.0,(140),355,53,12,6,8
Oman National Engineering & Investment Company,4.1,(140),415,6,--,20,--
Refex Industries,3.7,(139),487,17,44,5,--
Rollico,4.2,(138),232,17,9,8,--
Accordion (India),2.6,(140),896,19,26,6,29
BEKEM Infra Projects,3.9,(139),419,7,--,12,1
Mitarsh Energy,4.2,(139),303,15,14,10,3
Labvantage Solutions,3.7,(139),761,22,2,6,4
Urjanet Energy Solutions,3.9,(139),735,7,--,15,--
Aries Agro,4.1,(139),390,8,--,15,--
PCS-Global,3.8,(139),324,22,--,12,--
QUTONE CERAMIC,3.5,(139),396,14,--,11,--
Shyplite,3.8,(139),290,8,--,100,--
HealthSpring,2.8,(139),434,7,--,15,--
Orris Infrastructure,4.1,(139),355,11,2,5,--
DigiVersal Consultants,3.1,(139),366,10,26,26,3
DWD Pharmaceuticals,3.6,(146),487,8,1,7,1
GreenTree Immigration,4.6,(139),55,25,--,25,36
Mochiko Shoes,3.6,(141),456,3,5,4,--
M G Contractors,4.5,(141),437,5,--,14,--
Sureworks Infotech Pvt. Ltd.,4.2,(143),572,27,--,9,18
Serdia Pharmaceuticals,3.5,(139),378,6,--,18,--
NirogStreet,3.1,(139),451,18,--,4,--
Ethara AI,3.3,(169),119,18,--,5,--
Intact Green Services,3.4,(140),1k,19,4,10,--
Glocal Healthcare Systems,3.2,(141),410,5,--,15,--
Ata Freight Line,3.1,(140),432,23,3,9,--
Thinkapps Solutions,3.5,(140),671,11,--,2,--
COMSTAR AUTOMOTIVE TECHNOLOGIES,3.8,(139),769,9,--,28,--
AIDA Cruises,3.7,(139),215,7,--,14,--
Syncom Formulations India,3.1,(139),575,8,2,9,--
Ashland,4.1,(139),622,3,7,14,--
Brand Factory,4.7,(139),447,4,--,15,--
Crimsoune Club,3.8,(140),418,6,--,6,--
Lakshya Powertech Limited,4.0,(139),503,14,1,14,9
UTI Mutual Fund,3.8,(139),693,10,209,11,--
AXA,3.9,(139),878,20,--,10,--
Dr. D.Y.Patil Hospital & Research Centre,3.9,(139),565,7,--,7,--
Yulu Bikes,3.8,(139),801,16,1,7,3
SMC Finance (Moneywise Financial Services Pvt. Ltd.),2.9,(139),621,8,62,3,--
Speciality Restaurants,4.0,(139),496,9,11,21,1
Doosan Bobcat India,3.9,(139),859,9,5,8,--
Shri Ram Murti Smarak Institute of Medical Sciences,3.6,(139),364,9,--,10,--
CDYMAX,3.5,(139),671,9,8,5,--
Rashi Peripherals,3.7,(140),522,7,2,11,--
Supriya Lifescience,3.7,(139),702,10,16,4,--
Bansal Classes,3.3,(139),508,10,5,5,1
Saudi Oger,4.5,(139),149,5,--,31,--
FBSPL- Fusion Business Solution P Limited,3.5,(139),700,18,5,6,3
Supreme Petrochem,3.8,(139),745,6,2,14,--
Ascentrik Research Services,1.9,(139),539,23,19,3,--
SAGE Automation,4.1,(139),256,22,--,10,27
Apex Kidney Care,3.8,(139),429,9,4,6,--
eNTrust Software & Services,3.5,(139),1.3k,15,1,5,--
Aza Fashions,3.5,(140),725,25,--,3,3
Garrett - Advancing Motion,3.0,(139),886,14,27,9,4
Daimler,3.8,(140),935,24,--,12,5
Insurance Company,4.2,(139),1.8k,9,--,5,--
Securonix,2.8,(139),934,16,--,12,--
Dunkin' Donuts,3.8,(138),208,5,--,15,--
Ocube Services,2.9,(141),547,10,20,1,--
ClinChoice,3.8,(140),627,16,--,13,--
Dunkin' Donuts,3.8,(138),208,5,--,15,--
Norwegian Cruise Line,4.2,(138),186,8,--,15,--
HashCash Consultants,3.4,(138),219,12,8,22,--
Ptc Industries,3.7,(138),606,15,2,11,1
The West Coast Paper Mills,3.7,(138),588,5,5,10,--
Digital Nirvana Information Systems,3.5,(138),636,3,--,16,--
Yahoo,4.3,(138),831,33,--,12,1
Maharashtra Natural GAS,3.0,(138),822,7,--,18,--
MindSquare Technologies,4.3,(138),496,6,--,31,--
Multitex Filtration Engineers,3.7,(138),631,7,--,6,--
Lee & Nee Softwares Exports,3.8,(138),325,23,5,2,19
PhableCare,2.8,(138),826,9,--,4,--
Perennial Systems,4.1,(138),640,26,3,8,40
CASHe,3.2,(138),849,11,13,6,--
Trell,3.0,(138),851,14,--,15,6
Axis Clinicals,4.0,(138),620,7,1,9,--
Insurance Company,4.2,(139),1.8k,9,--,5,--
Sunshine Hospitals,4.2,(139),664,4,--,12,--
Sourcedesk,4.2,(138),197,10,11,16,--
Hemani Industries,3.7,(139),799,10,--,9,--
Sagacious IP,3.4,(139),594,25,--,11,--
Pan Seeds,3.8,(138),375,16,2,12,1
Homeocare International,3.5,(139),411,9,7,10,--
Small Industries Development Bank of India,3.8,(138),684,10,--,7,--
Delhi Public School Ghaziabad Society,3.1,(139),571,13,13,10,7
Robinhood Insurance Broker Limited,3.0,(138),547,5,12,18,--
KWALITY DAIRY (INDIA),3.8,(138),322,1,--,13,--
Bristol Healthcare Services,3.1,(138),434,37,2,18,--
Uttar Pradesh Jal Nigam,4.0,(138),324,2,--,8,--
ERGO Technology & Services,3.3,(138),1k,19,30,6,38
Intelegencia,3.2,(138),766,12,--,8,--
Cascade Revenue Management,3.2,(138),523,5,--,4,--
Maintec Technologies,3.7,(138),868,11,1,9,5
SBM Offshore,4.3,(138),760,17,44,11,--
Vensar Constructions,4.1,(138),500,9,6,3,--
FIL Industries,3.2,(138),607,7,4,12,--
Rural Electrification Corporation,3.7,(138),411,6,--,9,--
Kalyaniwalla & Mistry,3.4,(138),689,9,6,11,--
Vhb Medi Sciences,3.5,(138),582,10,1,7,--
CASHe,3.2,(138),849,11,13,6,--
Rural Electrification Corporation,3.7,(138),411,6,--,9,--
Full Creative,3.3,(138),1.1k,49,--,16,3
Equinix,3.2,(138),898,10,47,2,--
Noble Hospital,3.9,(138),602,5,1,8,--
Vhb Medi Sciences,3.5,(138),582,10,1,7,--
Aurore Life Sciences,3.1,(138),727,9,3,6,--
Futuresoft Solutions,3.1,(138),791,10,--,17,--
Anjan Drug,3.4,(138),679,16,1,9,--
SA Technologies,3.0,(138),1k,16,--,6,--
Amrita Vidyalayam,3.3,(138),378,8,71,11,--
Modelyze Labs,4.8,(140),40,66,6,48,--
FinAGG Technologies,3.4,(139),440,13,18,9,14
Mindrill Systems Solutions,3.5,(138),386,34,--,5,--
Benteler Automotive,4.2,(138),502,4,11,12,--
Mahathi Infra Services,3.8,(141),622,15,6,3,1
Unique Infra Engineering India Private Limited,2.9,(138),575,12,--,3,1
Argl,4.1,(139),483,8,6,7,--
IPAC,3.1,(137),921,13,--,14,3
Sigma,3.8,(137),688,13,--,12,--
Garuda Aerospace,3.3,(137),308,14,--,17,7
Zieta Technologies,3.2,(137),645,6,--,11,--
Nethues Technologies,3.3,(137),774,12,4,7,--
WonderBotz,3.8,(137),317,5,5,5,--
GlowTouch Technologies,3.0,(137),707,43,2,13,--
R-pac,3.2,(138),630,10,1,10,--
Bridgenext,3.4,(137),870,10,6,3,1
Naresh Kumar & Co.,4.3,(137),453,4,--,12,--
Eaton Industrial Systems,4.2,(137),456,5,--,19,--
Comau,3.5,(137),558,3,1,21,--
Statcon Electronic,4.4,(138),305,24,1,7,4
Qbss,3.9,(137),597,11,--,24,--
Kimia Biosciences Limited,3.5,(137),589,8,7,4,2
Koso India,4.1,(137),837,11,13,6,--
SHREE GANESH CORPORATION,4.1,(137),352,28,3,17,--
Vertoz,3.4,(137),537,21,35,14,13
Inspace Technologies,3.7,(137),720,6,2,7,--
Vi-son Industries,3.4,(137),527,5,10,4,--
DH Healthcare Software Services India Private Limited (Dedalus),3.5,(137),1.2k,14,--,4,24
HyTech Professionals,3.2,(137),710,8,9,16,--
AVON TUBETECH,3.5,(137),470,15,1,8,--
Presidium School,3.6,(137),536,3,--,13,--
Dangote Industries,4.2,(137),332,5,--,14,--
Tata Trusts,4.3,(138),723,10,--,12,--
Harley-Davidson,3.4,(137),487,6,--,24,--
Fortune Business Insights,3.6,(138),419,17,--,31,--
Quatrro Mortgage Solutions,3.0,(137),469,5,--,19,--
Forvis Mazars,3.2,(151),1k,8,4,6,--
Institute of Chemical Technology,4.2,(138),565,4,--,12,--
Infinity Fincorp Solutions,4.2,(139),381,4,--,2,1
Dr. Rela Institute & Medical Centre,4.3,(141),664,7,8,13,--
AHANA HOSPITALS & RESEARCH CENTRE,4.9,(137),74,5,6,6,8
Infotech,4.3,(137),1.1k,53,--,17,3
Pratiti Technologies,3.3,(138),691,35,3,6,63
Aryan International,3.1,(137),687,4,--,4,--
TechNova Imaging Systems,4.1,(138),764,12,1,18,--
SOLITAIRE GROUP,3.6,(137),671,5,--,4,--
Superon Schweisstechnik India,3.9,(137),466,4,2,7,--
INVESMATE,3.8,(137),154,13,--,2,48
Manpasand Beverages,4.0,(137),296,2,--,10,--
Doehler,3.5,(137),629,14,2,4,--
United Airlines,3.7,(137),1.8k,33,2,3,--
Growel Softech,3.4,(137),702,11,3,8,--
C2L BIZ,3.1,(137),744,14,6,14,--
Xerago,3.1,(137),847,13,1,3,15
AVON TUBETECH,3.5,(137),470,15,1,8,--
Inspace Technologies,3.7,(137),720,6,2,7,--
Vertoz,3.4,(137),537,21,35,14,13
SHREE GANESH CORPORATION,4.1,(137),352,28,3,17,--
Fragma Data Systems,3.9,(137),401,15,--,8,--
Beroe Inc,4.1,(137),695,15,4,15,--
Presidium School,3.6,(137),536,3,--,13,--
SVP Hospital,3.9,(137),456,8,--,8,--
Hitachi Automotive Systems,4.2,(136),692,4,--,19,--
Devgiri Forgings,3.5,(136),380,5,5,9,--
Pyro Group,3.5,(136),292,3,21,12,--
DAEWOO E&C,4.2,(136),164,6,--,16,--
ToXSL Technologies,3.7,(136),381,1,4,47,--
SmartConnect Technologies,2.2,(136),788,6,10,6,--
Electronics for Imaging,3.9,(136),1.2k,16,--,7,--
ToXSL Technologies,3.7,(136),381,1,4,47,--
SmartConnect Technologies,2.2,(136),788,6,10,6,--
JS Auto Cast Foundry,3.8,(137),724,8,1,9,--
Central ParK,4.2,(136),600,6,--,8,--
Dharmaj Crop Guard,3.9,(136),493,8,--,8,1
Advance Decorative Laminates Private Limited,4.0,(136),404,7,6,3,--
Kusalava International,3.8,(136),381,6,4,23,--
Dayanand Medical College & Hospital,3.5,(136),442,7,--,15,--
Bizmatics India,3.2,(136),719,11,3,9,--
Walkin Manpower Solution,4.4,(136),12,44,--,12,--
TableSpace Technologies,3.0,(136),647,24,6,5,12
Skilldzire Technologies,4.4,(137),82,13,--,3,--
Helm360,3.7,(136),580,19,--,6,--
Smart IMS,3.9,(136),830,29,32,6,--
D Light Energy,3.6,(136),444,3,--,13,--
Fipola Retail,3.7,(137),310,2,--,61,--
Annet Technologies,3.7,(136),650,8,--,14,--
Gillette,4.3,(137),248,4,3,21,--
Farida Group,3.8,(136),433,7,--,3,--
Chemspec Chemicals Pvt Ltd,3.7,(137),683,9,5,15,1
Nuvama Wealth Management,3.5,(137),576,12,--,1,--
Hawa Valves,3.2,(136),739,8,7,9,--
iB Arts,3.8,(136),177,24,1,25,--
IKF Home Finance,3.6,(137),234,1,--,1,--
Central ParK,4.2,(136),600,6,--,8,--
JS Auto Cast Foundry,3.8,(137),724,8,1,9,--
Dharmaj Crop Guard,3.9,(136),493,8,--,8,1
Advance Decorative Laminates Private Limited,4.0,(136),404,7,6,3,--
Nucsoft,2.8,(137),664,14,2,6,--
Helm360,3.7,(136),580,19,--,6,--
Smart IMS,3.9,(136),830,29,32,6,--
Bar Code India,3.6,(136),819,13,11,10,13
Paharpur 3P,4.3,(137),570,10,2,11,--
PhillipCapital,3.0,(136),821,9,20,6,--
Sanzyme,3.8,(136),515,10,--,12,--
Stemmons Business Services,4.2,(136),629,13,10,21,1
Anik Milk Products,3.5,(136),386,14,23,5,--
Gmr Aero Technic,4.4,(136),508,3,--,13,--
Rentokil Initial,3.4,(136),554,10,1,12,--
I.T. Solutions India Private Limited,3.5,(136),1.4k,12,1,12,2
I.T. Solutions India Private Limited,3.5,(136),1.4k,12,1,12,2
Paharpur 3P,4.3,(137),570,10,2,11,--
PhillipCapital,3.0,(136),821,9,20,6,--
Kiran Motors,3.5,(136),497,2,1,13,--
Krishna Enterprises,4.0,(136),908,8,--,8,--
Dhanlaxmi Bank,4.0,(136),516,2,--,5,--
Ebix Smartclass Educational Services,3.9,(136),529,9,--,14,--
MeritTrac,3.7,(135),538,1,--,15,--
FabAlley,3.9,(135),244,5,--,2,4
OVT India,3.5,(136),575,14,1,4,1
Grid Dynamics,3.1,(140),1.2k,33,176,9,1
Synergy Systems & Solutions,3.7,(139),718,15,1,8,2
31 Parallel,1.8,(135),294,7,6,2,--
Cello,3.7,(135),490,7,8,10,--
Appy Pie,3.6,(135),693,14,1,13,--
S K Samanta & Co,3.5,(135),465,9,--,16,--
Bansal Wire Industries,3.3,(135),586,8,--,5,2
PPS International,3.5,(135),796,13,--,6,2
CORNITOS,4.1,(135),445,14,4,7,--
Snowcem Paints,4.0,(135),205,7,1,6,--
PPS International,3.5,(135),796,13,--,6,2
T & T Infra,4.0,(135),452,7,--,7,--
Vkc Nuts,,,--,--,--,--,--
Unified Infotech,4.2,(135),486,27,6,8,--
FabAlley,3.9,(135),244,5,--,2,4
Srinivasa Farms,3.8,(138),558,9,9,16,--
PSG Hospitals,4.1,(137),480,7,12,10,--
FirstCall HR,4.4,(144),87,31,7,14,18
Medgulf Construction Company,3.3,(135),296,8,--,7,--
Synergy Systems & Solutions,3.7,(139),718,15,1,8,2
31 Parallel,1.8,(135),294,7,6,2,--
OVT India,3.5,(136),575,14,1,4,1
The Nuance Group AG,4.3,(135),939,4,--,7,--
Kintetsu World Express,4.1,(136),604,8,--,14,--
Bansal Wire Industries,3.3,(135),586,8,--,5,2
AutomationEdge,2.8,(135),1.1k,17,53,5,--
Riello Power India,3.9,(135),446,11,3,19,21
Merck Specialities,4.1,(135),529,7,--,7,--
PNG Jewellers,4.5,(148),441,14,15,6,--
Mytrah Energy,4.1,(135),474,1,--,18,--
Fertilisers and Chemicals Travancore,4.1,(135),464,3,--,5,--
Kintetsu World Express,4.1,(136),604,8,--,14,--
The Nuance Group AG,4.3,(135),939,4,--,7,--
AutomationEdge,2.8,(135),1.1k,17,53,5,--
T & T Infra,4.0,(135),452,7,--,7,--
PNG Jewellers,4.5,(148),441,14,15,6,--
Riello Power India,3.9,(135),446,11,3,19,21
Fairmont Hotels & Resorts,3.9,(135),361,10,--,14,--
Accentuate IT Solutions,3.9,(135),1.4k,33,--,1,--
Eastman Cast & Forge,3.1,(135),497,8,--,6,1
TSS Consultancy,3.2,(135),1.1k,34,3,6,--
91Squarefeet,3.3,(135),355,12,2,4,3
Accountant Anywhere Services,4.2,(135),976,13,--,18,--
Coupa Software Inc,3.3,(135),1.4k,37,12,8,15
Emrill Services LLC,4.2,(135),172,7,--,16,--
VRP Telematics,3.4,(135),391,12,6,10,2
FNF India,3.6,(135),698,24,--,18,--
Woodkraft (India) Private Limited,3.5,(135),506,6,4,24,--
Almonds Ai,4.3,(134),177,12,10,2,18
Mitel,3.8,(135),1.2k,18,--,19,--
Novigo Integrated Services,3.7,(136),576,7,20,8,4
Idfy,3.2,(138),974,17,14,4,11
Nestor Pharmaceuticals,2.7,(135),456,10,--,4,--
Tribeca Developers,4.5,(134),274,26,34,3,--
Vkl Seasoning,3.9,(134),686,3,--,15,--
Bansal Group,3.5,(134),791,11,6,6,--
Gracenote,3.3,(134),542,11,--,13,--
Juego Studios,4.1,(134),412,13,4,2,--
Tranistics Data Technologies,3.4,(134),565,6,--,10,--
Competent Automobiles,3.9,(134),505,2,--,6,--
Babaji Shivram Clearing & Carriers,3.1,(134),521,14,3,3,--
Nucot,4.4,(134),49,7,--,1,22
A.K.AUTOMATICS,3.8,(135),442,3,7,12,--
Insighte,3.9,(134),58,19,1,5,9
Hansa Research Group,3.8,(134),566,4,--,11,1
Spykar Lifestyles,4.1,(134),435,8,2,9,1
Paras Buildtech,3.6,(133),569,9,--,6,1
Tema India,4.1,(134),595,3,13,10,2
Almonds Ai,4.3,(134),177,12,10,2,18
Life Care Logistic,3.2,(135),548,9,3,6,--
Rahman Industries,3.8,(134),493,9,4,17,--
LenDenClub,4.0,(134),581,11,22,20,41
GALAXY OFFICE AUTOMATION,3.9,(135),543,13,12,8,--
Hansa Research Group,3.8,(134),566,4,--,11,1
Insighte,3.9,(134),58,19,1,5,9
Spykar Lifestyles,4.1,(134),435,8,2,9,1
Lion Services,3.7,(134),533,7,--,6,--
Urbanpro,3.6,(134),484,10,1,8,--
Paras Buildtech,3.6,(133),569,9,--,6,1
Tema India,4.1,(134),595,3,13,10,2
Life Care Logistic,3.2,(135),548,9,3,6,--
Packt Publishing,3.3,(134),714,17,9,25,--
Press Fit Pipe And Profile,4.1,(134),411,8,7,26,4
Novigo Integrated Services,3.7,(136),576,7,20,8,4
Idfy,3.2,(138),974,17,14,4,11
NTN NEI Manufacturing,4.1,(136),562,9,--,9,--
Nestor Pharmaceuticals,2.7,(135),456,10,--,4,--
ANY Graphics,3.9,(134),987,23,--,15,3
Competent Automobiles,3.9,(134),505,2,--,6,--
Babaji Shivram Clearing & Carriers,3.1,(134),521,14,3,3,--
Tranistics Data Technologies,3.4,(134),565,6,--,10,--
Bansal Group,3.5,(134),791,11,6,6,--
Gracenote,3.3,(134),542,11,--,13,--
Juego Studios,4.1,(134),412,13,4,2,--
Tribeca Developers,4.5,(134),274,26,34,3,--
Century Rayon,3.9,(134),487,8,--,22,--
Craft Silicon,3.6,(134),1k,13,2,14,--
RFCL,3.7,(134),608,13,--,4,--
Sonepar,4.4,(134),613,6,8,9,--
Eye7 Chaudhary Eye Centre,3.0,(134),458,10,5,23,--
ImagicaaWorld Entertainment Limited,3.6,(134),571,3,14,17,--
Novigo Solutions,3.9,(134),1.3k,19,2,4,--
Jindal Water Infrastructure,3.7,(135),457,12,--,12,--
Secure Network Solutions,4.4,(134),383,11,1,21,--
Government Of Tamilnadu,4.0,(134),606,5,--,9,--
Tricon Infotech,3.4,(133),1.5k,19,--,4,--
Saurer,3.6,(135),670,9,6,9,--
PrimeXBT,4.6,(134),7,1,11,1,--
TetraSoft,3.7,(133),994,13,--,16,--
Global Cloud Xchange,3.0,(133),740,7,--,14,--
Ardom Towergen,3.7,(133),345,7,2,3,--
HiveMinds Innovative Market Solutions,3.0,(135),780,17,17,13,--
Pharmaffiliates Analytics Synthetics,4.0,(134),451,18,8,5,--
TalentSprint,4.1,(133),590,7,1,16,39
International Institute of SDG's and Public Policy Research,4.7,(134),5,17,--,24,--
Connect India E Commerce Services,2.8,(133),375,7,--,4,--
Channel Soft,3.7,(133),648,11,--,6,--
Baker Gauges,3.5,(133),670,6,--,8,--
SIMA Labs,3.7,(134),506,6,5,7,--
Globsyn Business School,4.3,(133),241,15,--,12,20
Jain Amar,2.9,(133),428,9,1,3,6
Viveks,3.9,(133),481,8,--,13,--
SJS Enterprises,4.1,(133),653,11,--,7,--
Cybertech Systems & Software,3.2,(133),941,10,12,11,--
Zupee,3.7,(133),977,19,1,1,14
Ediglobe,3.8,(134),92,19,--,8,9
NGL Fine Chem,3.9,(133),690,11,8,8,--
Zeus Learning,2.8,(133),837,39,1,10,--
Tecnics Integration Technologies,3.2,(133),915,10,4,9,--
RPG Group,3.6,(133),882,12,5,9,--
SMARTe,3.7,(133),872,12,1,9,--
Inorbvict Healthcare,3.9,(133),66,10,3,8,1
Stellapps Technologies,3.9,(133),890,5,--,14,1
Powermax Fitness India,4.8,(134),105,3,--,2,--
Distacart,4.6,(133),107,31,7,3,--
CamelQ Software Solutions,4.0,(133),121,51,--,--,--
Siemens Industry Software (India),4.2,(134),1.1k,18,--,23,--
Apeejay Surrendra Group,3.5,(135),604,2,3,11,--
APC By Schneider Electric,4.4,(133),266,7,--,26,--
Dasnac,4.5,(133),289,14,--,3,--
Ameriprise India,3.4,(133),874,8,9,3,10
M3bi,4.1,(133),755,10,--,8,--
Axtel Industries,3.8,(133),658,10,5,13,--
Kilitch Healthcare India,4.3,(133),465,26,--,1,--
Nims Hospital,3.6,(133),600,3,--,4,--
AcuittyTech,2.4,(133),196,14,7,15,--
Medicamen Biotech,3.1,(133),580,6,--,6,--
Forever New,3.9,(133),542,9,--,18,--
Paramount Products,4.2,(133),601,10,1,12,--
Reliable Business Solutions & Services,2.9,(133),520,1,--,13,--
Spardha School of Music,4.3,(133),104,32,--,2,--
Cxc Infotech,3.1,(133),632,6,1,14,--
PATH India,4.1,(133),477,6,--,22,2
Integrated Cleanroom Technologies,3.9,(133),511,3,--,14,--
20 Microns,3.9,(133),543,6,16,13,--
Likewize,3.4,(133),1k,17,1,9,--
Hidoc Dr,4.6,(133),114,37,3,4,7
Ajnara India,3.7,(132),476,3,--,11,1
Nians,3.8,(132),245,8,50,4,--
Nissin Abc Logistics,4.0,(134),467,5,1,16,--
Enrich Agro Food Products,3.6,(134),603,9,3,9,--
College Of Education,4.4,(135),1.6k,9,--,2,1
Sobha Projects and Trade,4.2,(133),621,7,5,6,--
Shri Bhagwati Machines Pvt. Ltd.,3.6,(135),493,13,2,6,10
Omni Hospital,3.6,(134),538,2,--,13,--
Yuto Printing and Packaging,3.1,(133),733,20,7,12,1
Hellmann Worldwide Logistics,3.9,(132),495,4,--,12,--
MCaffeine,2.8,(132),486,13,1,5,9
TAM Media Research,3.1,(132),396,4,3,14,--
Leonia Holistic Destination,3.8,(132),354,4,--,19,--
TVS Next,3.4,(132),1.2k,15,8,10,--
TAM Media Research,3.1,(132),396,4,3,14,--
HIREXA SOLUTIONS,4.0,(133),542,21,2,2,15
Leonia Holistic Destination,3.8,(132),354,4,--,19,--
KMC HOSPITAL,4.0,(133),381,7,--,10,--
Hungama,3.1,(132),770,7,1,20,--
Amwaj Catering Services,3.8,(132),222,12,--,24,--
Welcomhotel By ITC Hotels,4.0,(134),259,6,--,2,--
Nians,3.8,(132),245,8,50,4,--
Nissin Abc Logistics,4.0,(134),467,5,1,16,--
PAVIT CERAMICS ( P),3.4,(132),378,5,--,10,--
Crane Process Flow Technologies India,3.5,(134),683,12,--,11,--
College Of Education,4.4,(135),1.6k,9,--,2,1
Sobha Projects and Trade,4.2,(133),621,7,5,6,--
Omni Hospital,3.6,(134),538,2,--,13,--
Shri Bhagwati Machines Pvt. Ltd.,3.6,(135),493,13,2,6,10
Tirupati Life Sciences,4.3,(132),402,6,--,14,--
Foodhub,3.3,(132),645,18,--,13,5
DUKES,3.8,(132),604,8,1,12,5
MCaffeine,2.8,(132),486,13,1,5,9
Manali Petrochemicals,3.2,(132),902,14,1,13,--
Hager Electro,3.2,(132),461,9,--,6,--
Gainsight,4.1,(132),1.2k,26,--,11,--
Rajagiri Hospital,4.1,(132),493,5,36,8,--
MSN,3.7,(133),472,13,--,9,--
Ashapurna Buildcon,3.4,(132),228,9,16,4,1
KMC HOSPITAL,4.0,(133),381,7,--,10,--
Amplifon,4.0,(132),449,8,--,12,--
Swarovski India,4.1,(132),505,8,13,14,6
Same Deutz-fahr,3.8,(132),778,7,1,10,--
NETPLUS Broadband Services,3.8,(132),518,7,2,11,--
Wipfli,3.5,(132),949,9,3,8,--
Maharishi Ayurveda Products,3.5,(132),467,3,19,1,7
Regus,3.2,(132),469,7,2,19,--
Ufi Filters,4.0,(132),657,10,3,10,--
Kajaria Bathware,4.1,(133),461,6,--,10,1
Planedge Consultants,3.2,(132),582,10,8,5,--
Dembla Valves,3.8,(132),601,11,5,5,--
Navi Finserv,3.4,(133),500,16,--,6,1
Openview Technologies,3.5,(133),592,11,--,6,--
ABIL Group,4.4,(131),501,14,2,28,7
Sical Logistics,4.2,(131),629,1,--,17,--
BuyMore,4.0,(131),223,5,2,19,--
INFOCRUNCH ANALYTICS,2.9,(131),371,9,2,10,--
TM International Logistics,3.6,(131),406,10,3,5,1
TRUGlobal,3.6,(131),838,27,6,5,38
Viaante Business Solutions,3.0,(131),544,13,2,8,1
Gates Unitta India Company,3.9,(131),656,10,3,15,--
AVASO Technology Solutions,3.3,(131),754,12,2,8,1
VALEUR FABTEX,3.2,(132),370,8,1,4,--
Storia Foods,3.8,(131),473,11,3,9,--
The India Thermit Corporation,3.6,(131),520,11,--,11,--
Schiller Healthcare India,3.8,(131),486,9,13,9,--
Nimap Infotech,3.5,(131),630,35,--,14,10
GemPundit,4.1,(131),275,17,29,14,12
Bharat Cooperative Bank,4.1,(131),699,8,3,5,--
Holcim Global Hub Business Services,4.1,(131),379,14,--,3,2
Valu Connex Telecom Services Private,4.4,(131),321,7,--,5,--
Metalman Microturners,3.8,(131),549,12,--,14,--
Camp K-12,3.3,(131),619,8,--,7,1
Envision Overseas Education Consultants,4.0,(131),185,67,--,--,--
Forace Polymers,3.2,(132),584,17,--,8,--
ECS | Enterprise Change Specialists,4.3,(131),145,5,123,8,19
Ice Mortgage Technology,3.3,(133),962,15,--,13,--
Kanan International,2.7,(133),582,12,1,6,5
FrontierWox Tech,4.5,(131),--,62,--,47,--
Gateway Distriparks,3.4,(131),608,6,--,11,1
Mahatma Gandhi Medical College & Hospital,4.2,(133),485,12,--,9,--
D&H Sécheron Electrodes,3.7,(134),475,12,1,6,--
A2z Infra Engineering,3.6,(131),89,1,--,--,--
Conceptia Software Technologies,4.1,(134),565,9,5,4,24
Shri Ram ComSoft Pvt Ltd - SRCOMSOFT,3.1,(133),367,7,1,--,7
Nation with NaMo,2.4,(136),697,30,25,4,--
Al Fara'a Group,3.1,(131),350,2,--,21,--
Edge Telecom,3.4,(131),439,7,--,16,--
Volansys Technologies,3.0,(131),1.1k,14,--,8,2
Auxein Medical,3.2,(132),558,12,9,14,--
Aapna Infotech,3.9,(131),372,18,7,3,--
Consort Builders,4.3,(131),426,12,2,8,2
Marvell,3.7,(131),1.1k,14,24,10,--
Indore Composite,3.8,(132),680,6,6,8,--
Gulshan Homz,4.1,(131),582,8,5,7,--
Numbertree LLP,3.2,(131),245,33,2,8,--
IVY SOFTWARE DEVELOPMENT SERVICES,3.8,(131),644,19,--,12,25
TDCX Digilab India,2.7,(131),322,5,--,4,--
NewVision Software & Consultancy,3.5,(131),1.2k,11,13,9,--
Nirmaan Organization,3.5,(131),409,9,3,8,--
Shantha Biotechnics,4.8,(131),269,3,5,20,1
Flyweis Technology,4.2,(131),81,9,--,3,3
Religare Housing Development Finance Corporation,3.9,(131),304,2,--,10,5
Rippling,2.5,(131),1.8k,54,2,6,--
Qseap Infotech,3.6,(131),710,20,1,12,--
Uk Realty,3.9,(131),304,24,15,2,--
Glory Global Solutions (south Asia),3.3,(131),453,7,--,12,--
Saarloha Advanced Materials,3.0,(131),614,7,3,5,--
Vector India,3.9,(131),489,7,11,5,--
Dentcare Dental Lab,3.8,(131),508,12,2,11,--
ShipBob,3.9,(131),433,36,2,4,6
Covenant Consultants,4.0,(131),684,11,--,13,--
Mtandt,3.6,(131),691,9,8,18,--
Dentcare Dental Lab,3.8,(131),508,12,2,11,--
Acent High Soft Technologies,4.5,(130),93,4,--,3,--
ZestMoney,4.0,(130),756,14,--,15,9
RouteMobile,3.5,(134),990,8,40,14,1
KW Group,3.8,(135),581,13,--,5,1
FR8,3.6,(131),509,15,7,2,1
Nelson Global Products,3.5,(130),603,12,--,12,--
Minosha,4.0,(131),538,5,--,9,--
CNS Comnet,4.1,(130),282,1,--,17,--
MPOnline,3.3,(133),482,7,--,14,--
Prodocs Solutions,3.5,(132),336,54,--,7,--
AMR INDIA,4.3,(132),500,15,--,11,--
MAP Systems,2.7,(130),409,12,2,14,--
NASSCOM,3.4,(130),656,11,10,12,3
Tide Water Oil,3.8,(130),498,4,--,9,--
BrandMuscle,3.4,(130),903,11,4,7,1
Ghaziabad Precision Products,3.4,(130),561,8,5,4,--
Anko,4.4,(130),937,19,13,22,5
NEXA Service,4.0,(130),470,4,--,6,--
NETIMPACT SOLUTIONS PVT LTD,3.2,(130),482,9,5,3,40
Prabhudas Lilladher,3.1,(130),840,8,1,9,--
GetMyUni,3.4,(130),625,17,6,7,--
Emeritus,3.2,(130),684,8,--,10,--
Performics,3.8,(130),928,10,--,8,--
Saviynt,3.2,(130),1.1k,27,51,18,14
Input Zero Technologies,3.6,(130),582,9,9,6,--
Lot Mobiles,3.7,(130),414,4,4,12,--
Next Move Strategy Consulting,4.8,(131),23,32,8,2,39
Arrivae,3.3,(130),607,11,--,4,--
Alexis Global,3.7,(130),465,9,--,3,--
IG Infotech India,2.9,(131),703,14,--,13,--
Hitachi MGRM Net,3.3,(131),331,15,--,41,--
Nahar Spinning Mills,4.2,(131),475,6,--,10,--
Ageis,3.7,(130),529,19,--,19,--
KW Group,3.8,(135),581,13,--,5,1
RouteMobile,3.5,(134),990,8,40,14,1
FR8,3.6,(131),509,15,7,2,1
Nelson Global Products,3.5,(130),603,12,--,12,--
AMR INDIA,4.3,(132),500,15,--,11,--
MPOnline,3.3,(133),482,7,--,14,--
Tide Water Oil,3.8,(130),498,4,--,9,--
Kaplan,3.9,(130),969,15,4,8,--
Techavera Solutions,4.2,(130),104,2,--,20,--
NETIMPACT SOLUTIONS PVT LTD,3.2,(130),482,9,5,3,40
TTK Services,3.4,(130),630,5,8,13,--
NEXA Service,4.0,(130),470,4,--,6,--
Chevron,3.2,(130),972,24,--,10,9
VinFast,3.0,(131),356,10,11,8,--
Cerence,3.3,(130),885,19,5,12,36
Information Evolution,3.6,(130),702,9,--,3,--
Interview Kickstart,3.6,(131),512,28,5,5,16
Frog CellSat,3.8,(130),469,14,4,10,--
La opala rg,3.9,(130),465,6,1,8,--
Menzies Aviation Bobba,3.7,(130),322,6,--,15,--
YouGov,3.6,(131),669,12,15,10,--
Desnor Destination,4.3,(129),49,13,--,7,1
KSK Mahanadi Power Company,3.9,(129),535,5,--,11,--
Veena Developers,4.1,(129),258,10,8,2,--
Golden Tulip Hotels,3.4,(131),453,7,--,15,4
AKGVG & Associates,3.2,(130),502,22,--,1,--
DelEx Cargo,4.6,(130),341,6,--,18,--
Sudisa Foundry,3.5,(129),505,17,4,3,6
Perpetuuiti Technosoft Services,3.5,(130),853,14,--,15,3
Bubugao Communication,4.3,(129),336,2,--,7,--
IndiaCan,4.8,(129),135,3,--,20,1
Siec Education,2.6,(129),422,11,5,1,--
Gram Panchayat,4.3,(129),339,3,--,4,--
HERO ECOTECH,3.7,(129),511,13,7,11,--
IndiQube,4.3,(130),972,13,--,7,3
Government Polytechnic Nagpur,3.8,(129),324,5,--,9,--
Computer Junction,3.6,(129),484,5,2,5,6
Gamma Process Hub,3.6,(129),362,5,--,7,--
Dhanuka Laboratories,3.9,(129),541,7,--,5,1
Sparkline Equipments,4.2,(129),629,3,--,12,--
Clinic Dermatech,3.3,(129),461,5,5,7,--
Jaipuria Institute of Management,4.3,(129),385,11,--,32,--
Indian Institute of Commerce Lakshya,4.0,(129),331,35,54,7,10
Continuum Global Solutions,3.6,(129),586,10,1,8,--
Arki Techno Consultants,2.9,(129),345,7,--,7,--
Bird Group,3.1,(129),599,9,1,6,--
BHARAT TECHNO PLAST,3.8,(129),455,6,1,15,--
DOLPHY INDIA,4.0,(129),242,14,4,15,--
Indian Institute of Science Education and Research,3.7,(130),556,8,--,18,--
Netradyne Technology,3.1,(129),1k,9,16,5,--
Bioworld Merchandising,3.5,(129),670,2,1,9,--
Nikon,3.9,(129),473,6,--,15,1
Fourth Dimension Technologies,3.2,(131),922,14,4,8,--
Modern Informatics,3.7,(130),519,12,5,7,--
Tasmed,3.6,(129),261,7,--,36,1
Hester Biosciences,3.3,(131),568,6,3,7,--
Ganga Medical Centre & Hospitals,4.2,(130),459,9,1,7,--
DelEx Cargo,4.6,(130),341,6,--,18,--
Kewaunee Labway,4.1,(130),738,4,--,13,--
Bubugao Communication,4.3,(129),336,2,--,7,--
Isgec Hitachi Zosen,3.6,(130),562,11,11,9,1
IndiaCan,4.8,(129),135,3,--,20,1
Siec Education,2.6,(129),422,11,5,1,--
Gram Panchayat,4.3,(129),339,3,--,4,--
HERO ECOTECH,3.7,(129),511,13,7,11,--
IndiQube,4.3,(130),972,13,--,7,3
Clinic Dermatech,3.3,(129),461,5,5,7,--
Sparkline Equipments,4.2,(129),629,3,--,12,--
Dhanuka Laboratories,3.9,(129),541,7,--,5,1
Government Polytechnic Nagpur,3.8,(129),324,5,--,9,--
Computer Junction,3.6,(129),484,5,2,5,6
Mindspace Outsourcing Services,3.9,(129),296,5,4,16,--
Continuum Global Solutions,3.6,(129),586,10,1,8,--
Sud Chemie,4.4,(130),596,6,1,16,--
Scholastic,4.1,(129),443,4,--,18,8
Bird Group,3.1,(129),599,9,1,6,--
Gemba Concepts,3.0,(129),454,17,11,7,4
Tecnoprism,4.4,(129),178,23,25,30,--
DDRC Agilus Diagnostics,3.8,(129),418,9,9,7,1
ICG Medical,2.2,(129),552,7,--,7,--
Cigna,3.3,(129),986,10,--,7,1
Birla Estates,4.0,(129),765,10,17,9,1
The AEC Associates,4.4,(129),222,15,3,7,8
Creative Projects & Contracts,4.1,(129),432,11,1,4,--
Multi Organics,3.0,(129),574,12,21,14,--
Sterling Manufacturing Company,3.7,(129),81,8,2,4,--
Getronics,4.3,(129),919,8,4,18,--
Zeomega Infotech,3.4,(129),1k,11,4,14,2
Techila Global Services,3.5,(129),632,18,12,17,6
Impulse,3.5,(129),537,8,--,7,--
Eidiko Systems Integrators,3.2,(129),850,21,2,7,--
Paranjape Autocast,3.3,(129),596,6,9,9,--
KMK Ventures,3.8,(129),421,9,4,1,--
Indian Synthetic Rubber,4.2,(129),585,17,2,23,--
Gromax Agri Equipment,3.6,(129),477,8,1,11,--
Bellfast Management,4.2,(129),529,11,1,7,4
Bharatiya Vidya Bhavan,3.9,(129),321,2,1,18,--
Stratogent Technology Services,3.1,(129),728,10,6,8,--
Sfj Business Solutions,2.4,(129),544,10,1,3,--
Stivaph Healthcare,4.1,(130),149,32,--,1,5
ams OSRAM,3.2,(129),803,6,5,2,--
P&R Infraprojects,3.9,(130),347,3,--,8,--
Jain Housing & Constructions,4.3,(128),462,20,18,6,--
Celebrity Cruises,3.9,(129),153,6,--,6,--
Tvs Training And Services,3.6,(127),523,10,6,8,--
Chetak Logistics,3.1,(128),471,7,3,6,5
JU Agri Sciences,4.3,(129),437,11,3,7,10
Infotree Global Solutions,3.3,(129),430,8,--,7,--
TSR Darashaw,3.4,(128),463,7,1,6,--
Radiant Enterprise,3.8,(129),402,4,3,14,--
NexWave Talent Management Solutions,3.5,(129),641,11,--,5,--
PeopleStrong Technologies,3.1,(128),777,9,4,12,21
Indian Acrylics,3.9,(128),553,7,--,13,--
ADS Spirits,4.4,(128),510,8,6,9,--
Cheers Interactive,3.0,(128),497,10,--,13,--
Noida International University,3.1,(128),495,6,--,10,2
Nitin Spinners,4.2,(128),471,5,6,4,1
Petronet LNG,4.5,(128),666,9,--,16,--
C H Robinson Worldwide Freight,3.5,(128),645,10,1,6,--
NDS InfoServ,3.0,(128),343,13,4,5,--
Dormakaba India,3.9,(128),627,2,--,15,--
Migsun Group,3.0,(128),599,7,--,4,--
Odisha Power Transmission Corporation,4.3,(128),205,7,--,9,--
Techversant Infotech,3.8,(128),585,16,54,8,12
IndianOil Adani Ventures,3.8,(128),1k,17,--,7,--
Airworks,3.6,(128),674,6,15,12,--
Viswaat Chemicals,3.8,(128),741,5,3,15,--
Jagannath Gupta Institute of Medical Sciences & Hospital,3.5,(129),496,4,9,9,--
Cogeme Precision Parts,3.8,(128),502,3,2,14,--
TRACKS AND TOWERS INFRATECH,3.8,(128),517,8,19,12,--
Daelim Industrial Co.,4.9,(128),96,4,--,30,--
GE Capital,4.4,(128),408,2,--,29,--
Galore Networks,2.7,(128),271,4,--,15,--
Avvashya Cci Logistics,3.7,(128),505,9,--,19,--
Vedang Radio Technology,4.2,(128),288,4,--,21,--
Jaya Shree Textiles,3.9,(129),295,12,--,12,--
Starion India,3.5,(128),514,7,1,8,--
C-Square Info Solutions,3.5,(128),641,6,--,9,--
Sadara Chemical Company,4.0,(128),279,2,--,20,--
Atandra Energy,4.3,(129),375,12,9,14,8
IMARC Group,3.2,(129),422,21,--,3,4
Bilt,3.9,(129),492,9,--,12,--
Honeywell Building Solutions,3.7,(133),888,7,--,5,--
IMCS Group.,3.1,(128),476,10,--,11,--
Ftcash,3.9,(130),540,9,--,8,--
Funskool India,4.0,(129),685,7,--,5,1
Swami Rama Himalayan University,3.8,(130),368,8,3,8,--
AachiGroup,3.8,(129),610,3,--,3,--
Devon Software Services,3.8,(128),665,17,--,9,20
Magnum Mi Steel,3.4,(128),456,8,1,2,--
Oremus Corporate Services,3.8,(128),621,7,4,8,--
Pickyourtrail,3.1,(128),606,26,15,2,6
INFAC,3.7,(128),546,4,3,9,2
CliniSys Group,3.1,(128),766,11,2,11,--
Parekh Group,3.5,(128),666,6,2,7,--
Alstone Manufacturing,4.0,(128),268,12,6,2,4
RN Valves & Faucets,3.1,(128),242,9,4,--,--
Ador Powertron,3.4,(128),517,10,3,9,--
Saya homes,4.0,(128),414,6,16,5,--
MSP Group,3.8,(128),459,9,--,9,--
The Hi-tech Robotic Systemz,3.5,(128),540,13,6,11,--
Tega McNally Minerals,2.8,(128),599,4,1,12,--
INTECH Creative Services Pvt. Ltd.,3.9,(128),931,17,2,11,--
Auxilo Finserve,3.6,(128),661,9,9,4,--
PalTech,3.9,(128),767,49,8,5,23
Saasguru,2.0,(127),46,2,--,3,--
Nala Robotics,1.8,(127),344,5,--,3,--
Applore Technologies,4.2,(128),179,5,3,4,--
Dai Ichi,4.3,(127),509,4,--,6,--
Gm Infinite Dwelling,3.1,(127),444,4,--,5,--
Zenith Industrial Rubber Products,3.4,(128),536,10,5,9,--
IBCC Industries,4.1,(129),427,12,2,5,2
BACS HITECH ENGINEERING,3.1,(127),205,10,--,44,--
Paix Services,3.8,(131),191,19,12,21,6
Expound Technivo,4.3,(128),426,14,7,9,5
Bizbox Publishing,2.8,(127),368,13,--,6,--
Integral University,3.4,(127),396,3,--,6,--
HirePro Consulting,3.7,(127),692,12,--,22,--
Vishnu Solutions,3.4,(127),336,6,1,6,--
BramhaCorp,3.5,(127),635,12,2,10,--
Orient Blackswan,4.2,(127),326,6,2,14,--
Skanray Technologies,2.5,(127),670,5,--,9,--
Hemmersbach,3.2,(127),615,11,13,7,--
Gj Solutions,3.8,(127),398,7,--,13,--
Galacon Infrastructure and Projects,3.4,(127),270,9,10,5,--
HWASHIN Automotive,3.6,(127),539,4,5,15,--
Kamal Ced Solution,4.0,(127),415,8,1,5,--
Neural IT,3.3,(127),545,20,24,5,1
GrayQuest Finance,3.2,(127),497,3,1,3,--
Shreeyam Power And Steel Industries,4.0,(127),466,11,8,11,3
Bernhard Schulte Shipmanagement,4.1,(127),517,6,20,9,--
Pace IIT & Medical,3.5,(127),484,5,3,8,--
CNK & Associates,3.3,(128),615,7,--,9,--
S.R. Batliboi & Associates,3.0,(127),1.5k,5,--,2,--
BPL,4.1,(127),408,9,18,7,--
Shiv Nadar University,4.1,(127),642,11,3,13,--
Biomatrix Healthcare,3.5,(127),558,14,10,9,--
Oncospark India Private Limited,3.7,(127),620,9,8,6,2
Basavatarakam Indo American Cancer Hospital Research Institute,4.2,(128),360,3,22,16,--
CTA Apparels,3.9,(127),368,10,--,7,--
Prose Technologies,3.5,(133),612,6,2,4,--
Glowlogics Solutions,4.0,(130),35,63,--,4,1
Karma Ayurveda,3.6,(128),404,6,--,16,--
Net Business Solutions,3.4,(129),676,4,--,4,--
Scorg International,3.3,(129),698,12,--,6,--
EdLernity,4.0,(127),17,33,1,14,--
Affordplan,3.1,(127),486,13,--,11,--
M.P. State Electronics Development Corporation,3.6,(129),523,8,--,1,2
Dexian DISYS,3.1,(130),761,16,10,1,--
Graphic Era Institute of Medical Sciences,3.6,(129),358,12,--,2,--
Anuhar Homes,3.3,(128),410,5,1,7,--
Rama group,3.5,(128),737,10,--,4,--
KPI Green Energy,4.1,(130),406,12,--,6,--
Sicagen,3.8,(127),440,8,10,11,--
Falabella,2.8,(127),940,17,--,11,--
Verificient Technologies,2.9,(127),675,17,28,9,--
Adnet Global,3.1,(129),535,4,2,2,--
Sri Sai Power and Equipments,3.6,(127),406,7,--,6,--
Great Champ Technology Limited,2.8,(127),586,5,1,9,1
Government Polytechnic College,4.0,(127),336,6,--,8,--
Centuary Fibre Plates,4.2,(127),536,6,--,8,--
Drip Capital,3.5,(127),572,11,--,40,--
Dish Network Technologies,3.0,(127),371,9,2,2,--
Deqode,3.4,(127),995,21,20,17,--
Bioplus Life Sciences,3.6,(127),654,11,5,1,1
CredFlow,3.2,(128),428,21,2,3,--
InfinityLabs,3.9,(127),833,14,3,12,51
The Digital Group Infotech,3.5,(127),872,8,17,5,5
ACPL Systems,3.3,(127),766,8,--,11,--
Mitratech,3.7,(127),972,14,4,16,2
Biomatrix Healthcare,3.5,(127),558,14,10,9,--
S.R. Batliboi & Associates,3.0,(127),1.5k,5,--,2,--
CNK & Associates,3.3,(128),615,7,--,9,--
Pace IIT & Medical,3.5,(127),484,5,3,8,--
Kamal Ced Solution,4.0,(127),415,8,1,5,--
Shreeyam Power And Steel Industries,4.0,(127),466,11,8,11,3
Ambit Collective,3.6,(127),252,17,--,30,39
Microscan Infocommtech,4.0,(128),491,9,3,5,--
Pearl Organisation,3.1,(127),290,33,11,35,1
Mahindra Agri Solutions,3.8,(126),405,5,--,19,--
bluCognition,3.1,(128),575,10,4,8,--
Badafinance S&P Services,4.1,(126),67,4,--,1,--
Cybernetik Technologies,4.1,(126),674,7,--,12,--
Indwell,3.7,(126),452,11,--,9,1
Xome,4.3,(126),655,15,5,31,--
Sahara India Financial Corporation,4.0,(126),347,--,--,12,--
UnifyCX,2.6,(126),626,16,--,5,--
Mumbai Metro One,3.9,(126),590,7,--,9,--
Global Market Insights,3.1,(126),613,8,7,14,--
Trend Technologies,3.7,(126),472,13,--,14,1
Panchayati Raj,3.4,(126),278,--,--,6,--
Stridely Solutions,2.7,(127),845,9,--,4,--
Oaknet Healthcare,3.1,(126),361,6,--,16,--
G.S.E.C,3.0,(127),392,2,--,24,7
Weizmann Forex,4.4,(126),371,--,--,7,--
Central Bureau of Investigation,3.7,(126),325,4,--,19,--
Alstrong Enterprises,4.3,(126),451,7,--,17,1
Pipeline Infrastructure,4.2,(128),489,7,1,7,--
Hombale Constructions and Estates,4.5,(127),465,2,--,24,--
Brindavan Bottlers,3.4,(126),419,1,--,9,--
Anmol Biscuits,4.3,(126),314,7,1,11,1
Runwal Realty,3.6,(128),577,6,70,7,--
Guardian Healthcare Services,4.0,(128),521,8,--,15,--
Union Mutual Fund,3.3,(127),568,10,--,7,--
IMA-PG,3.8,(126),582,7,--,10,--
Vydehi Institute Of Medical Sciences And Research Centre,3.5,(126),504,6,20,18,--
Ars Steels,3.7,(129),648,15,--,3,--
Abhijeet Group,3.8,(126),543,9,--,12,--
Mobikasa,3.7,(126),492,18,--,11,11
PSRI Hospital,3.9,(127),454,2,2,7,--
L&T SuFin,3.4,(126),380,17,--,9,--
Everest Blowers & Vacuum Pumps,3.4,(126),559,4,--,11,13
NU Hospitals,3.6,(126),382,9,12,11,--
Lincoln Electric,4.1,(126),701,7,--,19,--
Taural India,4.0,(126),604,18,8,7,--
CoreEL Technologies,3.8,(126),902,7,33,18,--
NovelVox Softwares India Pvt. Ltd.,4.3,(126),487,30,3,11,11
Geeklurn,3.6,(126),136,5,--,2,--
Oxane Partners,3.5,(126),1.4k,34,28,8,--
Wave Beverages,3.7,(126),411,6,--,8,--
Richmondd Global School,4.8,(126),86,6,--,5,--
Xtrim Global Solutions,4.7,(126),66,16,3,23,18
Seneca Global IT Services,4.2,(126),880,11,16,9,--
DANA Graziano India,4.1,(126),520,11,--,11,1
BARSYL,3.6,(126),376,10,--,14,1
Citi Style,4.3,(126),271,9,7,8,--
QO BOX,4.6,(126),71,6,--,10,--
GREEN POWER INTERNATIONAL,4.4,(126),412,7,2,12,--
Harsha Toyota,4.2,(126),471,7,--,5,--
Hi-Tech Arai,3.5,(126),529,3,1,13,--
LS Cable,4.4,(126),520,8,1,18,--
Believe Cosmetics,3.2,(126),445,13,--,4,--
Mendine Pharmaceuticals,4.5,(126),296,16,166,9,--
Ayushman Hospital & Health Services,3.7,(126),531,4,7,4,--
APPL Industries,3.7,(126),603,4,--,11,--
Highly Electrical Appliances India,3.5,(126),636,4,10,12,1
Numero Uno Clothing,4.2,(126),464,8,2,11,--
National Public School,3.4,(126),619,7,9,5,--
ABS India,3.8,(126),1.3k,14,--,4,--
VProtect,2.9,(126),361,10,2,4,--
Quadrafort Technologies,3.6,(126),295,16,5,3,11
Emoha Elder Care,2.5,(126),524,9,--,5,--
Vistaprint,3.5,(125),468,12,--,19,--
Express Housekeeper,3.8,(125),389,4,--,9,--
Suzlon Gujarat Wind Park,4.5,(125),330,9,--,27,--
Bhargava Phytolab,3.8,(125),344,10,1,3,--
Saraswati Vidya Mandir,3.6,(126),364,5,4,11,--
Public Works Department Rajasthan,4.4,(128),552,3,3,7,--
Bhargava Phytolab,3.8,(125),344,10,1,3,--
Agile Capital Services,2.5,(127),71,18,--,1,--
EPACK Prefab,3.6,(130),469,7,16,3,2
SKDRDP,4.3,(125),202,9,--,13,1
Rotomaker,3.6,(125),415,4,--,8,--
Sciative Solutions,3.8,(125),293,38,61,14,12
Raj Process Equipments And System,3.8,(127),427,15,25,4,13
Government of Madhya Pradesh,4.0,(125),512,2,--,8,--
Shj International,4.3,(125),201,25,11,9,--
CL MICROMED,4.0,(125),219,13,--,8,3
Caterpillar Signs,3.3,(125),526,5,17,3,--
Shriji Polymers,3.9,(125),499,7,8,8,--
Maithan Steel And Power,3.7,(125),575,11,--,2,--
Shore Infotech India,2.9,(125),750,9,--,10,--
ATS Services,3.5,(125),449,12,3,10,--
Snabbit,3.7,(125),219,17,7,12,--
Even Healthcare,3.0,(125),510,10,1,6,--
Kwality Wall's,4.0,(125),330,6,4,7,--
Indogulf Cropsciences Ltd,3.6,(125),516,4,--,8,--
Yingjia Communication Private Limited,4.4,(125),345,5,--,4,--
Reliable Spaces,2.6,(125),430,12,--,7,2
Accubits Technologies,3.1,(125),562,16,--,7,--
E2E Networks,3.1,(125),544,13,8,23,14
Indira Gandhi National Open University,4.3,(126),312,4,27,9,--
Vahdam India,4.1,(125),548,7,3,11,--
Object Frontier Software,3.7,(125),1.2k,8,--,16,--
Chetak Enterprises,4.5,(125),443,--,--,14,--
JBF Industries,3.5,(125),590,7,--,13,3
Bijlipay,3.4,(127),483,8,5,9,--
Techwise Digital,4.6,(125),110,23,--,6,--
Express Housekeeper,3.8,(125),389,4,--,9,--
Alchemist Hospital,4.2,(125),408,2,10,19,--
Kun Hyundai,4.0,(127),599,6,--,7,1
MyCar,4.1,(126),519,3,6,10,--
Biyani Technologies,3.5,(126),263,33,11,3,1
Iswarya Fertility Centre,3.1,(125),501,8,6,2,8
CS Soft Solutions,3.4,(125),707,20,2,11,24
Suzlon Gujarat Wind Park,4.5,(125),330,9,--,27,--
Mawai Infotech,3.1,(129),645,12,7,14,--
Shindengen,3.7,(125),644,6,6,8,--
DY Patil University,3.5,(126),725,11,--,9,--
House of Beauty,3.5,(125),198,8,--,59,12
R.k.industries,3.7,(125),673,2,--,6,--
Antier,2.8,(130),820,15,32,4,--
Minfy Technologies,3.1,(125),1.1k,10,68,2,--
Ghodawat Consumer Products,3.3,(126),474,6,8,2,2
Finulent Solutions,4.0,(126),508,30,2,5,17
Government of Kerala,4.0,(125),577,4,--,7,--
Adyar Ananda Bhavan Sweets,4.0,(125),505,8,8,14,1
TDS Group,4.0,(125),480,8,6,5,--
INTERPLEX,4.2,(125),671,7,--,11,--
Shreeja Mahila Milk Producer Company,4.2,(125),315,7,--,18,--
Sterling E-Mobility Solutions,3.8,(125),443,11,7,10,3
Ivanti,3.2,(125),1.4k,22,5,9,--
Kale Logistics Solutions,2.9,(125),827,16,15,9,8
Travclan Technology India,3.4,(125),565,62,14,1,--
Skyi Developers,4.4,(125),397,20,--,4,36
Rij Engineering,4.1,(125),505,6,1,9,--
Dar Group,3.3,(125),642,10,--,15,--
Richi Circuitronix,3.3,(125),411,15,7,16,4
Edvoy,4.1,(125),317,4,--,56,4
InnoEye Technologies,3.1,(124),477,6,--,11,--
TeamLease Staffing Solutions,3.3,(124),924,11,--,15,--
Claritus Management Consulting,4.2,(124),435,17,--,40,--
Saboo RKS Motor,4.1,(124),431,7,1,7,--
Provab Technosoft,3.0,(125),648,7,14,2,--
Media NV,4.2,(126),136,48,--,2,--
Paradigm IT,3.5,(125),661,5,27,8,--
Jse Engineering Private Limited,3.4,(125),435,3,--,3,--
Platinum One,3.5,(125),466,8,5,11,--
Lyka Labs,3.7,(125),540,10,13,5,--
Shrim Bhanu Construction,3.4,(124),506,5,--,3,--
Local Company,4.1,(124),2.3k,13,--,7,--
Netxcell,3.3,(124),654,7,4,10,9
Nova Techset,3.4,(124),653,8,5,4,--
ATS Group,4.0,(124),881,11,--,8,--
Maxvalue Credits & Investments,3.7,(124),583,10,--,5,6
Arvog,4.6,(124),104,73,18,21,--
Oriental Rubber Industries,3.1,(124),694,12,5,11,--
DentalKart,2.9,(124),562,10,21,4,4
Bikayi,2.8,(124),351,10,--,20,5
Retailio,3.9,(125),313,8,2,2,1
Gandhar Oil Refinery India,3.3,(124),530,8,2,7,1
GOOD,4.4,(124),260,77,--,12,--
Claritus Management Consulting,4.2,(124),435,17,--,40,--
MAHLE Holding (India),3.8,(124),682,2,--,10,--
Saboo RKS Motor,4.1,(124),431,7,1,7,--
Pinnacle Life Science,3.7,(132),630,6,8,3,--
Sentini,3.5,(124),509,4,8,5,--
Dewar's Garage,3.1,(124),379,3,--,5,--
Media NV,4.2,(126),136,48,--,2,--
Lyka Labs,3.7,(125),540,10,13,5,--
Platinum One,3.5,(125),466,8,5,11,--
Paradigm IT,3.5,(125),661,5,27,8,--
Jse Engineering Private Limited,3.4,(125),435,3,--,3,--
Provab Technosoft,3.0,(125),648,7,14,2,--
NGRT Systems Private Limited,3.7,(125),367,10,7,6,3
Gojavas,4.7,(124),129,1,--,19,--
AJ Hospital and Research Centre,3.8,(128),429,7,22,5,--
South India Krishna Oil & Fat,4.2,(125),473,7,--,13,--
ElringKlinger AG,3.8,(127),607,3,--,12,--
Dewar's Garage,3.1,(124),379,3,--,5,--
Hitachi Rail STS,4.0,(124),494,6,--,7,5
Glassdoor,4.2,(124),29,18,--,6,--
NGRT Systems Private Limited,3.7,(125),367,10,7,6,3
Gadre Marine Export,3.6,(124),559,7,8,9,--
Wealth Clinic,3.0,(125),424,12,5,7,--
Criss Financial,3.8,(125),366,4,75,2,--
WebPT,3.8,(124),523,28,1,1,13
GO MO Group AB,4.0,(124),207,9,--,34,--
Daloopa,3.3,(126),869,27,4,14,42
Kyocera Document Solutions India,3.4,(125),568,9,3,10,--
Cemtics,3.7,(124),461,8,--,10,--
Gojavas,4.7,(124),129,1,--,19,--
Floating Numbers Digital Solutions,3.2,(124),285,7,--,27,8
Vardhman Acrylics,3.5,(125),565,9,5,5,--
SKM Animal Feeds and Foods,3.3,(124),592,5,--,5,--
AFour Technologies,3.3,(124),1.3k,13,6,11,--
AFour Technologies,3.3,(124),1.3k,13,6,11,--
Kalpa Electrikal,3.7,(124),667,14,4,9,--
Gujarat Insecticides,4.0,(125),708,7,5,11,--
Marc Laboratories,3.2,(124),386,4,4,8,--
Rajasthan Antibiotics,3.8,(124),397,10,--,2,5
BML Munjal University,4.1,(124),429,6,2,11,--
ATS Group,4.0,(124),881,11,--,8,--
Arvog,4.6,(124),104,73,18,21,--
Hirotec,3.8,(124),699,12,3,11,--
Advanz Pharma,3.9,(124),499,9,8,8,--
TekFriday Processing Solutions,3.5,(124),741,12,23,11,--
Pride Technologies,3.4,(124),1k,4,--,5,--
Rocket Software,4.1,(124),1.2k,16,13,11,--
Entra Solutions,3.4,(124),519,11,--,17,--
Biomerieux,3.3,(124),431,8,1,14,--
Comed Chemicals,3.7,(124),470,13,5,6,--
iRISE India,3.2,(124),457,8,--,6,1
Anna University,3.8,(125),667,12,--,12,--
Indiana Gratings,3.2,(123),468,7,35,36,--
INDI IT SOLUTIONS,4.4,(123),103,2,1,2,--
Wizertech Informatics,4.3,(123),515,2,3,9,--
Marc Enterprises,3.7,(124),486,6,--,3,1
Brahmaputra Cracker and Polymer,4.2,(123),681,4,--,7,--
DeliverHealth Solutions,3.3,(125),464,10,1,6,--
Digiperform,3.4,(123),337,9,5,3,--
Success Pact Consulting,3.8,(122),329,13,5,8,20
Nath Bio - Genes,3.9,(123),352,7,3,14,--
GD Goenka International School,3.3,(123),363,7,4,18,--
Midco,3.6,(123),208,--,1,17,--
Paytm Mall,3.6,(123),878,7,--,15,--
Polmon Instruments,3.4,(123),488,7,2,7,--
Total IT Global,3.7,(123),670,17,10,12,--
Gurit India,3.9,(123),552,13,--,5,--
KLC CONSTRUCTION,3.8,(123),484,9,--,8,--
Wicked Ride Adventures,4.1,(123),630,1,--,11,--
iPlace,3.7,(123),604,4,--,9,--
Sarens Heavy Lift India,3.6,(124),486,2,--,7,--
RD Public School,3.9,(123),513,6,4,5,--
Mani Group,3.5,(123),375,6,--,9,--
Sandip University,3.1,(122),414,8,--,10,--
Sarens Heavy Lift India,3.6,(124),486,2,--,7,--
Mani Group,3.5,(123),375,6,--,9,--
BYD India,3.3,(127),678,8,5,7,--
Derewala Jewellery Industries,3.5,(123),569,9,2,5,--
Steelcase Asia Pacific Holdings India,3.6,(125),762,7,--,14,--
iRISE India,3.2,(124),457,8,--,6,1
Adarsh Group,4.5,(125),639,1,--,3,--
Felix Hospital,3.2,(126),586,12,9,5,--
Anna University,3.8,(125),667,12,--,12,--
INDI IT SOLUTIONS,4.4,(123),103,2,1,2,--
Indiana Gratings,3.2,(123),468,7,35,36,--
Indus International School,3.2,(124),345,5,1,17,--
Digiperform,3.4,(123),337,9,5,3,--
Success Pact Consulting,3.8,(122),329,13,5,8,20
DeliverHealth Solutions,3.3,(125),464,10,1,6,--
Beetel Teletech,3.7,(123),510,5,--,12,--
Terminal Technologies (i),4.2,(123),533,8,--,8,--
HuntingCube Recruitment Solution,3.9,(123),413,15,--,--,5
Mangalore Refinery and Petrochemicals,4.0,(123),629,--,--,11,--
Sher-I-Kashmir Institute of Medical Sciences,4.2,(123),270,4,--,2,--
Masters Management Consultants,4.0,(123),394,4,--,7,--
Emerald Haven Realty,3.8,(123),611,12,--,9,--
Newaco Grupo,3.4,(123),330,12,--,15,--
Phoenix Mecano,4.0,(123),722,3,4,8,--
Uttam Sugar Mills,3.9,(123),409,5,7,8,--
Mersen,3.8,(123),578,6,1,8,--
Rds Project,3.4,(123),550,5,--,13,--
Rhydburg Pharmaceuticals,2.8,(123),381,7,2,11,--
Golcha Associated Group,3.8,(123),424,9,10,11,--
Akums Healthcare,3.8,(124),454,5,--,3,--
Dubai Electricity & Water Authority (DEWA),3.5,(123),396,11,--,12,--
Hindustan Copper,4.0,(123),588,4,--,13,2
Woxsen University,3.2,(123),381,23,--,2,1
Centric Consulting,3.3,(123),998,20,4,5,--
Kalki Fashion,2.9,(123),594,16,8,1,--
Bounce,3.2,(123),808,6,--,13,1
DAS Offshore Engineering,3.8,(123),532,5,25,9,--
Chumbak Design,3.3,(123),447,8,--,12,--
Digitas,3.5,(123),901,6,--,10,--
Jay Fe Cylinders,4.0,(123),446,11,5,9,--
Bounce,3.2,(123),808,6,--,13,1
Kalki Fashion,2.9,(123),594,16,8,1,--
Rayat Bahra University,4.5,(123),169,8,--,11,8
Onsurity Technologies,2.1,(123),749,16,3,15,--
Decision Minds,3.4,(123),596,9,--,5,--
KORE.AI SOFTWARE INDIA,3.3,(123),1.5k,14,1,12,5
Epicu Agro Products,3.1,(123),445,6,--,4,--
Futures Group,4.6,(122),677,2,--,16,--
iLabz Technology,3.1,(122),750,7,--,5,--
Customer Analytics,4.1,(122),901,8,1,17,11
Chemtrols Industries,3.2,(122),420,3,1,13,--
Spl Infrastructure,4.0,(123),629,5,12,10,1
KSB Tech,3.2,(125),586,13,--,17,1
EasyBuy Lifestyle,3.9,(122),415,5,16,10,1
Orient Fashions,4.1,(122),412,3,--,12,--
PGEIN,3.5,(122),217,5,--,56,2
Glance,3.4,(122),944,19,21,3,7
Featherlite,3.5,(124),755,5,7,8,--
T.R. Sawhney Motors,3.9,(123),373,--,--,12,--
Chandan Hospital,3.8,(126),429,3,6,7,--
Suhail Bahwan Automobiles,4.0,(122),293,3,--,22,--
Udaan Technologies,3.8,(122),539,6,--,12,1
Finolex Plasson Industries,4.0,(122),396,4,4,6,--
CISB,3.5,(122),408,5,--,6,--
T&T Group,4.0,(122),395,8,6,7,2
ABK Imports,4.0,(122),417,8,--,6,14
Maaden Phosphate Company,4.2,(122),293,11,--,19,--
R. K. Associates Valuers & Techno Engineering Consultants,3.8,(122),502,8,3,7,--
Kcm Appliances,3.5,(122),539,4,3,8,--
Paladion Networks,3.7,(122),643,6,--,16,--
Six Sails Technologies,4.1,(122),417,8,2,5,--
FiftyFive Technologies,4.2,(122),465,52,3,17,71
CodTech IT Solutions,4.0,(122),49,4,--,1,--
SPS Hospitals,3.9,(122),298,6,9,5,--
Futures Group,4.6,(122),677,2,--,16,--
Smarter BIZ Technologies,3.1,(122),320,14,--,12,--
Vasu Chemicals,3.8,(123),438,15,--,9,--
Customer Analytics,4.1,(122),901,8,1,17,11
Chemtrols Industries,3.2,(122),420,3,1,13,--
Spl Infrastructure,4.0,(123),629,5,12,10,1
Central Board of Secondary Education,4.3,(122),574,5,--,7,--
Agilisium,3.2,(122),1.2k,15,22,9,7
Acme Services,4.1,(122),296,33,7,1,10
Radius Synergies International,4.0,(122),447,11,--,10,15
TEJRAJ PROMOTERS & BUILDERS,4.2,(122),129,34,32,2,2
Petron Engineering Construction,4.4,(122),362,2,--,14,--
Pavna Group of Industries,3.3,(122),489,9,1,4,--
Vaibhav Plasto Printing & Packaging,4.0,(122),440,13,3,5,6
Raja Software Labs,3.2,(122),736,48,15,11,--
SAIL Bokaro Steel Plant,4.0,(122),399,19,--,5,--
Smarter BIZ Technologies,3.1,(122),320,14,--,12,--
Vasu Chemicals,3.8,(123),438,15,--,9,--
DQ Entertainment,3.3,(122),271,1,--,13,2
Shine Projects,4.4,(122),55,40,--,41,3
Futuretech Factory One,4.5,(123),26,49,--,2,--
The Heritage School,3.7,(122),359,13,--,15,--
PG Technoplast,3.8,(130),449,9,--,3,1
Rolex Rings,3.8,(123),548,4,9,14,--
Classic Legends,2.7,(125),421,7,--,5,--
Affordable Robotic and Automation,3.0,(124),616,4,--,8,--
Acsia Technologies,3.1,(123),808,13,14,9,--
B Gauss,3.8,(122),543,9,--,2,--
ORIX Leasing & Financial Services,4.1,(123),488,6,--,6,--
XL Laboratories,3.5,(123),496,15,--,4,--
Arora Iron & Steel Rolling Mills,3.8,(122),490,7,--,6,--
Colorshine Coated,3.9,(127),413,8,9,3,--
Carisma Solutions,3.7,(123),601,40,1,13,--
BONbLOC,3.4,(123),514,22,2,7,5
Udaan Technologies,3.8,(122),539,6,--,12,1
CISB,3.5,(122),408,5,--,6,--
Keltron,4.3,(122),329,7,--,11,7
Finolex Plasson Industries,4.0,(122),396,4,4,6,--
Detroit Engineered Products,3.3,(122),945,13,19,10,1
Apac Housing Finance,4.2,(122),293,3,--,2,--
Amco Batteries,4.3,(122),392,5,--,24,--
Revv,3.4,(122),509,6,--,13,--
Kcm Appliances,3.5,(122),539,4,3,8,--
Apollo Global Management,3.0,(122),1k,15,18,8,--
FiftyFive Technologies,4.2,(122),465,52,3,17,71
Six Sails Technologies,4.1,(122),417,8,2,5,--
Paladion Networks,3.7,(122),643,6,--,16,--
CodTech IT Solutions,4.0,(122),49,4,--,1,--
SPS Hospitals,3.9,(122),298,6,9,5,--
Axis Risk Consulting Services,3.3,(122),704,6,--,5,--
Rishita Developers,4.0,(122),408,5,--,12,--
Ministry of Rural Development India,3.7,(122),537,6,11,10,--
Altudo,2.8,(122),952,21,6,9,--
Nkgsb CO-OP Bank,3.7,(122),458,2,1,9,--
SWISS PARENTERALS,3.8,(122),478,10,--,13,--
Artson Engineering,4.0,(122),556,13,7,17,--
Guru Amardass International,3.5,(122),358,7,3,7,1
Chemist Box Private Limited,3.8,(122),104,19,7,2,8
Brightsun Travel,2.8,(122),545,8,7,11,--
Xitadel CAE Technologies,3.3,(122),463,13,1,20,--
Cinntra Info Tech Solutions,3.4,(122),408,9,12,10,4
2050 Healthcare,3.1,(122),343,1,--,4,47
PaywithRING,4.1,(122),330,19,8,1,9
Gala Precision Engineering Limited,3.8,(122),507,8,2,17,18
Veoneer India,3.9,(122),1.1k,9,5,11,--
Quampetence Business Solutions,2.9,(122),396,4,3,10,--
Vectone Mobile,1.7,(121),565,12,--,43,--
Simeio Solutions,3.9,(121),838,9,11,13,--
Mahabal Group of Industries,3.7,(121),536,2,--,4,--
Infomerica,3.1,(124),781,7,6,2,--
EMDAD LLC,4.3,(121),306,12,--,13,1
Voltas Beko Home Appliances,3.8,(121),515,16,--,6,--
Jaycee Punching Solution,4.2,(121),438,4,--,7,--
SAAB ENGINEERING,3.8,(121),529,4,4,7,--
iQuest Management Consultants,3.4,(121),453,13,2,10,1
SEPC Limited,4.1,(121),445,5,--,17,--
Nirmiti Precision,3.4,(121),524,8,--,1,1
Maharashtra State Power Generation Company,4.3,(121),223,--,--,9,--
Oman Pharmaceutical Products,2.6,(121),363,20,--,11,1
Codleo Consulting,4.5,(121),173,7,--,41,7
Gear Inc,2.7,(121),344,4,23,3,--
21K School,3.1,(121),287,10,55,4,--
Network People Services Technologies,3.0,(121),998,12,4,7,8
SCOPE T&M,3.5,(121),556,14,2,14,--
Upland Software,4.7,(121),200,20,--,10,3
Bryka Electrosystems & Software,3.0,(121),190,16,19,5,--
Vectone Mobile,1.7,(121),565,12,--,43,--
KTM,3.7,(122),374,3,--,5,--
Ramkrishna Care Hospital,3.7,(121),378,5,--,6,1
JMD Group,4.0,(122),589,4,--,4,--
EMDAD LLC,4.3,(121),306,12,--,13,1
The Web Plant,2.7,(122),318,9,1,36,--
Mahabal Group of Industries,3.7,(121),536,2,--,4,--
Infomerica,3.1,(124),781,7,6,2,--
Smpp,3.5,(123),263,6,3,2,--
Edukyu,3.7,(122),244,19,5,8,--
Haridwar University,4.4,(121),67,15,--,1,4
SuperProcure,4.6,(123),315,11,4,6,--
Uralungal Labour Contract Cooperative Society,3.3,(122),578,5,--,7,--
Ashoka Builders,3.6,(131),662,18,5,8,7
Constantia Flexibles,4.0,(121),558,5,--,22,3
Spack Automotives,3.2,(120),499,14,1,7,--
SEPC Limited,4.1,(121),445,5,--,17,--
Fi,3.6,(124),652,26,11,--,--
Seven Seas Hotel,3.0,(121),399,5,--,6,--
Nirmiti Precision,3.4,(121),524,8,--,1,1
Spack Automotives,3.2,(120),499,14,1,7,--
MarketStar,3.1,(121),592,15,--,2,18
Indication Instruments,3.9,(121),569,7,3,6,--
Appventurez,2.8,(121),698,20,--,4,4
Seven Seas Hotel,3.0,(121),399,5,--,6,--
IND-SPHINX PRECISION,4.1,(122),406,6,2,12,--
Winsome Textile Industries,3.3,(121),543,8,11,18,--
Morarjee Textiles,3.8,(121),410,6,3,10,3
Adaequare,3.1,(121),794,9,9,30,--
ImpactQA,3.9,(121),592,15,--,31,--
Markem Imaje,3.9,(121),549,10,--,8,--
Driver Logistics,4.0,(121),541,5,1,1,--
Greystar,3.6,(121),685,20,5,3,--
N R Agarwal Industries,3.9,(121),490,8,1,9,--
Gandour India Food Processing,4.2,(121),423,5,1,11,--
Twin Health,3.1,(121),565,11,8,12,--
Jekson Vision,3.6,(121),793,10,3,10,1
Breach Candy Hospital Trust,3.9,(121),387,8,12,13,--
Imark InfoTech,4.1,(121),443,50,--,14,--
Stonemen Crafts,3.7,(121),520,6,6,5,--
Stonemen Crafts,3.7,(121),520,6,6,5,--
Room to Read,3.5,(121),301,14,138,11,12
Upland Software,4.7,(121),200,20,--,10,3
Bryka Electrosystems & Software,3.0,(121),190,16,19,5,--
Resmed,4.2,(121),715,28,5,13,52
SCOPE T&M,3.5,(121),556,14,2,14,--
Khosla Profil Private Limited,3.4,(121),564,20,8,6,2
RNS Motors,3.3,(121),464,6,2,6,1
Salasar Services Insurance Brokers,3.8,(121),378,12,15,17,--
Mobicule Technologies,3.0,(121),650,20,--,3,1
ABB GISL,3.9,(121),811,11,--,24,--
iXceed Solutions,4.0,(121),200,19,--,10,9
Bharat Intern,3.9,(121),65,11,--,--,1
Nagravision,3.5,(122),813,18,--,12,--
uCertify,3.7,(120),387,21,1,8,24
Municipal Corporation of Greater Mumbai,3.8,(121),499,4,--,15,--
Aayan Infotech,4.8,(121),39,12,--,8,18
Grohe,4.2,(120),429,9,--,8,--
Reebok,4.0,(122),312,8,--,15,5
Sjr Prime Corporation,4.0,(120),322,14,--,7,--
Ingenuity Gaming,2.7,(122),950,18,--,7,--
Vendasta Technology (India) Private Limited,3.8,(121),302,13,9,5,7
Artifint Technologies,4.4,(121),280,33,--,13,--
Korcomptenz Consultancy,4.3,(120),500,31,1,4,77
Exl Technosolutions,3.7,(122),921,6,--,5,--
Hatch Associates India,3.9,(121),618,12,2,7,2
JSS Medical Research,2.9,(120),504,17,5,8,8
Vibrant Infocom,2.5,(120),305,9,--,4,1
AGCO Corporation,4.0,(121),692,14,--,7,5
Manipal Global Education Services,3.4,(120),892,3,--,14,--
Life Care Hospital,3.8,(120),623,3,--,7,--
AL JABER GROUP,3.2,(120),250,7,--,18,--
Patanjali Parivahan,3.8,(120),487,9,--,3,--
Wattmonk Technologies,2.8,(120),461,23,2,7,7
Ebullient Securities,3.5,(120),398,17,--,13,--
Tap Academy,4.7,(120),131,14,--,2,--
Hotel Sahara Star,3.3,(121),404,2,10,16,--
inTarvo Technologies,4.4,(120),351,1,--,16,--
Seeh Al Sarya Engineering,3.6,(120),424,1,--,5,1
JK Organisation,4.0,(121),617,7,--,2,--
Namaste Credit,3.1,(120),591,10,--,11,--
Nickelfox Technologies,2.4,(120),369,7,1,17,70
Waah Jobs,4.3,(120),458,7,2,16,--
Information Dynamics,3.6,(120),1.2k,7,--,8,--
Ledure Lighting,3.9,(120),414,13,7,7,24
Mondee,3.2,(120),464,6,11,2,13
Sbm Bank,3.4,(120),747,9,--,7,--
Vasu Healthcare,4.0,(120),545,2,1,8,2
LMES Academy,3.5,(120),444,15,3,6,1
Hotel Sahara Star,3.3,(121),404,2,10,16,--
Nagravision,3.5,(122),813,18,--,12,--
Seeh Al Sarya Engineering,3.6,(120),424,1,--,5,1
inTarvo Technologies,4.4,(120),351,1,--,16,--
uCertify,3.7,(120),387,21,1,8,24
Khimji Jewellers,3.7,(121),358,7,--,8,--
Grohe,4.2,(120),429,9,--,8,--
Aayan Infotech,4.8,(121),39,12,--,8,18
Ingenuity Gaming,2.7,(122),950,18,--,7,--
Vendasta Technology (India) Private Limited,3.8,(121),302,13,9,5,7
Korcomptenz Consultancy,4.3,(120),500,31,1,4,77
Artifint Technologies,4.4,(121),280,33,--,13,--
India Ratings & Research,3.5,(120),618,12,--,12,--
Hatch Associates India,3.9,(121),618,12,2,7,2
Exl Technosolutions,3.7,(122),921,6,--,5,--
Volvo Buses,3.0,(122),490,6,--,17,--
Vibrant Infocom,2.5,(120),305,9,--,4,1
AGCO Corporation,4.0,(121),692,14,--,7,5
24seven,4.5,(120),418,6,--,12,--
Govt of Karnataka,3.7,(120),594,3,--,11,--
Loylty Rewardz Mngt,3.8,(120),995,14,--,7,--
Wattmonk Technologies,2.8,(120),461,23,2,7,7
Ebullient Securities,3.5,(120),398,17,--,13,--
AL JABER GROUP,3.2,(120),250,7,--,18,--
Patanjali Parivahan,3.8,(120),487,9,--,3,--
Tap Academy,4.7,(120),131,14,--,2,--
RED CHIEF,3.9,(120),297,6,--,14,--
OctaNet Services Private Limited,4.1,(120),59,11,--,1,--
Progression Infonet,4.2,(120),563,6,1,8,--
Josh Software,3.0,(120),1k,23,--,8,--
Enterprise Minds,3.6,(121),832,12,7,1,5
Relevance Lab,3.2,(120),1.2k,14,45,12,5
ZaranTech,4.7,(120),112,7,3,2,11
RepIndia,3.8,(120),452,6,5,6,4
Presto Stantest,3.8,(120),368,8,2,14,8
Maharashtra Feeds,3.0,(120),406,7,3,4,--
Elevate,2.8,(120),678,13,15,2,--
Pena4 Tech Solutions,4.0,(120),584,8,13,15,--
Jeeva Organic Private Limited,3.6,(120),307,19,--,11,41
CORE EHS,3.6,(120),186,18,26,2,5
Husky Injection Molding Systems,4.0,(120),547,16,--,8,--
GOURMET INVESTMENTS,3.9,(120),305,25,12,4,--
Gvr Technolabs,3.6,(120),465,8,12,6,--
ADNH Compass,4.3,(120),152,10,--,24,--
TopSource,3.7,(120),404,10,4,1,2
Tricolite Electrical Industries,4.0,(120),505,10,2,9,2
ERD Technologies,3.5,(120),559,8,7,6,2
Hipad Technology India,4.0,(119),385,3,--,20,--
Syscom Corporation,4.4,(119),381,4,--,21,--
Ashwini Hospital,3.2,(120),439,1,--,9,--
City Hospital,4.2,(121),495,4,6,9,--
Oswal Industries,3.3,(120),479,5,3,10,--
Sambhav Foundation,3.8,(126),347,9,--,4,--
City Hospital,4.2,(121),495,4,6,9,--
Durovalves India,3.3,(119),379,7,--,10,--
Fotografik Enterprises,3.6,(119),360,5,--,8,--
Hard Rock Cafe,4.4,(119),380,4,--,17,--
Hindusthan Microfinance,3.9,(120),261,6,--,5,4
J&K Bank,3.9,(119),341,4,--,15,1
Telecomone Teleservices,3.8,(119),504,7,--,9,--
Allegion,4.2,(119),1.1k,26,12,10,--
Jamshedpur Continuous Annealing and Processing Company,3.3,(119),468,7,--,10,3
Pay point india,2.8,(119),430,10,--,3,--
Knowcraft Analytics,2.8,(120),713,15,--,6,--
SAP Ariba,3.4,(119),968,3,--,15,--
Smart Software Services(I),4.7,(119),1.1k,4,2,4,--
Poddar Tyres,3.8,(119),386,6,--,10,--
Shiv Enterprises,3.8,(119),697,5,7,4,--
BMD Private Limited,4.0,(119),462,4,--,11,--
Trimed Solutions India,3.6,(119),288,7,9,17,5
Wiley,4.0,(119),682,19,12,5,--
BITS Pilani,4.0,(121),591,12,--,15,10
Qualified Recruiter,4.1,(120),326,18,--,1,34
Delta IoT Solutions,3.4,(124),394,22,--,2,9
Wockhardt Biotech Park,3.9,(119),376,7,--,11,--
Vymo Technologies,2.2,(119),1k,14,18,1,--
BeeperMD,3.7,(119),156,25,--,2,--
Protechmanize Solutions,2.9,(123),759,4,--,3,--
Blackbaud,3.4,(122),507,26,51,12,24
AmpIn Energy Transition,4.2,(121),642,9,3,3,--
First Connect Health,4.5,(119),80,47,--,8,10
Gulbrandsen Technologies,3.5,(120),416,3,--,1,--
The Walt Disney Company,4.4,(119),1.1k,13,9,12,--
Matangi Industries,3.2,(121),574,8,36,8,--
Vijay Raja Homes,4.3,(119),493,7,12,26,--
Waaree Renewable Technologies,4.1,(124),369,3,--,3,--
Kanchan Metals,4.0,(119),460,3,3,8,--
Optimus Pharma,3.8,(119),588,11,--,12,--
Veena world,3.7,(119),466,1,7,16,--
MAMTA Health Institute for Mother and child,4.2,(119),280,4,--,15,--
Ministry Of Education,3.4,(119),379,4,--,15,--
Baazi Games,3.6,(119),749,22,--,7,--
BITS Pilani,4.0,(121),591,12,--,15,10
Oswal Industries,3.3,(120),479,5,3,10,--
Sofitel Luxury Hotel,4.2,(120),349,9,--,13,--
Qualified Recruiter,4.1,(120),326,18,--,1,34
Delta IoT Solutions,3.4,(124),394,22,--,2,9
Wockhardt Biotech Park,3.9,(119),376,7,--,11,--
Sambhav Foundation,3.8,(126),347,9,--,4,--
Vymo Technologies,2.2,(119),1k,14,18,1,--
BeeperMD,3.7,(119),156,25,--,2,--
Durovalves India,3.3,(119),379,7,--,10,--
Fotografik Enterprises,3.6,(119),360,5,--,8,--
Vijay Raja Homes,4.3,(119),493,7,12,26,--
Knowcraft Analytics,2.8,(120),713,15,--,6,--
Allegion,4.2,(119),1.1k,26,12,10,--
Jamshedpur Continuous Annealing and Processing Company,3.3,(119),468,7,--,10,3
Pay point india,2.8,(119),430,10,--,3,--
Kanchan Metals,4.0,(119),460,3,3,8,--
SAP Ariba,3.4,(119),968,3,--,15,--
Optimus Pharma,3.8,(119),588,11,--,12,--
Diensten Tech,2.7,(120),597,9,386,1,--
Kalinga University,3.1,(119),423,12,7,8,--
Le Mei Plastic Manufacturing,3.3,(119),578,11,2,7,--
BMW TechWorks India,3.1,(119),1.1k,13,94,12,7
Sureminds Solutions,3.4,(119),867,8,20,1,--
Central Electronics,3.8,(119),575,7,--,11,--
Concorde Group,4.2,(119),785,9,1,10,--
Tupperware,3.4,(119),525,6,3,14,--
Planview,3.1,(119),707,12,4,6,16
Unimark Remedies,3.5,(119),346,6,--,13,--
Nissan Digital,3.5,(119),747,9,--,6,1
Shaze Luxury Retail,3.9,(119),376,12,--,12,7
Nureca Limited,4.1,(119),432,10,3,1,22
Concept Pharmaceuticals,3.1,(119),429,11,18,5,--
TROPICAL AGROSYSTEM (I),4.4,(119),320,2,1,8,--
Avians Innovations Technology,3.8,(119),581,10,9,6,8
SunSource Energy,4.3,(119),554,6,--,11,11
Nipro Medical,3.8,(119),457,7,--,7,--
Flowserve Sanmar,3.1,(119),491,8,23,8,--
SPS Construction & Engineering Works,3.4,(119),548,6,--,8,1
Y Equipment Services Pvt Ltd,3.8,(119),636,18,--,5,42
ERGOS,3.3,(119),500,5,5,6,2
Yes Germany,3.2,(119),303,5,9,3,--
M2P Solutions,3.4,(120),786,4,--,4,--
Ksk Energy Ventures,4.5,(119),400,5,2,18,--
Eat 'N' Fit Agro Foods,2.0,(119),95,12,--,20,--
Raj Corporation Limited,3.2,(119),350,10,3,3,--
Suspa Pneumatics,4.1,(120),575,--,6,13,--
Frootle,3.0,(119),362,11,3,2,--
Bnk Power Solution,3.7,(119),403,8,4,7,--
Pixis,3.6,(119),729,14,--,12,--
K & J Project,3.1,(119),431,7,11,9,--
MyOperator,3.7,(118),426,41,4,9,3
JIVAH,3.8,(118),144,13,4,2,2
ACS Group,3.4,(118),695,15,--,29,--
Acme Industries,4.0,(118),293,6,--,4,--
Analog Devices,4.0,(119),1.2k,34,94,5,--
Lark Laboratories (I),3.1,(120),353,9,--,8,--
Securitrans India,3.8,(118),342,8,--,13,--
Teaching at home,4.4,(118),833,25,--,6,--
Yellow Banana Food Company,3.4,(119),439,8,--,14,--
New Horizon College of Engineering,3.6,(118),338,10,--,13,--
Mastech Digital,3.5,(118),649,6,6,18,--
Plan International,3.7,(118),375,5,6,8,--
Go-Jek,3.7,(118),1.3k,31,--,8,--
BAPS Shastriji Maharaj Hospital,4.4,(118),135,--,--,1,--
Citizens Alliance,3.3,(118),268,9,--,3,--
Model Infra Corporation,3.3,(119),728,1,1,5,--
Prominance uPVC Windows & Doors,3.5,(118),587,11,--,6,--
Gimatex Industries,3.4,(118),553,5,3,4,--
Megamax Services,4.0,(118),421,12,--,5,3
SIP Academy,4.1,(118),371,6,8,13,--
OpsTree Solutions,3.8,(118),799,21,18,6,1
Teceze Consultancy Services,3.6,(118),312,41,2,18,4
Pushpanjali Hospital & Research Centre,4.0,(118),425,5,2,6,4
Bangalore Baptist Hospital,4.5,(118),382,2,--,11,--
Datapro,4.0,(118),470,6,2,5,--
Technocraze Computing Solution,2.6,(118),368,12,--,3,5
Borderless Access Panels,3.4,(118),564,3,3,6,--
Delfingen,3.6,(118),659,7,1,11,--
iB Hubs,4.1,(118),218,6,--,73,--
HP Global e-Business Operations,4.2,(118),522,9,--,18,--
Forever 21,3.8,(119),233,2,--,12,--
Gram Tarang Employability Training Services,3.6,(118),348,6,--,16,--
AccioJob,3.6,(118),415,54,1,1,--
IMS Proschool,4.3,(118),292,14,6,13,--
Encore Healthcare,3.6,(120),399,1,5,4,--
MyOperator,3.7,(118),426,41,4,9,3
ACS Group,3.4,(118),695,15,--,29,--
Analog Devices,4.0,(119),1.2k,34,94,5,--
JIVAH,3.8,(118),144,13,4,2,2
Securitrans India,3.8,(118),342,8,--,13,--
Hamad Medical Corporation,4.1,(118),248,5,--,18,--
Teaching at home,4.4,(118),833,25,--,6,--
Lark Laboratories (I),3.1,(120),353,9,--,8,--
Arya Iron & Steel Co.,4.3,(119),452,12,--,11,--
Modern Construction Company,3.6,(118),438,2,--,8,--
Parsvnath Developers,2.9,(119),415,4,--,6,--
SDG Software,3.7,(119),552,11,10,15,3
Udaan Express,4.2,(118),205,7,--,7,--
SGD PHARMA,3.4,(119),629,8,2,13,--
State Bank of Mauritius,3.5,(118),600,3,--,4,--
GoldenSource,3.1,(118),925,13,10,12,--
Le Marche,3.3,(118),410,8,1,13,--
Amit Metaliks,3.2,(118),475,19,--,7,--
Lotus Dairy Products,4.1,(119),387,5,--,5,--
CLSA,3.1,(118),749,10,46,10,--
Saudi Arabian Airlines,4.0,(118),277,5,--,8,--
Norisys Technology,4.4,(118),389,8,26,1,--
Associated Power Structures,4.2,(118),386,5,9,12,--
Seagate,3.4,(118),722,20,--,10,5
Nirvana Solutions,3.0,(118),639,27,--,8,--
IT Convergence,3.3,(118),887,10,--,8,--
My Engineering Buddy,4.7,(118),6,9,--,1,--
Medsource Ozone Biomedicals,3.4,(118),396,8,4,9,--
ASC Infratech,3.9,(118),386,23,6,11,1
Rsb Infrastructure,3.5,(118),463,6,2,6,--
Wago,4.1,(118),517,9,1,6,--
Pushp Brand Spices,3.9,(118),225,6,--,4,4
Syren Technologies,3.4,(118),637,12,27,4,--
